Name,Org,Pos,Age,PA,AB,Pitches,xwOBA,wOBA,PS Score,Agg,Contact Quality,Max Velo,xwOBA,xBA,xSLG,Barrels,BB%,Chase%,EV,Hard Hit%,K%,L°,Whiff%,Swing%,Z-Swing%,Z-Contact%,SwStr%,xBA,xSLG,Barrels,BB%,Chase%,EV,Hard Hit%,K%,L°,Whiff%,BA,OBP,SLG,BABIP,PA/Barrels,Barrels,BB,2B,3B,Hits,HR,K,Swings,Whiffs,Swing%,Z-Swing%,Z-Contact%,SwStr%
Seth Hernandez,PIT,SP,19,102,94,371,.179,.212,1,0.7702306079664569,0.5841194968553459,0.9849056603773584,0.9748427672955975,0.9433962264150944,0.9150943396226415,0.5691823899371069,0.8522012578616353,0.9748427672955975,0.32075471698113206,0.5314465408805031,0.9748427672955975,0.20754716981132076,0.9937106918238994,0.7773584905660378,0.5094339622641509,0.9937106918238994,1,.126,.183,4.3,6.9,36.75675675675676,88.6,34.8,47.1,15.7,52.1,.138,.206,.255,.250,1.96078431372549,2,7,3,1,13,2,48,188,98,50.67385444743935,64.51612903225806,58.33333333333334,26.41509433962264
Nate Payne,MIA,SP,20,57,51,235,.245,.290,0.9937106918238994,0.6352725366876311,0.3584905660377358,0.6547169811320754,0.8301886792452831,0.8238993710691824,0.5440251572327044,0.13522012578616352,0.8427672955974843,0.9559748427672956,0.12264150943396226,0.6320754716981132,0.9245283018867925,0.23270440251572327,0.9245283018867925,0.8339622641509434,0.11320754716981132,0.9025157232704403,0.9811320754716981,.152,.296,11.1,7,35.714285714285715,90.8,33.3,42.1,15.3,42.3,.216,.298,.333,.385,5.263157894736842,3,4,3,0,11,1,24,123,52,52.34042553191489,71.55963302752293,69.23076923076923,22.127659574468087
Riley Quick,MIN,SP,22,28,25,117,.116,.108,0.9874213836477987,0.9319706498951782,0.9701257861635221,0.9226415094339624,1,0.9937106918238994,1,0.8962264150943396,0.610062893081761,0.8742138364779874,1,0.9842767295597484,0.9622641509433962,0.9842767295597484,0.9559748427672956,0.6792452830188679,0.559748427672956,0.7704402515723271,0.9748427672955975,.050,.054,0,10.7,33.33333333333333,78,16.7,46.4,"'-4.4",43.9,.040,.143,.040,.083,0,0,3,0,0,1,0,13,57,25,48.71794871794872,63.33333333333333,73.68421052631578,21.367521367521366
Keyner Benitez,MIA,SP,19,75,65,307,.223,.210,0.9811320754716981,0.8255241090146751,0.914308176100629,0.7679245283018868,0.9339622641509434,0.8364779874213837,0.8930817610062893,0.8962264150943396,0.4968553459119497,0.8176100628930818,0.9937106918238994,0.8742138364779874,0.6729559748427673,0.9056603773584906,0.8176100628930818,0.6377358490566037,0.2893081761006289,0.6918238993710691,0.8742138364779874,.148,.194,0,12,31.176470588235286,79.1,26.8,30.7,1,37.4,.108,.227,.200,.125,0,0,9,0,0,7,2,23,147,55,47.88273615635178,68.61313868613139,75.53191489361703,17.91530944625407
Ovis Portes,CIN,SP,21,35,32,148,.293,.236,0.9748427672955975,0.48176100628930824,0.07154088050314465,0.9132075471698112,0.5440251572327044,0.3081761006289308,0.16981132075471697,0.08176100628930817,0.9056603773584906,0.7610062893081762,0.006289308176100629,0.02830188679245283,0.9874213836477987,0.13836477987421383,0.9371069182389937,0.8226415094339623,0.4276729559748428,0.9748427672955975,0.9874213836477987,.230,.402,12.5,5.7,30.50847457627119,95.9,56.2,48.6,17.5,42.9,.188,.229,.313,.375,5.7142857142857135,2,2,0,2,6,0,17,77,33,52.02702702702703,66.29213483146067,62.711864406779654,22.297297297297302
Nicolas Carreno,NYM,SP,19,81,66,331,.273,.288,0.9685534591194969,0.6058700209643607,0.44261006289308175,0.8679245283018868,0.6949685534591195,0.7924528301886793,0.5660377358490566,0.16037735849056603,0.4716981132075472,0.6855345911949685,0.34276729559748426,0.7012578616352201,0.8427672955974843,0.29559748427672955,0.8490566037735849,0.44150943396226416,0.6226415094339622,0.6855345911949685,0.8050314465408805,.156,.293,10.5,12.3,28.651685393258425,88.5,31.6,37,14.3,38.4,.167,.300,.318,.257,4.938271604938271,4,10,2,1,11,2,30,146,56,44.10876132930513,62.09150326797386,75.78947368421053,16.91842900302115
Edgar Colon,CIN,SP,20,33,29,131,.304,.361,0.9622641509433962,0.514937106918239,0.14858490566037735,0.9056603773584906,0.4371069182389937,0.42138364779874216,0.25471698113207547,0.13522012578616352,0.7264150943396226,0.6666666666666666,0.031446540880503145,0.17295597484276728,0.7421383647798742,0.8301886792452831,0.8553459119496856,0.8603773584905661,0.050314465408805034,0.9245283018867925,0.949685534591195,.214,.372,11.1,9.1,28.33333333333333,93,44.4,33.3,2.8,38.6,.241,.333,.483,.313,6.0606060606060606,2,3,1,0,7,2,11,70,27,53.435114503816784,74.64788732394365,67.9245283018868,20.610687022900766
Malachi Witherspoon,DET,SP,21,88,79,330,.266,.337,0.9559748427672956,0.7613731656184487,0.7044025157232705,0.9226415094339624,0.7264150943396226,0.44654088050314467,0.5849056603773585,0.7830188679245284,0.8647798742138365,0.89937106918239,0.8616352201257862,0.5880503144654088,0.7295597484276729,0.9182389937106918,0.8113207547169812,0.6830188679245283,0.5471698113207547,0.5345911949685535,0.89937106918239,.211,.286,2,6.8,33.74233128834356,84.2,34,33,0.4,37.3,.266,.330,.430,.388,1.1363636363636365,1,6,5,1,21,2,29,161,60,48.78787878787879,63.47305389221557,77.35849056603773,18.181818181818183
Reinold Navarro,PIT,SP,19,75,58,355,.308,.345,0.949685534591195,0.5213836477987421,0.5141509433962264,0.9358490566037736,0.41823899371069184,0.6792452830188679,0.6792452830188679,0.4276729559748428,0.09433962264150944,0.2578616352201258,0.39937106918238996,0.550314465408805,0.789308176100629,0.11949685534591195,0.9056603773584906,0.15849056603773584,0.6163522012578616,0.9559748427672956,0.7610062893081762,.180,.263,6.2,22.7,21.84466019417476,88,34.4,34.7,18.4,41.3,.190,.373,.362,.276,2.666666666666667,2,17,1,0,11,3,26,138,57,38.87323943661972,62.416107382550344,66.66666666666666,16.056338028169016
Brad Pacheco,PHI,SP,20,92,84,313,.224,.324,0.9433962264150944,0.6608490566037737,0.5361635220125787,0.8547169811320755,0.9182389937106918,0.7295597484276729,0.6729559748427673,0.6194968553459119,0.8867924528301887,0.6792452830188679,0.5251572327044025,0.3270440251572327,0.6163522012578616,0.5974842767295597,0.5031446540880503,0.9396226415094341,0.15723270440251572,0.6415094339622641,0.8113207547169812,.168,.264,3.4,6.5,28.57142857142857,87.1,39.7,29.3,8.7,29.9,.250,.304,.429,.315,2.1739130434782608,2,6,3,0,21,4,27,177,53,56.549520766773156,70.67307692307693,76.19047619047619,16.93290734824281
Ben Jacobs,DET,SP,21,63,57,274,.214,.182,0.9371069182389937,0.6810272536687632,0.5817610062893082,0.5622641509433962,0.9622641509433962,0.89937106918239,0.7421383647798742,0.44654088050314467,0.6981132075471698,0.610062893081761,0.6729559748427673,0.46540880503144655,0.8742138364779874,0.3270440251572327,0.9119496855345912,0.7660377358490567,0.1069182389937107,0.9308176100628931,0.9685534591194969,.138,.242,6.1,9.5,27.27272727272727,86.2,36.4,38.1,14,42,.140,.222,.140,.242,3.1746031746031744,2,6,0,0,8,0,24,138,58,50.36496350364965,71.83098591549296,67.64705882352942,21.16788321167883
Gage Wood,PHI,SP,22,75,66,302,.218,.270,0.9308176100628931,0.770230607966457,0.6729559748427673,0.8905660377358491,0.9559748427672956,0.8490566037735849,0.8836477987421384,0.6886792452830188,0.610062893081761,0.7232704402515723,0.5534591194968553,0.5660377358490566,0.89937106918239,0.7358490566037735,0.8867924528301887,0.6943396226415094,0.3050314465408805,0.8616352201257862,0.9371069182389937,.145,.202,2.9,10.7,29.72972972972973,86.9,34.3,40,5.3,40.3,.182,.280,.303,.314,1.3333333333333337,1,8,3,1,12,1,30,149,60,49.33774834437087,68.18181818181817,71.42857142857143,19.86754966887417
Juan De La Cruz,MIA,RP,21,36,30,153,.223,.312,0.9245283018867925,0.756027253668763,0.64937106918239,0.8679245283018868,0.9339622641509434,0.9685534591194969,0.9025157232704403,0.1918238993710692,0.4088050314465409,0.5471698113207547,0.7327044025157232,0.7704402515723271,0.9937106918238994,0.8553459119496856,0.89937106918239,0.14339622641509436,0.9622641509433962,0.8364779874213837,0.7232704402515723,.109,.190,10,13.9,26.02739726027397,85.7,30,55.6,2.2,40.7,.200,.333,.333,.556,2.7777777777777777,1,5,1,0,6,1,20,59,24,38.56209150326797,50,72.5,15.68627450980392
Elier Morillo,MIA,RP,20,62,50,254,.224,.302,0.9182389937106918,0.7628930817610063,0.7578616352201257,0.3716981132075472,0.9182389937106918,0.9811320754716981,0.9811320754716981,0.5471698113207547,0.6855345911949685,0.49056603773584906,0.8710691823899371,0.6320754716981132,0.9685534591194969,0.720125786163522,0.9874213836477987,0.16981132075471694,0.9056603773584906,0.9874213836477987,0.9056603773584906,.107,.134,4.8,9.7,25.384615384615387,84.1,33.3,46.8,5.9,48.5,.180,.339,.280,.400,1.6129032258064515,1,6,2,0,9,1,29,99,48,38.976377952755904,53.225806451612904,60.60606060606061,18.89763779527559
Patrick Galle,STL,RP,22,23,17,103,.221,.185,0.9119496855345912,0.630188679245283,0.4787735849056604,0.9773584905660376,0.9465408805031447,1,0.9937106918238994,0.8962264150943396,0.11006289308176101,0.5786163522012578,0.018867924528301886,0.006289308176100629,1,0.03459119496855346,1,0.4339622641509434,0.5408805031446541,0.9685534591194969,0.9937106918238994,.047,.066,0,21.7,26.785714285714285,93.8,66.7,60.9,25.3,55.6,.000,.261,.000,.000,0,0,5,0,0,0,0,14,45,25,43.68932038834952,63.829787234042556,63.33333333333333,24.271844660194176
James Ellwanger,MIN,SP,21,44,39,174,.241,.142,0.9056603773584906,0.6484276729559748,0.5298742138364779,0.9226415094339624,0.8427672955974843,0.6226415094339622,0.7735849056603774,0.8962264150943396,0.5440251572327044,0.4276729559748428,0.22012578616352202,0.22955974842767296,0.7672955974842768,0.9119496855345912,0.6226415094339622,0.4452830188679245,0.4591194968553459,0.5094339622641509,0.6226415094339622,.185,.229,0,11.4,24.444444444444446,89.4,41.7,34.1,0.8,32.5,.077,.182,.077,.125,0,0,5,0,0,3,0,15,77,25,44.2528735632184,65.47619047619048,78.18181818181819,14.367816091954026
Julio Mendez,MIA,SP,21,95,81,366,.254,.279,0.89937106918239,0.6466981132075471,0.8427672955974843,0.4113207547169812,0.7830188679245284,0.6226415094339622,0.8364779874213837,0.8962264150943396,0.4339622641509434,0.20754716981132076,0.7138364779874213,0.9245283018867925,0.7547169811320755,0.39308176100628933,0.7830188679245284,0.3018867924528302,0.7295597484276729,0.7484276729559748,0.6918238993710691,.185,.219,0,12.6,20.35928143712575,85.8,22.4,33.7,12.7,36.6,.222,.337,.235,.367,0,0,12,1,0,18,0,32,153,56,41.80327868852459,59.79899497487438,73.94957983193278,15.300546448087433
Kolten Smith,MIN,SP,22,48,43,190,.234,.287,0.8930817610062893,0.62541928721174,0.52437106918239,0.4735849056603774,0.8679245283018868,0.6540880503144654,0.6477987421383647,0.5943396226415094,0.779874213836478,0.4339622641509434,0.3710691823899371,0.48427672955974843,0.8930817610062893,0.34276729559748426,0.9622641509433962,0.43018867924528303,0.33647798742138363,0.8930817610062893,0.9245283018867925,.183,.270,4,8.3,24.52830188679245,88.3,36,39.6,13.6,44.6,.233,.292,.349,.375,2.083333333333333,1,4,2,0,10,1,19,83,37,43.684210526315795,67.85714285714286,70.17543859649122,19.473684210526315
Nelfy Ynfante,STL,RP,21,35,33,131,.153,.118,0.8867924528301887,0.7628406708595389,0.9567610062893082,0.5849056603773585,0.9905660377358491,0.9339622641509434,0.9685534591194969,0.8962264150943396,0.9056603773584906,0.8018867924528302,0.9622641509433962,1,0.6918238993710691,0.025157232704402517,0.39308176100628933,0.6566037735849056,0.6666666666666666,0.39622641509433965,0.4968553459119497,.128,.145,0,5.7,31.03448275862069,81.7,9.5,31.4,25.5,28.6,.091,.143,.091,.136,0,0,2,0,0,3,0,11,63,18,48.091603053435115,61.64383561643836,80,13.740458015267176
Levi Sterling,PIT,SP,19,112,98,413,.302,.337,0.8805031446540881,0.4794025157232704,0.3954402515723271,0.4981132075471698,0.46540880503144655,0.4276729559748428,0.3238993710691824,0.330188679245283,0.610062893081761,0.7547169811320755,0.4559748427672956,0.4716981132075472,0.5157232704402516,0.3018867924528302,0.5974842767295597,0.4792452830188679,0.6981132075471698,0.3836477987421384,0.60062893081761,.213,.358,7.2,10.7,30.373831775700932,87.7,36.2,26.8,14.2,31.7,.235,.321,.439,.281,4.464285714285714,5,12,5,0,23,5,30,186,59,45.0363196125908,60.80402010050251,80.16528925619834,14.285714285714285
Cale Wetwiska,DET,SP,21,28,25,122,.349,.464,0.8742138364779874,0.3737421383647799,0.06446540880503145,0.8905660377358491,0.17295597484276728,0.1289308176100629,0.06918238993710692,0.08176100628930817,0.610062893081761,0.18238993710691823,0.07861635220125786,0.02830188679245283,0.710691823899371,0.9433962264150944,0.5880503144654088,0.5773584905660377,0.20754716981132076,0.940251572327044,0.6635220125786163,.270,.449,12.5,10.7,19.642857142857142,91.6,56.2,32.1,"'-2.2",31.6,.360,.429,.640,.500,7.142857142857142,2,3,1,0,9,2,9,57,18,46.72131147540984,69.6969696969697,67.3913043478261,14.754098360655734
Nolan Perry,TOR,SP,22,78,70,324,.211,.214,0.8679245283018868,0.6529874213836478,0.4410377358490566,0.6283018867924528,0.9685534591194969,0.8742138364779874,0.8427672955974843,0.7264150943396226,0.8081761006289309,0.8490566037735849,0.09433962264150944,0.10062893081761007,0.9119496855345912,0.31446540880503143,0.7169811320754716,0.5283018867924528,0.6037735849056604,0.20754716981132076,0.7515723270440252,.142,.215,2.6,7.7,32.20338983050847,91.3,47.4,41,14.1,34.9,.114,.205,.257,.189,1.282051282051282,1,6,3,2,8,1,32,149,52,45.987654320987644,62.585034013605444,83.69565217391305,16.049382716049386
Ramiro Villanueva,MIN,SP,20,26,20,118,.261,.232,0.8616352201257862,0.5922431865828092,0.8514150943396226,0.7264150943396226,0.7515723270440252,0.9213836477987422,0.9433962264150944,0.8962264150943396,0.0880503144654088,0.22012578616352202,0.7138364779874213,0.8522012578616353,0.779874213836478,0.05660377358490566,0.15723270440251572,0.19245283018867929,0.6477987421383647,0.44339622641509435,0.1069182389937107,.129,.164,0,23.1,20.634920634920636,85.8,27.3,34.6,24,23.4,.100,.308,.100,.182,0,0,6,0,0,2,0,9,47,11,39.83050847457627,61.81818181818181,79.41176470588233,9.322033898305083
Jacob Odle,STL,SP,22,106,92,450,.266,.309,0.8553459119496856,0.6185010482180292,0.4056603773584906,0.9660377358490566,0.7264150943396226,0.5534591194968553,0.6635220125786163,0.6194968553459119,0.4716981132075472,0.9213836477987422,0.1792452830188679,0.16037735849056603,0.710691823899371,0.8616352201257862,0.5880503144654088,0.4150943396226415,0.9748427672955975,0.44339622641509435,0.5031446540880503,.196,.265,3.4,12.3,34.285714285714285,89.9,44.8,32.1,1.9,31.6,.228,.330,.337,.339,1.8867924528301887,2,13,4,0,21,2,34,196,62,43.55555555555554,49.45454545454545,79.41176470588233,13.777777777777779
Dylan Watts,TOR,SP,21,88,77,352,.320,.345,0.8490566037735849,0.48401467505241086,0.44496855345911945,0.8113207547169812,0.3333333333333333,0.22641509433962265,0.2641509433962264,0.6069182389937107,0.5440251572327044,0.789308176100629,0.32075471698113206,0.5880503144654088,0.5471698113207547,0.2138364779874214,0.5628930817610063,0.7339622641509433,0.17295597484276728,0.33962264150943394,0.7169811320754716,.246,.370,3.8,11.4,30.76923076923077,88.6,34,27.3,15.5,31.3,.247,.341,.429,.320,2.272727272727273,2,10,3,1,19,3,24,176,55,50,70.58823529411767,80.83333333333333,15.625
Charlie Christensen,DET,SP,22,54,47,233,.247,.240,0.8427672955974843,0.6598532494758911,0.5573899371069183,0.5377358490566038,0.8144654088050315,0.6226415094339622,0.710691823899371,0.8962264150943396,0.8176100628930818,0.8742138364779874,0.5534591194968553,0.06918238993710692,0.7987421383647799,0.7044025157232704,0.5188679245283019,0.8716981132075472,0.22012578616352202,0.5849056603773585,0.7861635220125787,.185,.258,0,7.4,33.33333333333333,86.9,50,35.2,6.1,30.4,.213,.278,.234,.333,0,0,4,1,0,10,0,19,125,38,53.6480686695279,69.46564885496184,76.92307692307693,16.30901287553648
Jose Chirinos,NYM,SP,21,72,63,258,.257,.277,0.8364779874213837,0.6218029350104821,0.8278301886792454,0.43018867924528303,0.7641509433962265,0.4716981132075472,0.6194968553459119,0.7735849056603774,0.8522012578616353,0.4968553459119497,0.949685534591195,0.9685534591194969,0.3584905660377358,0.27358490566037735,0.5031446540880503,0.6867924528301886,0.17295597484276728,0.5566037735849056,0.6540880503144654,.209,.277,2.1,6.9,25.409836065573767,82.1,18.8,23.6,14.8,29.9,.222,.292,.317,.277,1.3888888888888888,1,5,1,1,14,1,17,127,38,49.224806201550386,70.58823529411767,77.08333333333334,14.728682170542635
Stharlin Torres,CIN,SP,19,42,37,137,.247,.307,0.8301886792452831,0.48794549266247383,0.4834905660377358,0.18867924528301888,0.8144654088050315,0.4339622641509434,0.60062893081761,0.8962264150943396,0.8301886792452831,0.8018867924528302,0.05660377358490566,0.3805031446540881,0.36792452830188677,0.1949685534591195,0.2893081761006289,0.8113207547169812,0.3805031446540881,0.16352201257861634,0.5220125786163522,.212,.283,0,7.1,31.03448275862069,91.9,37.9,23.8,16,26.8,.243,.286,.432,.286,0,0,3,2,1,9,1,10,71,19,51.824817518248175,67.08860759493672,84.90566037735849,13.86861313868613
Kyle McCoy,CIN,RP,22,28,27,110,.229,.278,0.8238993710691824,0.7169287211740042,0.6800314465408805,0.4490566037735849,0.8930817610062893,0.22641509433962265,0.5314465408805031,0.8962264150943396,1,0.9937106918238994,0.8490566037735849,0.44339622641509435,0.710691823899371,0.9937106918238994,0.6163522012578616,0.7811320754716982,0.8364779874213837,0.2610062893081761,0.7924528301886793,.246,.298,0,0,41.860465116279066,84.4,36.8,32.1,"'-10.8",32.1,.259,.250,.407,.368,0,0,0,2,1,7,0,9,56,18,50.90909090909091,56.71641791044776,81.57894736842105,16.363636363636363
Sean Youngerman,PHI,SP,21,63,58,263,.290,.342,0.8176100628930818,0.4842243186582809,0.34905660377358494,0.4490566037735849,0.5566037735849056,0.5094339622641509,0.1761006289308176,0.20754716981132076,0.8930817610062893,0.3836477987421384,0.5094339622641509,0.5031446540880503,0.4559748427672956,0.46226415094339623,0.7044025157232704,0.4716981132075472,0.4056603773584906,0.8427672955974843,0.710691823899371,.202,.400,9.5,6.3,23.88059701492537,87.2,35.7,25.4,11.4,34.7,.224,.286,.500,.237,6.349206349206349,4,4,4,0,13,4,16,118,41,44.86692015209125,66.66666666666666,72.09302325581395,15.5893536121673
Dameivi Tineo,MIA,SP,22,49,39,213,.288,.279,0.8113207547169812,0.6018343815513626,0.5558176100628931,0.8226415094339623,0.5723270440251572,0.7232704402515723,0.7295597484276729,0.16037735849056603,0.1320754716981132,0.3018867924528302,0.6320754716981132,0.7012578616352201,0.9056603773584906,0.6792452830188679,0.8616352201257862,0.4566037735849057,0.8490566037735849,0.9025157232704403,0.8238993710691824,.171,.249,10.5,20.4,22.666666666666664,86.5,31.6,40.8,6.7,38.9,.154,.327,.231,.278,4.081632653061225,2,10,0,0,6,1,20,95,37,44.600938967136145,56.52173913043478,69.23076923076923,17.370892018779344
Manuel Genao,MIA,SP,20,100,87,361,.341,.367,0.8050314465408805,0.47641509433962265,0.43003144654088055,0.7264150943396226,0.22955974842767296,0.20754716981132076,0.22641509433962265,0.330188679245283,0.7452830188679245,0.779874213836478,0.7547169811320755,0.4088050314465409,0.16352201257861634,0.660377358490566,0.48427672955974843,0.7584905660377359,0.2358490566037736,0.24528301886792453,0.6729559748427673,.250,.381,7.2,9,30.726256983240226,85.5,37.7,19,7.1,29.8,.299,.380,.437,.348,5,5,9,3,0,26,3,19,181,54,50.13850415512464,69.23076923076923,81.74603174603175,14.958448753462605
Emilio Obispo,NYM,SP,19,38,32,150,.282,.278,0.7987421383647799,0.48805031446540875,0.6517295597484276,0.7528301886792453,0.6163522012578616,0.29245283018867924,0.4937106918238994,0.8962264150943396,0.6320754716981132,0.03773584905660377,0.3522012578616352,0.8647798742138365,0.24213836477987422,0.39308176100628933,0.2830188679245283,0.20943396226415092,0.25157232704402516,0.330188679245283,0.22641509433962265,.231,.308,0,10.5,15.853658536585364,88.4,26.9,21.1,12.7,26.7,.219,.297,.313,.280,0,0,4,3,0,7,0,8,60,16,40,69.11764705882352,80.85106382978722,10.666666666666668
Mac Heuer,NYY,SP,21,26,22,111,.365,.308,0.7924528301886793,0.40414046121593294,0.30424528301886794,0.7773584905660378,0.09119496855345911,0.0660377358490566,0.14150943396226415,0.4276729559748428,0.36792452830188677,0.8427672955974843,0.23270440251572327,0.41509433962264153,0.32075471698113206,0.5911949685534591,0.5754716981132075,0.6754716981132075,0.46540880503144655,0.7169811320754716,0.6981132075471698,.288,.413,6.2,15.4,32.142857142857146,89.2,37.5,23.1,8.9,31.5,.182,.308,.364,.200,3.8461538461538463,1,4,1,0,4,1,6,54,17,48.64864864864865,65.45454545454545,75,15.315315315315313
Jeter Martinez,PIT,SP,20,85,69,347,.295,.317,0.7861635220125787,0.4860062893081762,0.5479559748427673,0.4735849056603774,0.5125786163522013,0.49056603773584906,0.5314465408805031,0.44654088050314467,0.29245283018867924,0.37735849056603776,0.5377358490566038,0.6761006289308176,0.46855345911949686,0.36163522012578614,0.6635220125786163,0.18867924528301888,0.6918238993710691,0.37735849056603776,0.4276729559748428,.206,.298,6.1,16.5,23.737373737373733,87,32.7,25.9,13.2,33.3,.232,.353,.333,.327,3.5294117647058822,3,14,7,0,16,0,22,138,46,39.769452449567716,61.073825503355714,80.21978021978022,13.25648414985591
Cody Bowker,PHI,SP,22,70,58,286,.308,.336,0.779874213836478,0.4622117400419287,0.29795597484276726,0.43018867924528303,0.41823899371069184,0.8301886792452831,0.15723270440251572,0.018867924528301886,0.5440251572327044,0.33962264150943394,0.7452830188679245,0.27044025157232704,0.949685534591195,0.12578616352201258,0.7169811320754716,0.4830188679245283,0.5974842767295597,0.8207547169811321,0.7295597484276729,.149,.406,22.2,11.4,23.4375,85.6,40.7,44.3,17.9,34.9,.172,.300,.466,.250,8.571428571428571,6,8,3,1,10,4,31,129,45,45.10489510489511,62.65822784810127,72.72727272727273,15.734265734265735
Christian Rodriguez,NYM,RP,21,49,44,164,.278,.296,0.7735849056603774,0.590461215932914,0.5558176100628931,0.6547169811320754,0.6540880503144654,0.3836477987421384,0.4937106918238994,0.6540880503144654,0.9654088050314465,0.6194968553459119,0.5251572327044025,0.550314465408805,0.4119496855345912,0.779874213836478,0.39308176100628933,0.7962264150943397,0.06918238993710692,0.6792452830188679,0.6477987421383647,.218,.308,3.1,4.1,27.500000000000004,87.1,34.4,24.5,4.3,28.6,.227,.306,.341,.313,2.0408163265306123,1,2,3,1,10,0,12,84,24,51.21951219512196,73.80952380952381,75.80645161290323,14.634146341463413
Cade Crossland,STL,SP,22,116,90,488,.312,.318,0.7672955974842768,0.5406184486373165,0.6375786163522013,0.6037735849056604,0.3805031446540881,0.6886792452830188,0.559748427672956,0.5062893081761006,0.15723270440251572,0.6540880503144654,0.8081761006289309,0.6761006289308176,0.6855345911949685,0.09433962264150944,0.6729559748427673,0.3962264150943397,0.4056603773584906,0.4528301886792453,0.6635220125786163,.178,.294,5.5,19.8,27.986348122866893,85.1,32.7,31,20.2,34,.189,.362,.300,.283,2.586206896551724,3,23,4,0,17,2,36,212,72,43.442622950819676,66.66666666666666,79.23076923076924,14.754098360655734
Marty Gair,PHI,RP,22,38,32,166,.275,.245,0.7610062893081762,0.5387840670859538,0.22169811320754718,0.981132075471698,0.6729559748427673,0.8584905660377359,0.44654088050314467,0.050314465408805034,0.34591194968553457,0.4025157232704403,0.32075471698113206,0.06918238993710692,0.9811320754716981,0.36163522012578614,0.9748427672955975,0.5471698113207547,0.13836477987421383,0.9811320754716981,0.9622641509433962,.144,.321,14.3,15.8,24.13793103448276,88.6,50,47.4,13.2,45.5,.094,.237,.281,.083,5.263157894736842,2,6,0,0,3,2,18,77,35,46.38554216867471,70.88607594936707,60.71428571428571,21.084337349397593
Karson Ligon,TOR,SP,23,25,19,100,.265,.330,0.7547169811320755,0.6451781970649896,0.8121069182389937,0.8679245283018868,0.7358490566037735,0.949685534591195,0.9339622641509434,0.8962264150943396,0.14465408805031446,0.09433962264150944,0.6477987421383647,0.7704402515723271,0.8301886792452831,0.0440251572327044,0.8270440251572327,0.20943396226415092,0.3050314465408805,0.9559748427672956,0.6792452830188679,.123,.166,0,20,17.857142857142858,86.4,30,36,25.2,37.5,.211,.400,.263,.400,0,0,5,1,0,4,0,9,40,15,40,68.18181818181817,66.66666666666666,15
Richie Cortese,PHI,RP,23,41,32,175,.239,.221,0.7484276729559748,0.7814465408805032,0.9473270440251572,0.5849056603773585,0.8553459119496856,0.9748427672955975,0.9748427672955975,0.8962264150943396,0.18553459119496854,0.5943396226415094,0.9685534591194969,0.949685534591195,0.9371069182389937,0.4748427672955975,0.9811320754716981,0.2641509433962264,0.7924528301886793,0.940251572327044,0.9119496855345912,.108,.137,0,19.5,27.08333333333333,81.3,21.4,43.9,11.2,47.2,.094,.293,.094,.214,0,0,8,0,0,3,0,18,72,34,41.14285714285714,58.22784810126582,67.3913043478261,19.428571428571427
Jovi Gálvez,STL,RP,21,46,32,195,.359,.344,0.7421383647798742,0.5177148846960168,0.5275157232704402,0.9547169811320756,0.11320754716981132,0.5251572327044025,0.710691823899371,0.8962264150943396,0.1761006289308176,0.46855345911949686,0.19811320754716982,0.3050314465408805,0.37735849056603776,0.7547169811320755,0.7327044025157232,0.2566037735849057,0.8805031446540881,0.8490566037735849,0.6163522012578616,.199,.258,0,19.6,25,89.8,40,23.9,4.8,35,.188,.435,.219,.286,0,0,9,1,0,6,0,11,80,28,41.02564102564102,55.33980582524271,71.9298245614035,14.358974358974356
Deivi Villafana,CIN,RP,22,35,33,117,.153,.149,0.7358490566037735,0.7710167714884696,0.8537735849056605,0.8339622641509434,0.9905660377358491,0.9213836477987422,0.949685534591195,0.8962264150943396,0.9811320754716981,0.7672955974842768,0.9371069182389937,0.6320754716981132,0.5911949685534591,0.2861635220125786,0.46540880503144655,0.9056603773584906,0.4716981132075472,0.6981132075471698,0.779874213836478,.129,.161,0,2.9,30.555555555555557,82.8,33.3,28.6,14.5,29.7,.152,.171,.152,.208,0,0,1,0,0,5,0,10,64,19,54.70085470085471,65.4320987654321,75.47169811320755,16.23931623931624
Cash Kuiper,DET,SP,21,52,46,174,.358,.390,0.7295597484276729,0.3089098532494759,0.08097484276729561,0.43018867924528303,0.12578616352201258,0.03773584905660377,0.031446540880503145,0.22955974842767296,0.9748427672955975,0.27044025157232704,0.050314465408805034,0.012578616352201259,0.5251572327044025,0.5849056603773585,0.4339622641509434,0.6,0.7861635220125787,0.8113207547169812,0.5094339622641509,.309,.484,8.8,3.8,22.222222222222218,92.4,64.7,26.9,9,29.3,.326,.365,.543,.406,5.769230769230768,3,2,4,0,15,2,14,82,24,47.12643678160919,58.33333333333334,72.85714285714283,13.79310344827586
Allen Facundo,NYY,SP,23,58,49,236,.228,.210,0.7232704402515723,0.7453878406708596,0.7327044025157232,0.7528301886792453,0.89937106918239,0.8584905660377359,0.9245283018867925,0.8962264150943396,0.49056603773584906,0.6477987421383647,0.5786163522012578,0.5314465408805031,0.9308176100628931,0.49056603773584906,0.9433962264150944,0.26037735849056604,0.8238993710691824,0.36163522012578614,0.8679245283018868,.144,.174,0,12.1,27.90697674418605,86.8,34.8,43.1,11.1,43.3,.122,.259,.143,.250,0,0,7,1,0,6,0,25,97,42,41.10169491525424,57.009345794392516,80.327868852459,17.796610169491522
Jose M. Rodriguez,NYY,RP,22,73,59,322,.294,.286,0.7169811320754716,0.5052410901467504,0.3867924528301887,0.9056603773584906,0.5283018867924528,0.6540880503144654,0.4779874213836478,0.12578616352201258,0.3081761006289308,0.5408805031446541,0.23270440251572327,0.710691823899371,0.8113207547169812,0.06918238993710692,0.6981132075471698,0.27547169811320754,0.6289308176100629,0.4716981132075472,0.60062893081761,.183,.311,11.4,16.4,25.94594594594595,89.2,31.4,35.6,21.4,34.6,.186,.324,.271,.313,5.479452054794519,4,12,0,1,11,1,26,133,46,41.30434782608695,62.04379562043797,78.82352941176471,14.285714285714285
Dylan Driessen,STL,RP,21,35,27,166,.323,.367,0.710691823899371,0.4817610062893081,0.44103773584905664,0.7528301886792453,0.3270440251572327,0.2641509433962264,0.6352201257861635,0.8962264150943396,0.2641509433962264,0.4119496855345912,0.10377358490566038,0.1289308176100629,0.8490566037735849,0.8176100628930818,0.330188679245283,0.11320754716981132,0.9811320754716981,0.46540880503144655,0.1949685534591195,.240,.274,0,17.1,24.35897435897436,91,46.7,37.1,3.3,27.4,.259,.400,.407,.429,0,0,6,1,0,7,1,13,62,17,37.34939759036144,48.86363636363637,79.06976744186046,10.240963855421684
Camron Hill,PHI,RP,22,32,23,127,.281,.200,0.7044025157232704,0.7526729559748427,0.9025157232704403,0.5226415094339623,0.6226415094339622,0.9622641509433962,0.9622641509433962,0.8962264150943396,0.10062893081761007,0.949685534591195,0.839622641509434,0.9119496855345912,0.7735849056603774,0.6226415094339622,0.8679245283018868,0.5509433962264151,0.9119496855345912,0.8616352201257862,0.889937106918239,.114,.147,0,21.9,35.41666666666667,84.5,25,34.4,8.2,39,.000,.281,.000,.000,0,0,7,0,0,0,0,11,59,23,46.45669291338583,53.16455696202531,71.42857142857143,18.11023622047244
Ethan Young,STL,SP,22,116,102,438,.300,.377,0.6981132075471698,0.4722746331236897,0.46147798742138363,0.6547169811320754,0.4779874213836478,0.27044025157232704,0.42138364779874216,0.5062893081761006,0.5628930817610063,0.7735849056603774,0.48742138364779874,0.4308176100628931,0.4339622641509434,0.16352201257861634,0.48427672955974843,0.6188679245283019,0.389937106918239,0.14779874213836477,0.5849056603773585,.237,.328,5.5,11.2,30.638297872340427,87.4,37,25,16.6,29.8,.304,.388,.451,.400,3.4482758620689653,4,13,6,0,31,3,29,208,62,47.48858447488585,66.99507389162561,85.29411764705883,14.15525114155251
Reed Moring,MIN,SP,21,73,64,255,.358,.300,0.6918238993710691,0.3403039832285115,0.12028301886792453,0.3320754716981132,0.12578616352201258,0.16666666666666666,0.0440251572327044,0.06289308176100629,0.5723270440251572,0.7169811320754716,0.24528301886792453,0.1289308176100629,0.5534591194968553,0.5062893081761006,0.6289308176100629,0.8886792452830189,0.025157232704402517,0.49056603773584906,0.8427672955974843,.257,.472,13.3,11,29.66101694915254,89.1,46.7,27.4,10.9,32.6,.250,.329,.328,.356,8.21917808219178,6,8,3,1,16,0,20,138,45,54.11764705882353,75.18248175182481,78.64077669902912,17.647058823529417
Jake Clemente,MIA,SP,22,93,73,376,.298,.314,0.6855345911949685,0.590985324947589,0.6776729559748427,0.7679245283018868,0.48427672955974843,0.7075471698113207,0.6415094339622641,0.5691823899371069,0.2578616352201258,0.29559748427672955,0.7138364779874213,0.7861635220125787,0.5251572327044025,0.7044025157232704,0.6383647798742138,0.2452830188679245,0.5723270440251572,0.7861635220125787,0.44654088050314467,.175,.271,4.3,17.2,22.59615384615385,85.8,29.8,26.9,6.1,32.7,.192,.355,.301,.255,2.1505376344086025,2,16,2,0,14,2,25,153,50,40.69148936170213,63.0952380952381,73.58490566037736,13.297872340425535
Ernesto Mercedes,NYM,RP,22,27,17,123,.317,.397,0.6792452830188679,0.7185534591194968,0.8742138364779874,0.8679245283018868,0.3522012578616352,0.9874213836477987,0.9874213836477987,0.8962264150943396,0.012578616352201259,0.44654088050314467,0.6194968553459119,0.9937106918238994,0.6352201257861635,0.9308176100628931,0.8930817610062893,0.32452830188679244,0.3270440251572327,0.6194968553459119,0.8176100628930818,.092,.104,0,29.6,24.65753424657534,86.6,11.1,29.6,"'-0.7",40.4,.235,.519,.235,.444,0,0,8,0,0,4,0,8,52,21,42.27642276422765,68,76.47058823529412,17.073170731707318
Lisnerkin Lantigua,CIN,SP,21,25,19,108,.310,.437,0.6729559748427673,0.4909853249475891,0.6171383647798743,0.3320754716981132,0.39622641509433965,0.5440251572327044,0.7672955974842768,0.8962264150943396,0.0660377358490566,0.46855345911949686,0.660377358490566,0.14465408805031446,0.3867924528301887,0.5408805031446541,0.6886792452830188,0.06037735849056604,0.9308176100628931,0.6415094339622641,0.32075471698113206,.197,.230,0,24,25,86.3,46.2,24,9.8,34.2,.368,.520,.421,.538,0,0,6,1,0,7,0,6,38,13,35.185185185185176,52.5,76.19047619047619,12.037037037037035
Grayson Grinsell,DET,SP,22,96,82,386,.293,.253,0.6666666666666666,0.3904612159329141,0.2382075471698113,0.14150943396226415,0.5440251572327044,0.5440251572327044,0.33962264150943394,0.14779874213836477,0.5251572327044025,0.5094339622641509,0.20754716981132076,0.2578616352201258,0.610062893081761,0.08490566037735849,0.7735849056603774,0.4075471698113208,0.44025157232704404,0.8805031446540881,0.7358490566037735,.197,.357,10.7,11.5,25.58139534883721,89.6,41.1,29.2,20.3,36.3,.146,.250,.305,.185,6.25,6,11,3,2,12,2,28,168,61,43.523316062176164,66.08187134502924,70.79646017699116,15.803108808290155
Michael Hilker,MIN,RP,21,68,56,271,.297,.276,0.660377358490566,0.5662997903563941,0.7578616352201257,0.08490566037735849,0.4937106918238994,0.39622641509433965,0.6886792452830188,0.8962264150943396,0.32075471698113206,0.660377358490566,0.6037735849056604,0.8427672955974843,0.6226415094339622,0.5062893081761006,0.6792452830188679,0.6226415094339622,0.12578616352201258,0.5786163522012578,0.7735849056603774,.217,.262,0,16.2,28.187919463087248,86.7,27.8,29.4,10.9,34.1,.196,.338,.214,.306,0,0,11,1,0,11,0,20,129,44,47.60147601476015,71.31147540983606,77.01149425287356,16.236162361623617
Adolfo Oviedo,PIT,RP,21,43,40,146,.312,.244,0.6540880503144654,0.5252620545073375,0.5338050314465409,0.4981132075471698,0.3805031446540881,0.1069182389937107,0.23270440251572327,0.6352201257861635,0.9433962264150944,0.9308176100628931,0.4968553459119497,0.7704402515723271,0.3270440251572327,0.7547169811320755,0.22641509433962265,0.9433962264150944,0.018867924528301886,0.15723270440251572,0.6352201257861635,.275,.380,3.3,4.7,34.328358208955216,87.3,30,23.3,4.8,25.3,.200,.256,.275,.267,2.3255813953488373,1,2,3,0,8,0,10,83,21,56.849315068493155,75.9493670886076,85,14.383561643835616
Tyler Boudreau,FA,SP,23,98,83,383,.277,.290,0.6477987421383647,0.5363731656184487,0.30738993710691825,0.5622641509433962,0.660377358490566,0.5849056603773585,0.4937106918238994,0.22012578616352202,0.5628930817610063,0.8930817610062893,0.1792452830188679,0.33647798742138363,0.6666666666666666,0.5157232704402516,0.7610062893081762,0.7056603773584905,0.29559748427672955,0.7358490566037735,0.8553459119496856,.189,.308,8.9,11.2,33.653846153846146,89.9,39.3,30.6,10.6,35.8,.205,.296,.349,.278,5.1020408163265305,5,11,4,1,17,2,30,190,68,49.60835509138381,68.57142857142857,74.16666666666667,17.75456919060052
Franly Urena,TOR,SP,21,79,63,345,.325,.389,0.6415094339622641,0.39900419287211736,0.41823899371069184,0.8226415094339623,0.31446540880503143,0.4716981132075472,0.4528301886792453,0.34591194968553457,0.23270440251572327,0.3710691823899371,0.3710691823899371,0.5031446540880503,0.4937106918238994,0.10377358490566038,0.3050314465408805,0.2981132075471698,0.27672955974842767,0.39622641509433965,0.25157232704402516,.209,.319,7.1,17.7,23.671497584541058,88.3,35.7,26.6,19.7,27.1,.238,.392,.476,.289,3.79746835443038,3,14,1,1,15,4,21,144,39,41.73913043478261,68.84057971014492,80,11.304347826086955
Tyler Bowen,PHI,RP,23,32,27,135,.271,.303,0.6352201257861635,0.7167714884696017,0.7366352201257862,0.8905660377358491,0.710691823899371,0.6415094339622641,0.7232704402515723,0.39937106918238996,0.3522012578616352,0.8742138364779874,0.9433962264150944,0.8805031446540881,0.8584905660377359,0.5754716981132075,0.7515723270440252,0.769811320754717,0.1949685534591195,0.7169811320754716,0.8616352201257862,.184,.254,6.7,15.6,33.33333333333333,82.7,26.7,37.5,9.1,35.3,.222,.344,.296,.400,3.125,1,5,2,0,6,0,12,68,24,50.37037037037037,69.84126984126982,75,17.777777777777782
Joel Garcia,MIN,SP,21,34,28,114,.426,.346,0.6289308176100629,0.28003144654088047,0.1470125786163522,0.5113207547169811,0.006289308176100629,0.018867924528301886,0.012578616352201259,0.1918238993710692,0.7610062893081762,0.6352201257861635,0.07861635220125786,0.3050314465408805,0.3490566037735849,0.1320754716981132,0.3584905660377358,0.6113207547169811,0.20125786163522014,0.8050314465408805,0.4088050314465409,.321,.531,10,8.8,27.86885245901639,91.6,40,23.5,17.8,27.8,.250,.382,.357,.350,5.882352941176469,2,3,3,0,7,0,8,54,15,47.368421052631575,69.81132075471697,72.97297297297297,13.157894736842106
Clevari Tejada,PIT,SP,21,57,45,209,.274,.180,0.6226415094339622,0.5131027253668762,0.5558176100628931,0.6037735849056604,0.6823899371069182,0.7704402515723271,0.8836477987421384,0.6477987421383647,0.11949685534591195,0.07547169811320754,0.4716981132075472,0.22012578616352202,0.3113207547169811,0.8679245283018868,0.5031446540880503,0.2867924528301887,0.0880503144654088,0.4811320754716981,0.36477987421383645,.158,.202,3.2,21.1,17.796610169491522,87.6,41.9,22.8,1.8,29.9,.044,.246,.044,.063,1.7543859649122806,1,12,0,0,2,0,13,87,26,41.62679425837321,72.52747252747254,78.78787878787878,12.440191387559807
Joe Scarborough,NYM,RP,22,32,24,129,.365,.319,0.6163522012578616,0.42091194968553464,0.494496855345912,0.8905660377358491,0.09119496855345911,0.18553459119496854,0.5094339622641509,0.8962264150943396,0.20125786163522014,0.7044025157232704,0.4559748427672956,0.11635220125786164,0.1509433962264151,0.18553459119496854,0.6635220125786163,0.560377358490566,0.18238993710691823,0.7704402515723271,0.7044025157232704,.254,.306,0,18.8,29.33333333333333,87.7,47.1,18.8,16.2,33.3,.208,.406,.208,.278,0,0,6,0,0,5,0,6,60,20,46.511627906976734,70.37037037037038,73.68421052631578,15.503875968992247
Jack Eshleman,TOR,RP,22,64,56,270,.230,.313,0.610062893081761,0.5666666666666668,0.48191823899371067,0.15849056603773584,0.8867924528301887,0.7075471698113207,0.5786163522012578,0.34591194968553457,0.7987421383647799,1,0.3710691823899371,0.6320754716981132,0.4937106918238994,0.07547169811320754,0.7515723270440252,0.9509433962264152,0.10062893081761007,0.5408805031446541,0.9433962264150944,.175,.287,7.1,7.8,45.94594594594595,88.3,33.3,26.6,21.3,35.3,.250,.297,.429,.300,4.6875,3,5,2,1,14,2,17,156,55,57.77777777777778,72.13114754098359,77.27272727272727,20.37037037037037
Frank Camarillo,NYM,SP,22,96,87,361,.346,.308,0.6037735849056604,0.3905136268343816,0.3529874213836478,0.6735849056603773,0.20125786163522014,0.11635220125786164,0.018867924528301886,0.18238993710691823,0.9213836477987422,0.5723270440251572,0.5786163522012578,0.6320754716981132,0.2830188679245283,0.23270440251572327,0.27358490566037735,0.8641509433962264,0.05660377358490566,0.4339622641509434,0.5786163522012578,.271,.498,10.1,5.2,26.58227848101265,86.8,33.3,21.9,15.3,26.4,.230,.263,.460,.246,7.291666666666668,7,5,4,2,20,4,21,193,51,53.46260387811634,74.38423645320195,79.47019867549669,14.127423822714682
Yonleg Gaetano,PIT,SP,20,49,46,170,.246,.247,0.5974842767295597,0.5036163522012578,0.610062893081761,0.4490566037735849,0.8238993710691824,0.3742138364779874,0.6194968553459119,0.8962264150943396,0.9654088050314465,0.08490566037735849,0.6477987421383647,0.27672955974842767,0.20125786163522014,0.6446540880503144,0.059748427672955975,0.6981132075471698,0.08176100628930817,0.0880503144654088,0.11320754716981132,.220,.277,0,4.1,17.808219178082194,86.4,40.5,20.4,7.9,19,.239,.265,.283,.297,0,0,2,2,0,11,0,10,84,16,49.411764705882355,73.1958762886598,87.32394366197181,9.411764705882351
Jose Guzman,DET,RP,21,43,41,157,.274,.155,0.5911949685534591,0.43584905660377354,0.11556603773584906,0.3716981132075472,0.6823899371069182,0.33962264150943394,0.2830188679245283,0.14779874213836477,0.9433962264150944,0.8742138364779874,0.012578616352201259,0.018867924528301886,0.5723270440251572,0.6540880503144654,0.330188679245283,0.5547169811320755,0.8050314465408805,0.25157232704402516,0.3836477987421384,.224,.365,10.7,4.7,33.33333333333333,94.4,57.1,27.9,7.3,27.4,.122,.163,.171,.172,6.9767441860465125,3,2,2,0,5,0,12,73,20,46.49681528662421,57.647058823529406,81.63265306122447,12.738853503184714
Braulio Salas,MIA,RP,21,85,73,346,.319,.354,0.5849056603773585,0.38286163522012573,0.18553459119496854,0.3018867924528302,0.33962264150943394,0.3081761006289308,0.2830188679245283,0.11635220125786164,0.7075471698113207,0.8553459119496856,0.19811320754716982,0.14465408805031446,0.5408805031446541,0.2641509433962264,0.5345911949685535,0.8452830188679246,0.09433962264150944,0.3018867924528302,0.7672955974842768,.230,.365,11.5,9.4,32.94117647058823,89.8,46.2,27.1,14.9,30.6,.274,.341,.479,.353,7.0588235294117645,6,8,5,2,20,2,23,183,56,52.890173410404635,72.1590909090909,81.1023622047244,16.184971098265898
Zuher Yousuf,PHI,SP,19,86,79,317,.303,.363,0.5786163522012578,0.4131027253668764,0.5786163522012578,0.15849056603773584,0.4528301886792453,0.16666666666666666,0.27044025157232704,0.5471698113207547,0.789308176100629,0.389937106918239,0.6729559748427673,0.8238993710691824,0.18238993710691823,0.24528301886792453,0.2578616352201258,0.5962264150943396,0.6352201257861635,0.4088050314465409,0.3522012578616352,.257,.369,4.8,8.1,24,86.2,29,19.8,15.2,26.2,.304,.360,.456,.367,3.4883720930232562,3,7,6,0,24,2,17,149,39,47.0031545741325,61.97916666666666,79.83193277310923,12.302839116719243
Troy Guthrie,TOR,SP,20,105,96,384,.326,.336,0.5723270440251572,0.3286163522012579,0.1721698113207547,0.1320754716981132,0.3050314465408805,0.07547169811320754,0.12578616352201258,0.4088050314465409,0.9308176100628931,0.9088050314465409,0.0660377358490566,0.0880503144654088,0.22641509433962265,0.4371069182389937,0.2389937106918239,0.8037735849056604,0.4056603773584906,0.1320754716981132,0.44025157232704404,.282,.418,6.6,4.8,33.89830508474576,91.7,48.7,21,11.9,25.8,.260,.305,.469,.292,4.761904761904762,5,5,8,0,25,4,22,198,51,51.5625,66.66666666666666,85.5072463768116,13.28125
Joel Lara,NYM,SP,19,81,62,321,.361,.399,0.5660377358490566,0.4232180293501047,0.5055031446540881,0.9622641509433962,0.1069182389937107,0.3742138364779874,0.3050314465408805,0.2578616352201258,0.4716981132075472,0.08490566037735849,0.8270440251572327,0.6320754716981132,0.06289308176100629,0.7924528301886793,0.20125786163522014,0.1660377358490566,0.8427672955974843,0.41509433962264153,0.14465408805031446,.220,.362,8.3,12.3,17.808219178082194,84.9,33.3,16,4,24.8,.258,.432,.435,.298,4.938271604938271,4,10,3,1,16,2,13,125,31,38.94080996884736,56.57142857142857,79.79797979797979,9.657320872274145
Jack Anker,PIT,SP,22,106,98,382,.309,.299,0.559748427672956,0.3473794549266247,0.24842767295597484,0.3320754716981132,0.4056603773584906,0.18553459119496854,0.1509433962264151,0.41509433962264153,0.9056603773584906,0.5534591194968553,0.14465408805031446,0.2830188679245283,0.2169811320754717,0.23270440251572327,0.34276729559748426,0.8264150943396227,0.1320754716981132,0.5723270440251572,0.6415094339622641,.254,.412,6.5,5.7,26.08695652173913,90.3,40.3,20.8,15.3,27.6,.255,.302,.367,.325,4.716981132075472,5,6,9,1,25,0,22,199,55,52.09424083769634,71.04072398190046,77.07006369426752,14.397905759162304
Michael Perez,MIA,RP,23,59,52,226,.224,.289,0.5534591194968553,0.8175576519916143,0.7161949685534591,0.6283018867924528,0.9182389937106918,0.889937106918239,0.779874213836478,0.2893081761006289,0.7735849056603774,0.9685534591194969,0.9308176100628931,0.8647798742138365,0.9433962264150944,0.8930817610062893,0.9308176100628931,0.5132075471698113,0.8742138364779874,0.5157232704402516,0.9182389937106918,.140,.228,7.7,8.5,36.66666666666666,83.1,26.9,44.1,1.4,42.7,.192,.288,.346,.360,3.3898305084745757,2,5,3,1,10,1,26,103,44,45.57522123893805,55.660377358490564,77.96610169491525,19.469026548672566
Sheng-En Lin,CIN,SP,20,45,37,188,.261,.225,0.5471698113207547,0.5613207547169812,0.8183962264150944,0.18867924528301888,0.7515723270440252,0.7704402515723271,0.8018867924528302,0.5943396226415094,0.22641509433962265,0.44025157232704404,0.9213836477987422,0.9559748427672956,0.5062893081761006,0.5283018867924528,0.050314465408805034,0.22641509433962265,0.9874213836477987,0.36163522012578614,0.031446540880503145,.158,.224,4,17.8,24.590163934426233,83.2,20,26.7,10.2,18.4,.135,.289,.135,.200,2.2222222222222223,1,8,0,0,5,0,12,76,14,40.42553191489361,48.03149606299213,80.327868852459,7.446808510638298
Jonathan Stevens,MIN,SP,21,76,59,307,.338,.355,0.5408805031446541,0.40796645702306095,0.4237421383647799,0.7037735849056603,0.24213836477987422,0.27672955974842767,0.4591194968553459,0.7578616352201258,0.16666666666666666,0.25157232704402516,0.2138364779874214,0.2641509433962264,0.24213836477987422,0.7421383647798742,0.5754716981132075,0.09433962264150944,0.7672955974842768,0.39622641509433965,0.27044025157232704,.233,.318,2.3,19.7,21.80851063829788,89.5,40.9,21.1,4.9,31.5,.237,.400,.356,.310,1.3157894736842104,1,15,4,0,14,1,16,111,35,36.15635179153095,58.82352941176471,80,11.400651465798044
Jan Caraballo,DET,RP,22,59,53,203,.271,.314,0.5345911949685535,0.5370020964360588,0.3561320754716981,0.3716981132075472,0.710691823899371,0.4088050314465409,0.37735849056603776,0.3081761006289308,0.8647798742138365,0.8301886792452831,0.4339622641509434,0.3050314465408805,0.4559748427672956,0.610062893081761,0.7672955974842768,0.690566037735849,0.16352201257861634,0.1761006289308176,0.8490566037735849,.216,.347,7.5,6.8,31.53153153153153,87.8,40,25.4,8.3,36,.208,.254,.491,.216,5.084745762711865,3,4,4,1,11,3,15,100,36,49.26108374384236,70.65217391304348,84.61538461538461,17.733990147783253
Rubén Menes,STL,RP,24,39,36,148,.175,.139,0.5283018867924528,0.8223794549266247,0.7995283018867925,0.6735849056603773,0.9811320754716981,0.9339622641509434,0.8207547169811321,0.5817610062893082,0.9905660377358491,0.9811320754716981,0.8836477987421384,0.9119496855345912,0.7421383647798742,0.49056603773584906,0.8773584905660378,0.7339622641509433,0.610062893081761,0.7987421383647799,0.9308176100628931,.128,.221,4.2,2.6,38.15789473684211,84,25,33.3,11.1,39.2,.111,.154,.139,.167,2.564102564102564,1,1,1,0,4,0,13,74,29,50,62.5,73.33333333333333,19.594594594594593
Jordarlin Mendoza,NYY,RP,22,66,51,259,.373,.434,0.5220125786163522,0.46996855345911953,0.49056603773584906,0.969811320754717,0.07547169811320754,0.09433962264150944,0.36477987421383645,0.6886792452830188,0.37735849056603776,0.6289308176100629,0.6037735849056604,0.3050314465408805,0.4025157232704403,0.5754716981132075,0.5534591194968553,0.3207547169811321,0.6855345911949685,0.5220125786163522,0.4025157232704403,.277,.353,2.9,15.2,27.702702702702698,86.7,40,24.2,9.1,31.2,.314,.470,.490,.424,1.5151515151515151,1,10,1,1,16,2,16,109,34,42.08494208494209,61.261261261261254,77.94117647058823,13.127413127413124
Josh Tiedemann,NYY,RP,21,65,59,243,.313,.376,0.5157232704402516,0.3582809224318659,0.08490566037735849,0.6735849056603773,0.36792452830188677,0.1949685534591195,0.16352201257861634,0.09433962264150944,0.8081761006289309,0.5251572327044025,0.031446540880503145,0.050314465408805034,0.5660377358490566,0.6352201257861635,0.18867924528301888,0.879245283018868,0.11949685534591195,0.60062893081761,0.41509433962264153,.252,.403,12.2,7.7,25.806451612903228,93,53.7,27.7,8,24.4,.271,.328,.542,.359,7.6923076923076925,5,5,6,2,16,2,18,131,32,53.909465020576135,71.33333333333334,76.63551401869158,13.168724279835393
Jack Martinez,STL,SP,23,107,90,468,.287,.317,0.5094339622641509,0.5518343815513627,0.7649371069182389,0.4113207547169812,0.5817610062893082,0.5345911949685535,0.610062893081761,0.5251572327044025,0.42452830188679247,0.39622641509433965,0.9811320754716981,0.9433962264150944,0.6037735849056604,0.06289308176100629,0.5471698113207547,0.4981132075471698,0.7484276729559748,0.779874213836478,0.5660377358490566,.198,.281,5.1,13.1,24.064171122994647,80.8,22,29,22.8,31.1,.211,.336,.344,.286,2.803738317757009,3,14,3,0,19,3,31,212,66,45.299145299145295,59.430604982206404,73.65269461077844,14.1025641025641
Cam Tilly,NYM,SP,21,85,78,336,.271,.390,0.5031446540880503,0.42248427672955974,0.40801886792452835,0.2679245283018868,0.710691823899371,0.4716981132075472,0.4088050314465409,0.5157232704402516,0.9433962264150944,0.27672955974842767,0.3710691823899371,0.33647798742138363,0.46855345911949686,0.1509433962264151,0.14779874213836477,0.4,0.5031446540880503,0.22012578616352202,0.16981132075471697,.209,.332,5.4,4.7,22.485207100591715,88.3,39.3,25.9,17.1,23.3,.295,.353,.538,.365,3.5294117647058822,3,4,5,1,23,4,22,146,34,43.45238095238096,64.67065868263471,83.33333333333334,10.119047619047619
Alistair Tanner,DET,SP,19,56,43,238,.366,.413,0.4968553459119497,0.2614779874213837,0.33883647798742134,0.7886792452830189,0.08176100628930817,0.1761006289308176,0.11006289308176101,0.24528301886792453,0.22012578616352202,0.05660377358490566,0.4339622641509434,0.5660377358490566,0.12264150943396226,0.10377358490566038,0.23270440251572327,0.269811320754717,0.9182389937106918,0.6194968553459119,0.20754716981132076,.256,.430,8.6,17.9,16.666666666666664,87.8,34.3,17.9,19.7,25.5,.326,.436,.512,.382,5.357142857142857,3,10,3,1,14,1,10,98,25,41.17647058823529,53.125,76.47058823529412,10.504201680672267
Elwis Mijares,NYM,RP,20,51,42,201,.341,.447,0.49056603773584906,0.41194968553459116,0.48742138364779874,0.5849056603773585,0.22955974842767296,0.14779874213836477,0.29559748427672955,0.6886792452830188,0.5062893081761006,0.14465408805031446,0.39937106918238996,0.5660377358490566,0.018867924528301886,0.7547169811320755,0.6069182389937107,0.4377358490566038,0.2641509433962264,0.7578616352201258,0.5471698113207547,.262,.363,2.9,11.8,18.811881188118807,88,34.3,13.7,4.8,31.8,.357,.460,.548,.394,1.96078431372549,1,6,2,0,15,2,7,88,28,43.78109452736319,69,73.91304347826086,13.930348258706466
Xavier Kolhosser,MIN,RP,22,60,51,273,.237,.250,0.48427672955974843,0.5681341719077568,0.5707547169811321,0.3018867924528302,0.8616352201257862,0.7924528301886793,0.8742138364779874,0.3805031446540881,0.6698113207547169,0.12578616352201258,0.6477987421383647,0.3805031446540881,0.8805031446540881,0.18553459119496854,0.7169811320754716,0.2,0.6415094339622641,0.7924528301886793,0.5345911949685535,.156,.203,6.9,10,18.705035971223023,86.4,37.9,38.3,16.2,34.9,.176,.283,.235,.286,3.333333333333333,2,6,0,0,9,1,23,109,38,39.926739926739934,61.94029850746269,73.49397590361446,13.91941391941392
Caleb Leys,DET,SP,22,83,73,327,.303,.376,0.4779874213836478,0.4362159329140461,0.309748427672956,0.3320754716981132,0.4528301886792453,0.2578616352201258,0.3836477987421384,0.4716981132075472,0.5880503144654088,0.4119496855345912,0.2893081761006289,0.09433962264150944,0.44654088050314467,0.89937106918239,0.6069182389937107,0.490566037735849,0.5157232704402516,0.8207547169811321,0.6289308176100629,.241,.345,5.8,10.8,24.35897435897436,88.7,48.1,25.3,1.2,31.8,.274,.354,.507,.360,3.6144578313253017,3,9,5,3,20,2,21,148,47,45.259938837920494,64.32748538011695,72.72727272727273,14.37308868501529
Jake Shelagowski,STL,RP,22,89,73,347,.326,.312,0.4716981132075472,0.5669287211740043,0.5998427672955975,0.9226415094339624,0.3050314465408805,0.3522012578616352,0.3584905660377358,0.4811320754716981,0.7452830188679245,0.8364779874213837,0.8081761006289309,0.7515723270440252,0.42138364779874216,0.6446540880503144,0.1761006289308176,0.5245283018867924,0.5220125786163522,0.09433962264150944,0.24528301886792453,.223,.354,5.7,9,31.632653061224488,85.1,30.2,24.7,7.9,23.9,.205,.326,.356,.269,3.3707865168539324,3,8,4,2,15,1,22,159,38,45.82132564841498,64.23841059602648,86.59793814432992,10.95100864553314
Eliseo Mota,DET,RP,23,72,61,282,.244,.317,0.46540880503144655,0.6787735849056604,0.7492138364779874,0.6547169811320754,0.8364779874213837,0.779874213836478,0.7547169811320755,0.710691823899371,0.449685534591195,0.31446540880503143,0.89937106918239,0.6320754716981132,0.789308176100629,0.5220125786163522,0.8018867924528302,0.5811320754716981,0.24528301886792453,0.9182389937106918,0.8301886792452831,.157,.234,2.8,12.5,22.794117647058826,83.7,33.3,34.7,10.4,37.1,.197,.310,.393,.294,1.3888888888888888,1,9,2,2,12,2,25,132,49,46.80851063829788,69.17808219178083,68.31683168316832,17.375886524822697
Yendy Gomez,DET,RP,22,85,78,320,.280,.291,0.4591194968553459,0.5345911949685536,0.5251572327044025,0.8113207547169812,0.6383647798742138,0.39622641509433965,0.2830188679245283,0.389937106918239,0.8301886792452831,0.5157232704402516,0.6918238993710691,0.7358490566037735,0.3490566037735849,0.6792452830188679,0.09433962264150944,0.8377358490566038,0.4968553459119497,0.4276729559748428,0.2389937106918239,.217,.365,6.8,7.1,25.742574257425748,86,30.5,23.5,6.7,20.8,.244,.294,.359,.322,4.705882352941177,4,6,5,2,19,0,20,168,35,52.5,64.84018264840182,79.5774647887324,10.9375
Henry Lalane,NYY,SP,21,73,57,290,.356,.325,0.4528301886792453,0.4269916142557652,0.5644654088050315,0.4981132075471698,0.1509433962264151,0.25157232704402516,0.3710691823899371,0.36477987421383645,0.3836477987421384,0.710691823899371,0.7704402515723271,0.7515723270440252,0.2830188679245283,0.31446540880503143,0.27358490566037735,0.3849056603773585,0.8301886792452831,0.20125786163522014,0.2641509433962264,.242,.348,7,15.1,29.45205479452055,85.4,30.2,21.9,14.1,26.4,.246,.384,.298,.326,4.10958904109589,3,11,3,0,14,0,16,125,33,43.103448275862064,56.944444444444436,84.14634146341461,11.379310344827587
Lluveres Severino,TOR,RP,22,79,60,275,.286,.313,0.44654088050314467,0.6359538784067086,0.7421383647798742,0.6283018867924528,0.5911949685534591,0.8050314465408805,0.8647798742138365,0.7672955974842768,0.29245283018867924,0.6194968553459119,0.6194968553459119,0.7169811320754716,0.1949685534591195,0.7987421383647799,0.7327044025157232,0.42641509433962266,0.4339622641509434,0.5283018867924528,0.6855345911949685,.155,.204,2.2,16.5,27.500000000000004,86.6,31.1,20.3,3.8,35,.200,.385,.233,.273,1.2658227848101269,1,13,2,0,12,0,16,120,42,43.63636363636363,66.08695652173913,77.63157894736842,15.272727272727273
Walin Castillo,MIA,SP,21,94,81,370,.311,.310,0.44025157232704404,0.3653563941299791,0.22877358490566035,0.6547169811320754,0.389937106918239,0.32075471698113206,0.3238993710691824,0.2893081761006289,0.6918238993710691,0.48427672955974843,0.15723270440251572,0.14465408805031446,0.08490566037735849,0.7735849056603774,0.06918238993710692,0.7018867924528301,0.07547169811320754,0.13836477987421383,0.1320754716981132,.228,.358,7.7,9.6,25.136612021857925,90.1,46.2,17,4.5,19.1,.235,.330,.346,.277,5.319148936170213,5,9,4,1,19,1,16,183,35,49.45945945945946,73.2620320855615,85.4014598540146,9.459459459459461
Yadiel Batista,STL,RP,22,39,38,150,.233,.304,0.4339622641509434,0.4980083857442348,0.3553459119496855,0.12075471698113208,0.8773584905660378,0.5660377358490566,0.4371069182389937,0.32075471698113206,0.9905660377358491,0.9213836477987422,0.23270440251572327,0.4308176100628931,0.5786163522012578,0.39308176100628933,0.1069182389937107,0.8415094339622642,0.2830188679245283,0.2138364779874214,0.2578616352201258,.193,.324,7.4,2.6,34.285714285714285,89.2,37,28.2,12.7,21.5,.237,.256,.447,.308,5.128205128205128,2,1,3,1,9,1,11,79,17,52.66666666666666,68.75,83.63636363636363,11.333333333333332
Franklyn Moreta,MIA,RP,22,41,31,189,.294,.300,0.4276729559748428,0.6350104821802935,0.7963836477987422,0.2679245283018868,0.5283018867924528,0.8679245283018868,0.8018867924528302,0.4937106918238994,0.18553459119496854,0.15723270440251572,0.9559748427672956,0.9339622641509434,0.6981132075471698,0.9371069182389937,0.7924528301886793,0.08679245283018867,0.7169811320754716,0.610062893081761,0.42138364779874216,.143,.224,5.6,19.5,18.918918918918923,82,22.2,31.7,"'-1.5",36.8,.129,.341,.258,.176,2.4390243902439024,1,8,1,0,4,1,13,68,25,35.97883597883597,60.256410256410255,76.59574468085106,13.227513227513224
Justin West,NYY,SP,22,138,122,572,.313,.372,0.42138364779874216,0.40592243186582805,0.35927672955974843,0.08490566037735849,0.36792452830188677,0.20125786163522014,0.3050314465408805,0.44654088050314467,0.660377358490566,0.36163522012578614,0.2893081761006289,0.39622641509433965,0.6446540880503144,0.6666666666666666,0.44654088050314467,0.5849056603773585,0.36477987421383645,0.5660377358490566,0.5157232704402516,.251,.362,6.1,10.1,23.595505617977533,88.7,37.8,29.7,7,29.5,.303,.377,.459,.423,3.6231884057971016,5,14,5,1,37,4,41,268,79,46.853146853146846,67.21311475409836,77.07317073170732,13.81118881118881
Gavin Adams,PIT,RP,23,50,37,223,.314,.361,0.41509433962264153,0.5832285115303983,0.7853773584905661,0.9735849056603774,0.3584905660377358,0.6698113207547169,0.8301886792452831,0.8962264150943396,0.0660377358490566,0.23270440251572327,0.6037735849056604,0.8113207547169812,0.4779874213836478,0.20125786163522014,0.8773584905660378,0.07169811320754718,0.8176100628930818,0.8301886792452831,0.5283018867924528,.182,.220,0,24,20.8955223880597,86.7,29.2,26,15.9,39.2,.243,.440,.297,.375,0,0,12,2,0,9,0,13,79,31,35.426008968609864,57.30337078651685,72.54901960784314,13.901345291479824
Brandon Barriera,TOR,SP,22,81,66,342,.276,.367,0.4088050314465409,0.514412997903564,0.5636792452830189,0.6886792452830188,0.6666666666666666,0.6226415094339622,0.8113207547169812,0.7830188679245284,0.389937106918239,0.2138364779874214,0.5786163522012578,0.08176100628930817,0.14150943396226415,0.9748427672955975,0.22012578616352202,0.239622641509434,0.5786163522012578,0.2830188679245283,0.18867924528301888,.185,.222,2,14.8,20.555555555555557,86.8,49,18.5,"'-4.3",25.2,.288,.420,.364,.360,1.2345679012345678,1,12,2,0,19,1,15,139,35,40.643274853801174,62.96296296296296,81.37254901960785,10.23391812865497
Carson Myers,TOR,RP,22,77,67,309,.250,.297,0.4025157232704403,0.6629979035639412,0.7515723270440251,0.09433962264150944,0.7987421383647799,0.6540880503144654,0.6635220125786163,0.7421383647798742,0.7264150943396226,0.7295597484276729,0.7138364779874213,0.8867924528301887,0.7610062893081762,0.6226415094339622,0.5628930817610063,0.3283018867924528,0.8616352201257862,0.18238993710691823,0.4339622641509434,.183,.265,2.4,9.1,29.813664596273288,85.8,26.2,33.8,8.2,31.3,.224,.303,.358,.341,1.2987012987012987,1,7,2,2,15,1,26,131,41,42.394822006472495,56.081081081081095,84.33734939759037,13.268608414239482
Adam Falinski,FA,RP,23,60,50,235,.233,.242,0.39622641509433965,0.6922431865828091,0.5463836477987422,0.879245283018868,0.8773584905660378,0.8176100628930818,0.8490566037735849,0.6886792452830188,0.5157232704402516,0.8238993710691824,0.34276729559748426,0.3050314465408805,0.5849056603773585,0.839622641509434,0.7830188679245284,0.6264150943396226,0.559748427672956,0.7169811320754716,0.8364779874213837,.153,.214,2.9,11.7,31.30434782608696,88.5,40,28.3,2.7,36.6,.180,.283,.220,.257,1.6666666666666667,1,7,2,0,9,0,17,112,41,47.65957446808511,63.33333333333333,75,17.446808510638302
Keegan Batka,FA,RP,24,39,33,158,.248,.211,0.389937106918239,0.6632599580712788,0.9009433962264152,0.5849056603773585,0.8050314465408805,0.6981132075471698,0.8647798742138365,0.8962264150943396,0.36792452830188677,0.050314465408805034,0.9088050314465409,0.9339622641509434,0.8867924528301887,0.012578616352201259,0.949685534591195,0.660377358490566,0.32075471698113206,1,0.9559748427672956,.176,.204,0,15.4,16.393442622950822,83.4,22.2,38.5,29.1,43.4,.121,.256,.152,.222,0,0,6,1,0,4,0,15,76,33,48.10126582278482,68.04123711340206,57.57575757575758,20.88607594936709
Jacob Pruitt,PHI,RP,22,45,43,172,.280,.215,0.3836477987421384,0.4112159329140461,0.09669811320754718,0.2018867924528302,0.6383647798742138,0.3522012578616352,0.1949685534591195,0.11635220125786164,0.9559748427672956,0.789308176100629,0.031446540880503145,0.0440251572327044,0.8679245283018868,0.37735849056603776,0.36477987421383645,0.6301886792452829,0.6572327044025157,0.10062893081761007,0.4591194968553459,.223,.390,11.5,4.4,30.76923076923077,93,53.8,37.8,12.9,28,.163,.200,.279,.240,6.666666666666668,3,2,2,0,7,1,17,82,23,47.67441860465117,61.70212765957447,86.20689655172413,13.372093023255813
Alex Breckheimer,STL,RP,22,80,67,332,.294,.368,0.37735849056603776,0.47861635220125787,0.3781446540880503,0.9415094339622642,0.5283018867924528,0.559748427672956,0.389937106918239,0.4276729559748428,0.449685534591195,0.6981132075471698,0.1792452830188679,0.5157232704402516,0.48427672955974843,0.4371069182389937,0.1320754716981132,0.5320754716981132,0.31446540880503143,0.12578616352201258,0.22012578616352202,.195,.344,6.2,12.5,29.25531914893617,89.9,35.4,26.3,11.9,22.9,.269,.367,.463,.341,3.75,3,10,4,0,18,3,21,153,35,46.08433734939759,68.05555555555556,85.71428571428571,10.542168674698797
Diego Dominguez,TOR,RP,21,90,79,321,.333,.321,0.3710691823899371,0.48920335429769396,0.6485849056603774,0.6283018867924528,0.2672955974842767,0.11635220125786164,0.2389937106918239,0.6352201257861635,0.48427672955974843,0.9433962264150944,0.8836477987421384,0.8364779874213837,0.15723270440251572,0.5534591194968553,0.12578616352201258,0.7924528301886793,0.3522012578616352,0.06289308176100629,0.27672955974842767,.271,.378,3.3,12.2,34.96932515337423,84,27.9,18.9,9.4,22.6,.253,.344,.354,.300,2.2222222222222223,2,11,2,0,20,2,17,164,37,51.09034267912772,67.72151898734178,87.85046728971962,11.526479750778813
Ramon Suarez,TOR,RP,21,22,14,114,.349,.550,0.36477987421383645,0.4115828092243186,0.29481132075471694,0.12452830188679245,0.17295597484276728,0.9559748427672956,0.33962264150943394,0.006289308176100629,0.006289308176100629,0.025157232704402517,0.6320754716981132,0.20125786163522014,0.8364779874213837,0.720125786163522,0.9182389937106918,0.04339622641509434,0.7421383647798742,0.8616352201257862,0.559748427672956,.115,.357,28.6,31.8,14.925373134328355,86.5,42.9,36.4,5.9,42.1,.286,.500,.929,.250,9.090909090909092,2,7,0,0,4,3,8,38,16,33.33333333333333,59.57446808510638,71.42857142857143,14.035087719298243
Merit Jones,MIN,SP,22,111,96,432,.273,.321,0.3584905660377358,0.5471174004192872,0.5314465408805031,0.35471698113207545,0.6949685534591195,0.5943396226415094,0.5911949685534591,0.4811320754716981,0.789308176100629,0.6729559748427673,0.6981132075471698,0.3553459119496855,0.29559748427672955,0.8238993710691824,0.2138364779874214,0.5924528301886792,0.44654088050314467,0.11949685534591195,0.2893081761006289,.187,.284,5.7,8.1,28.440366972477065,85.9,38.6,22.5,3.2,25.1,.219,.324,.375,.254,3.603603603603603,4,9,3,0,21,4,25,203,51,46.99074074074074,65.88785046728971,85.81560283687944,11.805555555555555
Brennan Stuprich,NYY,SP,24,28,26,106,.284,.323,0.3522012578616352,0.5515199161425577,0.5369496855345912,0.1811320754716981,0.6037735849056604,0.41509433962264153,0.24528301886792453,0.08176100628930817,0.8301886792452831,0.9371069182389937,0.9088050314465409,0.9119496855345912,0.8207547169811321,0.03459119496855346,0.6477987421383647,0.9113207547169812,0.18867924528301888,0.9119496855345912,0.8805031446540881,.215,.377,12.5,7.1,34.78260869565217,83.4,25,35.7,25.3,32.8,.192,.250,.500,.214,7.142857142857142,2,2,2,0,5,2,10,58,19,54.716981132075475,70,69.04761904761905,17.924528301886788
David Matoma,PIT,RP,20,49,35,210,.410,.419,0.34591194968553457,0.31289308176100633,0.3498427672955975,0.9905660377358492,0.031446540880503145,0.0440251572327044,0.25471698113207547,0.8962264150943396,0.018867924528301886,0.10062893081761007,0.1792452830188679,0.06918238993710692,0.1320754716981132,0.8742138364779874,0.16352201257861634,0.1471698113207547,0.34591194968553457,0.2893081761006289,0.08176100628930817,.298,.372,0,28.6,17.886178861788622,89.9,50,18.4,1.6,23.5,.314,.510,.371,.423,0,0,14,2,0,11,0,9,81,19,38.571428571428584,67.81609195402298,81.35593220338984,9.047619047619047
Pedro Rodriguez,NYY,RP,23,41,37,183,.221,.166,0.33962264150943394,0.688364779874214,0.709119496855346,0.6283018867924528,0.9465408805031447,0.7547169811320755,0.7610062893081762,0.5345911949685535,0.6792452830188679,0.06289308176100629,0.7704402515723271,0.7704402515723271,0.9182389937106918,0.6918238993710691,0.7421383647798742,0.15471698113207547,0.8930817610062893,0.6635220125786163,0.48427672955974843,.160,.233,5,9.8,16.883116883116884,85.4,30,41.5,6.4,35.2,.108,.195,.135,.200,2.4390243902439024,1,4,1,0,4,0,17,71,25,38.797814207650276,54.716981132075475,75.86206896551724,13.661202185792352
Conner Ware,NYM,SP,22,98,83,386,.334,.401,0.3333333333333333,0.2720649895178197,0.11556603773584906,0.2679245283018868,0.2578616352201258,0.24528301886792453,0.06289308176100629,0.06918238993710692,0.6540880503144654,0.42138364779874216,0.15723270440251572,0.17295597484276728,0.4119496855345912,0.17295597484276728,0.3710691823899371,0.7094339622641509,0.3584905660377358,0.6729559748427673,0.5534591194968553,.244,.454,12.7,10.2,24.375,90.1,44.4,24.5,16.4,28.1,.277,.347,.614,.310,8.16326530612245,8,10,9,2,23,5,24,192,54,49.740932642487046,67.69911504424779,75.8169934640523,13.989637305699482
J.T. Etheridge,NYY,SP,24,48,40,217,.280,.280,0.3270440251572327,0.5458595387840671,0.625,0.7264150943396226,0.6383647798742138,0.5251572327044025,0.5534591194968553,0.5817610062893082,0.449685534591195,0.031446540880503145,0.5534591194968553,0.8113207547169812,0.8050314465408805,0.3333333333333333,0.5408805031446541,0.1509433962264151,0.9433962264150944,0.8742138364779874,0.3081761006289308,.199,.295,4.2,12.5,15.384615384615385,86.9,29.2,35.4,13.8,31,.225,.333,.250,.375,2.083333333333333,1,6,1,0,9,0,17,84,26,38.70967741935485,51.79856115107914,70.83333333333334,11.981566820276495
Jake Faherty,MIA,RP,22,30,20,141,.327,.267,0.32075471698113206,0.6367400419287211,0.9135220125786164,0.9962264150943396,0.29559748427672955,0.8805031446540881,0.9339622641509434,0.8962264150943396,0.031446540880503145,0.006289308176100629,0.839622641509434,0.9842767295597484,0.5062893081761006,0.949685534591195,0.32075471698113206,0.0037735849056603774,1,0.7421383647798742,0.012578616352201259,.141,.166,0,26.7,7.2289156626506035,84.5,16.7,26.7,"'-2.3",27.3,.050,.367,.050,.083,0,0,8,0,0,1,0,8,33,9,23.40425531914893,46.55172413793103,74.07407407407408,6.382978723404255
Blake Gillespie,NYY,SP,22,64,57,235,.357,.310,0.31446540880503143,0.34926624737945494,0.279874213836478,0.1471698113207547,0.14150943396226415,0.05660377358490566,0.08176100628930817,0.10062893081761007,0.5786163522012578,0.8742138364779874,0.4339622641509434,0.5031446540880503,0.33647798742138363,0.6792452830188679,0.2578616352201258,0.8188679245283019,0.22641509433962265,0.31761006289308175,0.4779874213836478,.289,.445,11.9,10.9,33.33333333333333,87.8,35.7,23.4,6.7,26.2,.246,.328,.351,.317,7.8125,5,7,1,1,14,1,15,122,32,51.91489361702128,69.42148760330579,80.95238095238095,13.617021276595745
Greysen Carter,NYY,RP,23,80,61,328,.303,.328,0.3081761006289308,0.6142557651991615,0.6674528301886793,1,0.4528301886792453,0.7547169811320755,0.7358490566037735,0.5251572327044025,0.14465408805031446,0.36163522012578614,0.5094339622641509,0.89937106918239,0.559748427672956,0.9622641509433962,0.46540880503144655,0.3169811320754717,0.5345911949685535,0.5566037735849056,0.3742138364779874,.160,.246,5.1,20,23.595505617977533,87.2,25.6,27.5,"'-3.2",29.7,.197,.388,.279,.289,2.5,2,16,2,0,12,1,22,138,41,42.07317073170731,64,77.08333333333334,12.5
Omar Victorino,NYM,SP,20,42,31,165,.318,.345,0.3018867924528302,0.41577568134171905,0.6092767295597484,0.22830188679245286,0.34591194968553457,0.5943396226415094,0.7861635220125787,0.8962264150943396,0.07547169811320754,0.16352201257861634,0.27044025157232704,0.48427672955974843,0.025157232704402517,0.7672955974842768,0.3522012578616352,0.17358490566037735,0.1509433962264151,0.34591194968553457,0.23270440251572327,.187,.226,0,23.8,19,88.8,36,14.3,4.7,27.7,.226,.429,.258,.280,0,0,10,1,0,7,0,6,65,18,39.39393939393939,70.76923076923076,80.43478260869566,10.909090909090908
Tristan Smith,CIN,RP,22,23,18,107,.252,.349,0.29559748427672955,0.6682389937106917,0.89937106918239,0.04716981132075472,0.7924528301886793,0.9088050314465409,0.9559748427672956,0.8962264150943396,0.11006289308176101,0.2893081761006289,0.7704402515723271,0.9748427672955975,0.660377358490566,0.8113207547169812,0.8018867924528302,0.03773584905660377,0.9937106918238994,0.31761006289308175,0.3270440251572327,.133,.156,0,21.7,22.58064516129032,85.4,18.2,30.4,3.4,37.1,.278,.435,.278,.455,0,0,5,0,0,5,0,7,35,13,32.710280373831765,46.66666666666666,80.95238095238095,12.149532710280376
Jose Ledesma,NYY,RP,23,63,51,254,.305,.362,0.2893081761006289,0.5892033542976938,0.746069182389937,0.7528301886792453,0.4276729559748428,0.36477987421383645,0.5723270440251572,0.6886792452830188,0.33647798742138363,0.3333333333333333,0.8930817610062893,0.8301886792452831,0.5345911949685535,0.9559748427672956,0.3805031446540881,0.2943396226415094,0.7044025157232704,0.3710691823899371,0.29874213836477986,.221,.292,2.9,15.9,23.255813953488367,83.8,28.6,27,"'-2.9",28.3,.294,.413,.373,.429,1.5873015873015872,1,10,2,1,15,0,17,106,30,41.73228346456693,60.8,80.26315789473685,11.811023622047243
Luke Hoskins,FA,RP,23,52,45,201,.296,.289,0.2830188679245283,0.520125786163522,0.5259433962264151,0.4490566037735849,0.5031446540880503,0.5031446540880503,0.39622641509433965,0.39937106918238996,0.5251572327044025,0.24528301886792453,0.8553459119496856,0.4528301886792453,0.5974842767295597,0.8490566037735849,0.46540880503144655,0.4943396226415094,0.4528301886792453,0.6540880503144654,0.46540880503144655,.204,.338,6.7,11.5,21.505376344086017,84.3,36.7,28.8,2.3,29.7,.200,.308,.311,.276,3.8461538461538463,2,6,2,0,9,1,15,91,27,45.27363184079602,65.74074074074075,76.05633802816901,13.432835820895527
Samuel Carpio,MIA,RP,23,72,52,292,.332,.368,0.27672955974842767,0.5334905660377358,0.7405660377358491,0.8547169811320755,0.279874213836478,0.6037735849056604,0.7484276729559748,0.6635220125786163,0.03773584905660377,0.0440251572327044,0.8081761006289309,0.7421383647798742,0.4339622641509434,0.5471698113207547,0.6383647798742138,0.0830188679245283,0.7987421383647799,0.5471698113207547,0.2830188679245283,.186,.237,3,26.4,16.129032258064516,85.1,30.3,25,9.6,32.7,.231,.444,.308,.333,1.3888888888888888,1,19,1,0,12,1,18,104,34,35.61643835616439,57.66423357664233,77.21518987341773,11.643835616438356
Yordy Herrera,STL,RP,21,52,35,209,.324,.349,0.27044025157232704,0.5042976939203354,0.8073899371069182,0.21509433962264152,0.32075471698113206,0.9088050314465409,0.9150943396226415,0.8962264150943396,0.025157232704402517,0.2830188679245283,0.7861635220125787,0.6320754716981132,0.2578616352201258,0.39308176100628933,0.41823899371069184,0.09811320754716983,0.9685534591194969,0.22641509433962265,0.2138364779874214,.133,.183,0,26.9,22.549019607843142,85.3,33.3,21.2,12.7,28.9,.143,.423,.257,.174,0,0,14,1,0,5,1,11,76,22,36.36363636363637,49.53271028037384,83.01886792452831,10.526315789473683
Eric Hammond,FA,SP,23,57,50,210,.280,.285,0.2641509433962264,0.47762054507337526,0.48742138364779874,0.4735849056603774,0.6383647798742138,0.44654088050314467,0.5157232704402516,0.7169811320754716,0.6320754716981132,0.2389937106918239,0.32075471698113206,0.39622641509433965,0.3113207547169811,0.6226415094339622,0.41823899371069184,0.3660377358490566,0.49056603773584906,0.4591194968553459,0.3584905660377358,.211,.302,2.7,10.5,21.495327102803742,88.6,37.8,22.8,8.2,28.9,.200,.298,.320,.250,1.7543859649122806,1,6,1,1,10,1,13,90,26,42.857142857142854,65.0485436893204,79.1044776119403,12.38095238095238
Brian Walters,PHI,SP,23,64,55,278,.301,.324,0.2578616352201258,0.45906708595387835,0.49999999999999994,0.7886792452830189,0.4716981132075472,0.29245283018867924,0.4371069182389937,0.7421383647798742,0.449685534591195,0.13836477987421383,0.5786163522012578,0.24213836477987422,0.33647798742138363,0.8836477987421384,0.14779874213836477,0.29056603773584905,0.779874213836478,0.42138364779874216,0.1509433962264151,.231,.324,2.4,12.5,18.803418803418804,86.8,41.5,23.4,1.5,23.3,.273,.359,.345,.350,1.5625,1,8,1,0,15,1,15,116,27,41.726618705035975,58.385093167701854,79.78723404255321,9.712230215827338
Kaden Echeman,STL,RP,23,83,67,365,.290,.361,0.25157232704402516,0.5258909853249475,0.5731132075471698,0.3169811320754717,0.5566037735849056,0.7169811320754716,0.6540880503144654,0.20125786163522014,0.27358490566037735,0.46855345911949686,0.7452830188679245,0.6918238993710691,0.6540880503144654,0.34276729559748426,0.6886792452830188,0.20943396226415092,0.949685534591195,0.60062893081761,0.49056603773584906,.173,.268,9.8,16.9,25,85.6,31.7,30.1,13.6,34.2,.224,.373,.418,.289,4.819277108433735,4,14,1,0,15,4,25,146,50,40,51.196172248803826,76.63551401869158,13.698630136986301
Tyler McLoughlin,NYM,RP,23,44,36,186,.262,.336,0.24528301886792453,0.5727987421383648,0.7649371069182391,0.7886792452830189,0.7421383647798742,0.7924528301886793,0.7924528301886793,0.8962264150943396,0.2138364779874214,0.11320754716981132,0.4779874213836478,0.8930817610062893,0.6289308176100629,0.050314465408805034,0.48427672955974843,0.4867924528301887,0.03459119496855346,0.4811320754716981,0.4716981132075472,.156,.225,0,18.2,18.367346938775512,87.5,26.1,29.5,24.2,29.8,.222,.364,.361,.318,0,0,8,2,0,8,1,13,84,25,45.16129032258064,75,78.78787878787878,13.44086021505376
Luis Ramirez,TEX,RP,25,29,25,127,.226,.248,0.2389937106918239,0.7903039832285116,0.6312893081761006,0.8452830188679246,0.9056603773584906,0.8427672955974843,0.9025157232704403,0.2578616352201258,0.6446540880503144,0.8113207547169812,0.7327044025157232,0.6320754716981132,0.9559748427672956,0.9842767295597484,0.9685534591194969,0.2188679245283019,0.89937106918239,0.9559748427672956,0.889937106918239,.146,.190,8.3,10.3,31.168831168831172,85.7,33.3,44.8,"'-4.4",45.1,.160,.276,.240,.333,3.4482758620689653,1,3,0,1,4,0,13,51,23,40.15748031496063,54,66.66666666666666,18.11023622047244
Greiber Mendez,PIT,RP,22,77,67,280,.347,.405,0.23270440251572327,0.3396750524109015,0.2893081761006289,0.10754716981132076,0.1918238993710692,0.0880503144654088,0.11949685534591195,0.3081761006289308,0.9213836477987422,0.7484276729559748,0.48742138364779874,0.24213836477987422,0.2169811320754717,0.449685534591195,0.1949685534591195,0.7886792452830189,0.3805031446540881,0.29559748427672955,0.3742138364779874,.278,.424,7.5,5.2,30.327868852459016,87.4,41.5,20.8,11.6,24.5,.313,.377,.567,.373,5.194805194805196,4,4,9,1,21,2,16,143,35,51.07142857142857,67.08860759493672,81.13207547169812,12.5
Gabe Craig,PHI,RP,24,40,32,170,.256,.330,0.22641509433962265,0.6781446540880504,0.8844339622641509,0.5622641509433962,0.7735849056603774,0.7547169811320755,0.8553459119496856,0.8962264150943396,0.24528301886792453,0.2641509433962264,0.9874213836477987,0.7987421383647799,0.8584905660377359,0.31446540880503143,0.8270440251572327,0.12452830188679245,0.9559748427672956,0.8867924528301887,0.5723270440251572,.160,.208,0,17.5,22.07792207792208,80.7,29.4,37.5,14.1,37.5,.219,.350,.375,.353,0,0,7,2,0,7,1,15,64,24,37.647058823529406,50.53763440860215,70.21276595744679,14.117647058823529
Tanner Gresham,FA,SP,24,65,55,272,.283,.301,0.22012578616352202,0.4922431865828092,0.45833333333333326,0.4981132075471698,0.610062893081761,0.4968553459119497,0.4937106918238994,0.27044025157232704,0.5880503144654088,0.34591194968553457,0.6729559748427673,0.39622641509433965,0.6792452830188679,0.449685534591195,0.4056603773584906,0.7339622641509433,0.03459119496855346,0.6415094339622641,0.610062893081761,.205,.308,8.1,10.8,23.484848484848484,86.2,37.8,30.8,11.6,28.7,.218,.313,.345,.294,4.615384615384616,3,7,1,0,12,2,20,136,39,50,75,76.19047619047619,14.338235294117649
Matthew Tippie,FA,RP,23,64,51,271,.297,.370,0.2138364779874214,0.429769392033543,0.27594339622641506,0.2830188679245283,0.4937106918238994,0.6698113207547169,0.5440251572327044,0.2138364779874214,0.4025157232704403,0.7421383647798742,0.13836477987421383,0.20754716981132076,0.6446540880503144,0.4119496855345912,0.4056603773584906,0.3358490566037736,0.7735849056603774,0.05660377358490566,0.33962264150943394,.182,.296,9.1,14.1,30.322580645161292,90.6,42.4,29.7,12.5,28.7,.235,.375,.451,.300,4.6875,3,9,2,0,12,3,19,115,33,42.43542435424353,58.620689655172406,88.23529411764706,12.177121771217713
Brandon Cain,PIT,RP,21,86,68,352,.378,.322,0.20754716981132076,0.29659329140461216,0.31761006289308175,0.7037735849056603,0.06918238993710692,0.13836477987421383,0.09433962264150944,0.36477987421383645,0.25157232704402516,0.3522012578616352,0.4559748427672956,0.3553459119496855,0.0440251572327044,0.559748427672956,0.16981132075471697,0.37735849056603776,0.14465408805031446,0.3522012578616352,0.18238993710691823,.269,.441,7,17.4,23.55769230769231,87.7,38.6,15.1,9.3,23.8,.191,.337,.368,.200,4.651162790697675,4,15,4,1,13,2,13,151,36,42.89772727272727,70.83333333333334,80.3921568627451,10.227272727272727
Danny Flatt,NYY,SP,21,89,79,333,.412,.323,0.20125786163522014,0.25078616352201255,0.22720125786163523,0.3018867924528302,0.018867924528301886,0.006289308176100629,0.006289308176100629,0.16981132075471697,0.8742138364779874,0.6415094339622641,0.2893081761006289,0.44339622641509435,0.03773584905660377,0.14465408805031446,0.07547169811320754,0.6490566037735849,0.33647798742138363,0.11320754716981132,0.10062893081761007,.344,.559,10.3,6.7,27.87878787878788,88.7,36.8,14.6,17.3,19.4,.253,.318,.405,.277,7.865168539325843,7,6,6,0,20,2,13,160,31,48.048048048048045,67.85714285714286,85.96491228070175,9.309309309309311
Liam Best,STL,RP,22,59,47,253,.357,.358,0.1949685534591195,0.42080712788259955,0.5440251572327044,0.43018867924528303,0.14150943396226415,0.10062893081761007,0.41509433962264153,0.7264150943396226,0.20754716981132076,0.5660377358490566,0.4559748427672956,0.5786163522012578,0.07547169811320754,0.9245283018867925,0.4276729559748428,0.3056603773584905,0.8679245283018868,0.4968553459119497,0.34591194968553457,.276,.329,2.6,18.6,26.446280991735534,87.7,34.2,16.9,"'-0.1",29.2,.298,.424,.340,.368,1.6949152542372878,1,11,2,0,14,0,10,106,31,41.89723320158103,56.06060606060606,78.37837837837837,12.25296442687747
Mitch Mueller,FA,RP,24,60,53,250,.289,.290,0.18867924528301888,0.44371069182389933,0.2138364779874214,0.6735849056603773,0.5660377358490566,0.3522012578616352,0.33962264150943394,0.22955974842767296,0.6698113207547169,0.32075471698113206,0.10377358490566038,0.18238993710691823,0.7421383647798742,0.49056603773584906,0.6540880503144654,0.6716981132075471,0.0440251572327044,0.7578616352201258,0.7421383647798742,.223,.357,8.8,10,22.83464566929134,91,44.1,33.3,11.1,33.1,.226,.300,.340,.333,5,3,6,3,0,12,1,20,121,40,48.4,74.79674796747966,73.91304347826086,16
Jake Brink,CIN,SP,23,34,30,131,.358,.451,0.18238993710691823,0.4572851153039832,0.5511006289308176,0.2830188679245283,0.12578616352201258,0.02830188679245283,0.20754716981132076,0.8962264150943396,0.7610062893081762,0.9622641509433962,0.8710691823899371,0.22955974842767296,0.11006289308176101,1,0.012578616352201259,0.9358490566037736,0.009433962264150943,0.006289308176100629,0.0440251572327044,.320,.387,0,8.8,36.36363636363637,84.1,41.7,17.6,"'-11",14.9,.433,.500,.500,.542,0,0,3,2,0,13,0,6,74,11,56.48854961832062,76.92307692307693,94,8.396946564885496
Donye Evans,DET,RP,24,42,35,162,.257,.203,0.1761006289308176,0.5853249475890986,0.7955974842767296,0.3320754716981132,0.7641509433962265,0.7358490566037735,0.8207547169811321,0.6069182389937107,0.2830188679245283,0.6037735849056604,0.7924528301886793,0.9622641509433962,0.2672955974842767,0.018867924528301886,0.8364779874213837,0.3433962264150943,0.5849056603773585,0.7169811320754716,0.7515723270440252,.164,.221,3.8,16.7,27.173913043478255,85.2,19.2,21.4,27.3,37.7,.114,.262,.114,.154,2.380952380952381,1,7,0,0,4,0,9,69,26,42.5925925925926,62.85714285714285,75,16.049382716049386
Dayne Pengelly,TOR,SP,23,55,42,219,.332,.287,0.16981132075471697,0.339098532494759,0.4363207547169812,0.8113207547169812,0.279874213836478,0.2830188679245283,0.5220125786163522,0.6886792452830188,0.3081761006289308,0.1761006289308176,0.11320754716981132,0.42138364779874216,0.031446540880503145,0.25157232704402516,0.18238993710691823,0.18490566037735848,0.6792452830188679,0.27044025157232704,0.13836477987421383,.232,.299,2.9,16.4,19.469026548672566,90.9,37.1,14.5,15.1,24.1,.190,.364,.190,.229,1.8181818181818181,1,9,0,0,8,0,8,87,21,39.72602739726028,61.320754716981135,81.53846153846153,9.58904109589041
Zander Mueth,PIT,SP,20,91,67,359,.416,.411,0.16352201257861634,0.22762054507337526,0.16430817610062892,0.8226415094339623,0.012578616352201259,0.050314465408805034,0.11006289308176101,0.3081761006289308,0.2389937106918239,0.012578616352201259,0.1320754716981132,0.1069182389937107,0.05660377358490566,0.839622641509434,0.040880503144654086,0.05660377358490566,0.6729559748427673,0.03773584905660377,0.018867924528301886,.295,.430,7.5,17.6,13.265306122448981,90.7,47.2,15.4,2.7,18.3,.269,.451,.448,.294,4.395604395604397,4,16,3,0,18,3,14,126,23,35.09749303621169,61.34969325153374,89,6.406685236768802
Mason Morris,CIN,SP,22,50,41,218,.364,.427,0.15723270440251572,0.24790356394129978,0.07625786163522012,0.7264150943396226,0.10062893081761007,0.5157232704402516,0.025157232704402517,0.031446540880503145,0.3270440251572327,0.20125786163522014,0.0880503144654088,0.16037735849056603,0.3867924528301887,0.3710691823899371,0.040880503144654086,0.3509433962264151,0.4056603773584906,0.012578616352201259,0.03773584905660377,.201,.490,17.2,16,20.35398230088496,91.4,44.8,24,13,18.3,.268,.400,.585,.308,10,5,8,2,1,11,3,12,93,17,42.6605504587156,66.66666666666666,92.85714285714286,7.79816513761468
Mason Davenport,FA,RP,21,54,38,237,.379,.506,0.1509433962264151,0.2836477987421384,0.345125786163522,0.3471698113207547,0.06289308176100629,0.48427672955974843,0.3522012578616352,0.03773584905660377,0.05660377358490566,0.1320754716981132,0.6855345911949685,0.3050314465408805,0.39622641509433965,0.2861635220125786,0.2578616352201258,0.07735849056603772,0.8867924528301887,0.5911949685534591,0.09433962264150944,.207,.355,16,24.1,18.75,86.1,40,24.1,14.5,26.2,.316,.519,.658,.381,7.4074074074074066,4,13,1,0,12,4,13,84,22,35.443037974683534,55.045871559633035,76.66666666666667,9.282700421940927
Jatnk Diaz,DET,RP,21,84,68,306,.345,.387,0.14465408805031446,0.3541404612159329,0.539308176100629,0.21509433962264152,0.20754716981132076,0.22641509433962265,0.31446540880503143,0.4937106918238994,0.3584905660377358,0.1509433962264151,0.8270440251572327,0.5220125786163522,0.12264150943396226,0.5660377358490566,0.24528301886792453,0.16226415094339622,0.9245283018867925,0.2389937106918239,0.1761006289308176,.246,.360,5.6,15.5,18.89763779527559,84.9,35.2,17.9,9.2,26.1,.294,.417,.441,.358,3.571428571428571,3,13,5,1,20,1,15,119,31,38.888888888888886,53.072625698324025,82.10526315789474,10.130718954248367
Justin Militello,STL,RP,22,34,27,113,.402,.484,0.13836477987421383,0.3773584905660377,0.5322327044025157,0.3018867924528302,0.0440251572327044,0.012578616352201259,0.14150943396226415,0.5471698113207547,0.5062893081761006,0.5943396226415094,0.8081761006289309,0.6320754716981132,0.11006289308176101,0.7295597484276729,0.10062893081761007,0.2830188679245283,0.9371069182389937,0.14779874213836477,0.07547169811320754,.327,.413,4.8,11.8,27.08333333333333,85.1,33.3,17.6,5.4,21.3,.407,.529,.556,.524,2.9411764705882346,1,4,4,0,11,0,6,47,10,41.592920353982294,52.30769230769232,85.29411764705883,8.849557522123892
Antoni Cuello,STL,RP,23,53,42,223,.287,.375,0.1320754716981132,0.504035639412998,0.746069182389937,0.9320754716981132,0.5817610062893082,0.8113207547169812,0.6981132075471698,0.6635220125786163,0.1949685534591195,0.16981132075471697,0.7704402515723271,0.8522012578616353,0.08490566037735849,0.17295597484276728,0.11635220125786164,0.3471698113207547,0.2358490566037736,0.16981132075471697,0.11949685534591195,.154,.260,3,18.9,19.327731092436977,85.4,27.3,17,16.4,22.1,.238,.396,.429,.281,1.8867924528301887,1,10,3,1,10,1,9,95,21,42.600896860986545,69.23076923076923,84.7222222222222,9.417040358744394
Brian Arias,NYY,RP,22,80,61,297,.403,.451,0.12578616352201258,0.25136268343815515,0.3333333333333333,0.8339622641509434,0.03773584905660377,0.02830188679245283,0.0880503144654088,0.4591194968553459,0.14465408805031446,0.018867924528301886,0.41509433962264153,0.3710691823899371,0.06918238993710692,0.4119496855345912,0.13836477987421383,0.2490566037735849,0.42138364779874216,0.1949685534591195,0.12578616352201258,.320,.444,6,20,13.79310344827586,87.9,38,16.3,12.5,23.1,.361,.487,.541,.417,3.75,3,16,1,2,22,2,13,121,28,40.74074074074074,66.44736842105263,84.15841584158416,9.427609427609427
Brady Afthim,CIN,RP,23,21,18,105,.355,.343,0.11949685534591195,0.42133123689727464,0.4378930817610063,0.43018867924528303,0.15723270440251572,0.3270440251572327,0.03773584905660377,0.012578616352201259,0.39622641509433965,0.5345911949685535,0.9748427672955975,0.7264150943396226,0.36792452830188677,0.8836477987421384,0.20754716981132076,0.3094339622641509,0.6572327044025157,0.6635220125786163,0.20125786163522014,.226,.483,23.1,14.3,25.86206896551724,80.9,30.8,23.8,1.5,25,.167,.286,.500,.091,14.285714285714285,3,3,0,0,3,2,5,44,11,41.904761904761905,61.70212765957447,75.86206896551724,10.476190476190476
Draven Zeigler,PIT,RP,24,66,58,237,.254,.241,0.11320754716981132,0.5425576519916143,0.4756289308176101,0.4981132075471698,0.7830188679245284,0.5786163522012578,0.6886792452830188,0.7578616352201258,0.7264150943396226,0.46855345911949686,0.2610062893081761,0.1949685534591195,0.3018867924528302,0.8050314465408805,0.44654088050314467,0.6075471698113207,0.3710691823899371,0.23270440251572327,0.5408805031446541,.190,.262,2.3,9.1,25,88.9,43.2,22.7,3.7,29.5,.172,.258,.259,.209,1.5151515151515151,1,6,2,0,10,1,15,112,33,47.25738396624472,67.2,82.14285714285714,13.924050632911394
Jorge De Leon,NYM,RP,23,24,19,118,.304,.341,0.1069182389937107,0.4431865828092243,0.5235849056603774,0.8905660377358491,0.4371069182389937,0.889937106918239,0.4025157232704403,0.0440251572327044,0.12578616352201258,0.3270440251572327,0.9213836477987422,0.7264150943396226,0.4339622641509434,0.11320754716981132,0.006289308176100629,0.1018867924528302,0.8553459119496856,0.0440251572327044,0.006289308176100629,.140,.335,15.4,20.8,22.857142857142854,83.2,30.8,25,19.1,14,.158,.333,.421,.167,8.333333333333332,2,5,2,0,3,1,6,43,6,36.440677966101696,56.25,88.8888888888889,5.084745762711865
Parker Seay,FA,RP,25,56,49,218,.240,.326,0.10062893081761007,0.5688155136268344,0.5982704402515724,0.11509433962264153,0.8490566037735849,0.6886792452830188,0.710691823899371,0.6352201257861635,0.610062893081761,0.5849056603773585,0.41509433962264153,0.6320754716981132,0.8207547169811321,0.42138364779874216,0.34276729559748426,0.6641509433962264,0.2578616352201258,0.7169811320754716,0.4528301886792453,.178,.258,3.3,10.7,26.85185185185185,87.9,33.3,35.7,12.1,27.6,.265,.339,.388,.414,1.7857142857142856,1,6,3,0,13,1,20,105,29,48.1651376146789,69.0909090909091,75,13.302752293577983
Treyson Peters,FA,RP,23,33,30,127,.347,.306,0.09433962264150944,0.3488469601677149,0.3191823899371069,0.2018867924528302,0.1918238993710692,0.0660377358490566,0.10062893081761007,0.27672955974842767,0.7264150943396226,0.9874213836477987,0.41509433962264153,0.48427672955974843,0.050314465408805034,0.6037735849056604,0.08176100628930817,0.969811320754717,0.009433962264150943,0.031446540880503145,0.29874213836477986,.288,.436,8,9.1,40.32258064516129,87.9,36,15.2,8.4,20,.267,.333,.333,.320,6.0606060606060606,2,3,2,0,8,0,5,75,15,59.055118110236215,76.92307692307693,90,11.811023622047243
Brian Zeldin,FA,RP,25,59,47,255,.285,.415,0.0880503144654088,0.5609538784067086,0.44339622641509435,0.4735849056603774,0.5974842767295597,0.7421383647798742,0.60062893081761,0.3805031446540881,0.41509433962264153,0.7358490566037735,0.25157232704402516,0.5408805031446541,0.7232704402515723,0.4276729559748428,0.8427672955974843,0.4113207547169812,0.7232704402515723,0.5031446540880503,0.7987421383647799,.162,.283,6.9,13.6,30,89,34.5,32.2,12,37.8,.255,.390,.574,.346,3.3898305084745757,2,8,4,1,12,3,19,111,42,43.529411764705884,60,78.26086956521739,16.470588235294116
Matthew Dalquist,MIN,SP,23,76,70,276,.348,.359,0.08176100628930817,0.24171907756813418,0.12578616352201258,0.15849056603773584,0.18238993710691823,0.08176100628930817,0.05660377358490566,0.36477987421383645,0.8805031446540881,0.5031446540880503,0.0440251572327044,0.03773584905660377,0.09748427672955975,0.4748427672955975,0.018867924528301886,0.7622641509433963,0.27044025157232704,0.018867924528301886,0.06918238993710692,.281,.461,7,6.6,25.423728813559322,92.6,54.4,17.1,11.2,17.3,.300,.355,.457,.368,5.263157894736842,4,5,5,3,21,0,13,139,24,50.36231884057971,68.9873417721519,92.66055045871559,8.695652173913043
Pedro Garcia,DET,RP,24,84,62,342,.351,.377,0.07547169811320754,0.3842767295597484,0.5487421383647799,0.2528301886792453,0.16352201257861634,0.4591194968553459,0.4716981132075472,0.559748427672956,0.04716981132075472,0.559748427672956,0.3710691823899371,0.7924528301886793,0.2672955974842767,0.22012578616352202,0.44654088050314467,0.239622641509434,0.7610062893081762,0.18867924528301888,0.31446540880503143,.210,.312,4.5,25,26.17801047120419,88.3,29.5,21.4,15.4,29.5,.226,.429,.371,.286,2.380952380952381,2,21,3,0,14,2,18,139,41,40.643274853801174,58.940397350993386,84.26966292134831,11.988304093567253
Cole Gilley,PHI,RP,24,35,31,120,.335,.307,0.06918238993710692,0.36881551362683435,0.41037735849056606,0.15849056603773584,0.25157232704402516,0.1289308176100629,0.18238993710691823,0.2578616352201258,0.5440251572327044,0.9088050314465409,0.389937106918239,0.8113207547169812,0.18867924528301888,0.08490566037735849,0.5188679245283019,0.5716981132075472,0.7547169811320755,0.1069182389937107,0.5911949685534591,.270,.398,8.3,11.4,33.89830508474576,88.1,29.2,20,20.3,30.4,.258,.343,.323,.333,5.7142857142857135,2,4,0,1,8,0,7,56,17,46.66666666666666,59.016393442622956,86.1111111111111,14.166666666666664
MT Morrissey,FA,SP,24,76,60,296,.385,.317,0.06289308176100629,0.20618448637316564,0.14465408805031446,0.3169811320754717,0.05660377358490566,0.3081761006289308,0.050314465408805034,0.025157232704402517,0.16666666666666666,0.11949685534591195,0.2893081761006289,0.2138364779874214,0.24213836477987422,0.15723270440251572,0.5283018867924528,0.19622641509433966,0.5283018867924528,0.6289308176100629,0.3333333333333333,.230,.464,17.8,19.7,18.471337579617835,88.7,42.2,21.1,17,30.5,.183,.342,.333,.190,10.526315789473683,8,15,0,0,11,3,16,118,36,39.864864864864856,64.02877697841727,76.40449438202246,12.162162162162163
Peyton Havard,PHI,RP,24,68,59,248,.333,.417,0.05660377358490566,0.3109014675052411,0.20911949685534592,0.06415094339622641,0.2672955974842767,0.2138364779874214,0.18867924528301888,0.2389937106918239,0.6446540880503144,0.6918238993710691,0.15723270440251572,0.25157232704402516,0.16981132075471697,0.46226415094339623,0.3805031446540881,0.5094339622641509,0.559748427672956,0.2610062893081761,0.39308176100628933,.249,.393,8.7,10.3,28.90625,90.1,41.3,19.1,11.4,28.3,.356,.441,.492,.444,5.882352941176469,4,7,3,1,21,1,13,113,32,45.564516129032256,63.33333333333333,81.57894736842105,12.903225806451614
Noah Palmese,TOR,RP,22,67,51,249,.390,.431,0.050314465408805034,0.25036687631027255,0.45676100628930816,0.3471698113207547,0.050314465408805034,0.14779874213836477,0.1320754716981132,0.7421383647798742,0.3081761006289308,0.18867924528301888,0.32075471698113206,0.6320754716981132,0.012578616352201259,0.006289308176100629,0.11635220125786164,0.13962264150943396,0.8113207547169812,0.050314465408805034,0.050314465408805034,.262,.414,2.4,16.4,20.155038759689926,88.6,33.3,13.4,30.5,22.1,.294,.463,.490,.308,1.4925373134328357,1,11,1,0,15,3,9,95,21,38.152610441767074,57.49999999999999,88.40579710144928,8.433734939759036
Luis Victorino,TOR,RP,23,64,56,231,.331,.424,0.0440251572327044,0.31991614255765205,0.2562893081761006,0.5622641509433962,0.2893081761006289,0.15723270440251572,0.2138364779874214,0.1761006289308176,0.7075471698113207,0.5251572327044025,0.2893081761006289,0.34591194968553457,0.006289308176100629,0.5345911949685535,0.031446540880503145,0.6528301886792452,0.06289308176100629,0.08176100628930817,0.06289308176100629,.258,.386,10.2,9.4,25.806451612903228,88.7,38.8,10.9,9.9,18,.339,.422,.536,.348,7.8125,5,6,2,0,19,3,7,111,20,48.05194805194805,73.83177570093456,87.34177215189872,8.658008658008658
Andrew Pogue,FA,RP,25,82,67,310,.309,.423,0.03773584905660377,0.4855870020964361,0.6234276729559749,0.6886792452830188,0.4056603773584906,0.3333333333333333,0.6289308176100629,0.8962264150943396,0.33647798742138363,0.4528301886792453,0.5094339622641509,0.4591194968553459,0.09748427672955975,0.7044025157232704,0.31446540880503143,0.6150943396226415,0.4779874213836478,0.27672955974842767,0.39308176100628933,.225,.275,0,15.9,24.817518248175183,87.2,36.5,17.1,6.1,27.2,.373,.488,.433,.472,0,0,13,4,0,25,0,14,147,40,47.41935483870968,65.3179190751445,81.41592920353983,12.903225806451614
Pitterson Rosa,PIT,RP,21,32,24,138,.338,.403,0.031446540880503145,0.19821802935010482,0.16430817610062892,0.15849056603773584,0.24213836477987422,0.6226415094339622,0.4276729559748428,0.1069182389937107,0.04716981132075472,0.06918238993710692,0.0660377358490566,0.05660377358490566,0.2830188679245283,0.27358490566037735,0.025157232704402517,0.10943396226415096,0.5911949685534591,0.025157232704402517,0.025157232704402517,.185,.325,11.8,25,17.721518987341767,91.7,52.9,21.9,14.8,17.6,.250,.438,.458,.353,6.25,2,8,3,1,6,0,7,51,9,36.95652173913043,62.711864406779654,91.8918918918919,6.521739130434782
Ramon Sanchez,MIA,RP,24,38,25,160,.411,.381,0.025157232704402517,0.3440775681341719,0.330188679245283,0.7264150943396226,0.025157232704402517,0.44654088050314467,0.20125786163522014,0.46540880503144655,0.08176100628930817,0.1949685534591195,0.5377358490566038,0.11635220125786164,0.24213836477987422,0.7861635220125787,0.3050314465408805,0.10566037735849056,0.710691823899371,0.07547169811320754,0.15723270440251572,.211,.388,5.9,23.7,20.212765957446805,87,47.1,21.1,4.1,27.1,.160,.447,.320,.188,2.631578947368421,1,9,1,0,4,1,8,59,16,36.875,60.60606060606061,87.5,10
Noah Takacs,PIT,RP,24,61,50,224,.295,.265,0.018867924528301886,0.38317610062893087,0.30110062893081757,0.3716981132075472,0.5125786163522013,0.5723270440251572,0.46540880503144655,0.2893081761006289,0.42452830188679247,0.3081761006289308,0.2610062893081761,0.18867924528301888,0.1761006289308176,0.9685534591194969,0.059748427672955975,0.4603773584905661,0.2138364779874214,0.06918238993710692,0.05660377358490566,.192,.317,7.7,13.1,22.689075630252105,88.9,43.6,19.7,"'-3.7",19,.160,.295,.260,.205,4.918032786885246,3,8,3,1,8,0,12,100,19,44.64285714285715,69.52380952380952,87.67123287671231,8.482142857142858
Christian McGowan,PHI,RP,26,34,29,130,.343,.406,0.012578616352201259,0.3242662473794549,0.23506289308176098,0.8,0.2138364779874214,0.39622641509433965,0.07547169811320754,0.05660377358490566,0.7610062893081762,0.22641509433962265,0.12264150943396226,0.6855345911949685,0.20754716981132076,0.2578616352201258,0.0880503144654088,0.5018867924528302,0.48427672955974843,0.330188679245283,0.0880503144654088,.217,.446,13.6,8.8,20.689655172413797,90.8,31.8,20.6,15,20.3,.241,.353,.586,.250,8.823529411764708,3,3,4,0,7,2,7,59,12,45.384615384615394,65.27777777777779,80.85106382978722,9.230769230769232
Roilan Portuondo,PIT,RP,27,65,53,267,.342,.398,0.006289308176100629,0.3220649895178197,0.3773584905660377,0.7264150943396226,0.22012578616352202,0.2389937106918239,0.22012578616352202,0.34591194968553457,0.27358490566037735,0.1069182389937107,0.5786163522012578,0.36477987421383645,0.14150943396226415,0.3522012578616352,0.29559748427672955,0.1169811320754717,0.7358490566037735,0.3081761006289308,0.16352201257861634,.245,.385,7.1,16.9,18.181818181818183,86.8,38.1,18.5,13.4,27,.283,.400,.509,.325,4.615384615384616,3,11,2,2,15,2,12,100,27,37.453183520599254,59.67741935483871,81.08108108108108,10.112359550561797