TeamID,"Team Name","ottoneu ID","FG MajorLeagueID","FG MinorLeagueID",Name,"MLB Team",Position(s),Salary
12479,"Brave Neu World",23717,20123,sa906282,"Juan Soto",NYM,OF,$71
12479,"Brave Neu World",23682,19709,sa919910,"Fernando Tatis Jr.",SDP,2B/OF,$53
12479,"Brave Neu World",18347,16478,sa709545,"Kyle Schwarber",PHI,OF,$48
12479,"Brave Neu World",18344,17350,sa828312,"Rafael Devers",SFG,1B,$37
12479,"Brave Neu World",22391,20503,sa872847,"William Contreras",MIL,C,$30
12479,"Brave Neu World",36922,25768,sa3010152,"CJ Abrams",WSN,SS,$20
12479,"Brave Neu World",35939,21636,sa876320,"Jeremy Pena",HOU,SS,$17
12479,"Brave Neu World",21052,18525,sa829000,"Dylan Cease",TOR,SP,$16
12479,"Brave Neu World",18236,14374,sa597835,"Tyler Glasnow",LAD,SP,$15
12479,"Brave Neu World",8626,7304,sa392995,"Salvador Perez",KCR,C/1B,$14
12479,"Brave Neu World",40564,29868,sa3017428,"Bubba Chandler",PIT,SP,$14
12479,"Brave Neu World",23651,13066,sa596861,"Teoscar Hernandez",LAD,OF,$5
12479,"Brave Neu World",37841,26319,sa3011540,"Michael Busch",CHC,1B,$5
12479,"Brave Neu World",23714,13620,sa657963,"Carson Kelly",CHC,C,$4
12479,"Brave Neu World",23144,17677,sa876019,"Jeffrey Springs",ATH,SP,$3
12479,"Brave Neu World",37531,26294,sa3011443,"Bryson Stott",PHI,2B/SS,$2
12479,"Brave Neu World",40097,30203,sa3018054,"Jackson Jobe",DET,SP,$2
12479,"Brave Neu World",40147,,sa3017022,"Joshua Baez","STL AAA",OF,$2
12479,"Brave Neu World",38368,27615,sa3014466,"Alec Burleson",STL,1B/OF,$2
12479,"Brave Neu World",35541,21842,sa3008079,"Carlos Cortes",ATH,OF,$2
12479,"Brave Neu World",21200,17128,sa829185,"Ramon Laureano",SDP,OF,$2
12479,"Brave Neu World",22331,19913,sa872787,"Jesus Sanchez",TOR,OF,$2
12479,"Brave Neu World",23810,22201,sa3005068,"MacKenzie Gore",TEX,SP,$1
12479,"Brave Neu World",38412,27779,sa3014515,"Bryce Elder",ATL,SP,$1
12479,"Brave Neu World",18644,15362,sa709024,"Jeff Mcneil",ATH,2B/OF,$1
12479,"Brave Neu World",18357,16149,sa599230,"Aaron Nola",PHI,SP,$1
12479,"Brave Neu World",40472,29770,sa3017306,"Mason Montgomery",PIT,RP,$1
12479,"Brave Neu World",16191,13324,sa504705,"Ildemaro Vargas",ARI,1B/2B/3B,$1
12479,"Brave Neu World",40707,29960,sa3017690,"AJ Smith-Shawver",ATL,SP,$1
12479,"Brave Neu World",40829,30091,sa3017880,"Andrew Painter",PHI,SP,$1
12479,"Brave Neu World",42653,31827,sa3020570,"Zebby Matthews","MIN AAA",SP,$1
12479,"Brave Neu World",42741,31893,sa3020707,"Robby Snelling","MIA AAA",SP,$1
12479,"Brave Neu World",19378,15734,sa737865,"Brad Keller",PHI,RP,$1
12479,"Brave Neu World",20421,17897,sa827423,"Garrett Cleavinger",TBR,RP,$1
12479,"Brave Neu World",23811,19879,sa829037,"Tanner Houck",BOS,SP,$1
12479,"Brave Neu World",23779,19291,sa857550,"Zac Gallen",ARI,SP,$1
12479,"Brave Neu World",27723,11861,sa548332,"Jason Adam",SDP,RP,$1
12479,"Brave Neu World",31984,23363,sa915840,"Robert Garcia",TEX,RP,$1
12479,"Brave Neu World",32719,19996,sa918185,"Dylan Lee",ATL,RP,$1
12479,"Brave Neu World",33619,21523,sa3008178,"Jonathan India",KCR,2B/3B/OF,$1
12479,"Brave Neu World",23814,19427,sa873698,"Shane Bieber",TOR,SP,$1
12479,"Brave Neu World",35875,24975,sa3008606,"Cooper Criswell",SEA,SP/RP,$1
12479,"Brave Neu World",8550,7048,sa389855,"Fernando Cruz",NYY,RP,$1
12479,"Brave Neu World",42991,,sa3021069,"Sebastian Walcott","TEX AA",SS,$1
12486,"The Coral Square",18312,15640,sa549847,"Aaron Judge",NYY,OF,$81
12486,"The Coral Square",18216,13624,sa657913,"Corey Seager",TEX,SS,$25
12486,"The Coral Square",5680,5361,sa390291,"Freddie Freeman",LAD,1B,$22
12486,"The Coral Square",18276,13611,sa597889,"Mookie Betts",LAD,SS,$22
12486,"The Coral Square",38754,27867,sa3015086,"Cade Smith",CLE,RP,$20
12486,"The Coral Square",18480,17678,sa659419,"Alex Bregman",CHC,3B,$19
12486,"The Coral Square",37201,25880,sa3010571,"Hunter Brown",HOU,SP,$18
12486,"The Coral Square",35196,21390,sa3007584,"Joe Ryan",MIN,SP,$14
12486,"The Coral Square",23825,19326,sa873683,"Bryan Reynolds",PIT,OF,$11
12486,"The Coral Square",18163,14161,sa657851,"Byron Buxton",MIN,OF,$10
12486,"The Coral Square",26099,20599,sa3003191,"Ivan Herrera",STL,C,$9
12486,"The Coral Square",18196,14107,sa548347,"Kevin Gausman",TOR,SP,$7
12486,"The Coral Square",37480,26151,sa1115829,"Kyle Stowers",MIA,OF,$7
12486,"The Coral Square",15962,10310,sa500722,"Zack Wheeler",PHI,SP,$7
12486,"The Coral Square",5644,10233,sa523977,"Aroldis Chapman",BOS,RP,$6
12486,"The Coral Square",18517,16578,sa823741,"Yandy Diaz",TBR,1B,$6
12486,"The Coral Square",42873,32056,sa3020949,"Noah Schultz",CHW,SP,$5
12486,"The Coral Square",48241,37124,sa3062955,"Tatsuya Imai","HOU AAA",SP/RP,$5
12486,"The Coral Square",9335,9132,sa455169,"Nathan Eovaldi",TEX,SP,$5
12486,"The Coral Square",40541,29844,sa3017400,"Liam Hicks",MIA,C/1B,$4
12486,"The Coral Square",23831,20036,sa920275,"Isaac Paredes",HOU,3B,$4
12486,"The Coral Square",42765,31986,sa3020748,"Parker Messick",CLE,SP,$4
12486,"The Coral Square",18359,16137,sa598286,"Carlos Rodon","NYY AAA",SP,$4
12486,"The Coral Square",36686,26378,sa917947,"Nick Lodolo","CIN AAA",SP,$3
12486,"The Coral Square",18116,13125,sa454389,"Gerrit Cole","NYY A+",SP/RP,$3
12486,"The Coral Square",22668,18383,sa874715,"Michael Soroka",ARI,SP/RP,$3
12486,"The Coral Square",27148,23335,sa3005246,"Joey Cantillo",CLE,SP/RP,$3
12486,"The Coral Square",38330,27756,sa3014534,"Mick Abel",MIN,SP,$3
12486,"The Coral Square",40371,29695,sa3017154,"Matt McLain",CIN,2B,$2
12486,"The Coral Square",42312,31475,sa3020080,"Logan Henderson",MIL,SP,$2
12486,"The Coral Square",38374,27899,sa3014474,"Colt Keith",DET,1B/2B/3B,$2
12486,"The Coral Square",38308,27464,sa3014528,"Dillon Dingler",DET,C,$2
12486,"The Coral Square",5201,4949,sa390316,"Giancarlo Stanton",NYY,OF,$2
12486,"The Coral Square",35566,21455,sa3008128,"Kris Bubic",KCR,SP,$2
12486,"The Coral Square",27185,20191,sa3005306,"Garrett Whitlock",BOS,RP,$2
12486,"The Coral Square",22078,30115,sa869798,"Robert Suarez",ATL,RP,$2
12486,"The Coral Square",18487,16997,sa830372,"Gleyber Torres",DET,2B,$1
12486,"The Coral Square",33686,21614,sa3006861,"Kyle Isbel",KCR,OF,$1
12486,"The Coral Square",26446,19769,sa3004101,"Will Vest",DET,RP,$1
12486,"The Coral Square",18126,12927,sa597760,"Brandon Nimmo",TEX,OF,$1
12496,"Iron Birds Too",37806,26289,sa3011484,"Gunnar Henderson",BAL,SS,$57
12496,"Iron Birds Too",22426,17295,sa873146,"Framber Valdez",DET,SP,$37
12496,"Iron Birds Too",41042,30279,sa3018290,"Bryan Woo",SEA,SP,$35
12496,"Iron Birds Too",23859,19251,sa873981,"Pete Alonso",BAL,1B,$31
12496,"Iron Birds Too",14982,11579,sa548033,"Bryce Harper",PHI,1B,$30
12496,"Iron Birds Too",14934,11493,sa548155,"Manny Machado",SDP,3B,$18
12496,"Iron Birds Too",5918,5417,sa455591,"Jose Altuve",HOU,2B/OF,$12
12496,"Iron Birds Too",19168,18679,sa737343,"Freddy Peralta",NYM,SP,$11
12496,"Iron Birds Too",18391,14212,sa658473,"Josh Hader",HOU,RP,$10
12496,"Iron Birds Too",34817,24598,sa3006910,"Addison Barger",TOR,3B/OF,$9
12496,"Iron Birds Too",34619,24679,sa3006675,"Brendan Donovan","SEA AA",2B/SS/3B/OF,$9
12496,"Iron Birds Too",38736,27498,sa3015059,"Spencer Strider",ATL,SP,$8
12496,"Iron Birds Too",42126,31781,sa3020241,"Jackson Holliday",BAL,2B/SS,$7
12496,"Iron Birds Too",37295,25931,sa3010684,"Michael Harris II",ATL,OF,$7
12496,"Iron Birds Too",23840,19290,sa914549,"Randy Arozarena",SEA,OF,$7
12496,"Iron Birds Too",34788,22542,sa3006873,"Lawrence Butler",ATH,OF,$6
12496,"Iron Birds Too",42719,31872,sa3020860,"Cade Horton",CHC,SP,$6
12496,"Iron Birds Too",37257,26288,sa3011643,"Adley Rutschman",BAL,C,$5
12496,"Iron Birds Too",23813,19361,sa873673,"Corbin Burnes",ARI,SP,$5
12496,"Iron Birds Too",40978,30134,sa3018170,"Tanner Bibee",CLE,SP,$4
12496,"Iron Birds Too",40505,29478,sa3017339,"Carter Jensen",KCR,C,$4
12496,"Iron Birds Too",44147,33390,sa3022757,"Bryce Eldridge",SFG,1B,$4
12496,"Iron Birds Too",33424,22487,sa922365,"Johan Oviedo",BOS,SP,$2
12496,"Iron Birds Too",46358,,sa3067131,"Ryan Sloan","SEA AA",SP,$2
12496,"Iron Birds Too",22692,17611,sa874810,"Taylor Clarke",ARI,RP,$2
12496,"Iron Birds Too",47565,,sa3026225,"Jamie Arnold","ATH AA",SP,$1
12496,"Iron Birds Too",45797,,sa3066592,"Bryce Rainer","DET A+",SS,$1
12496,"Iron Birds Too",45714,35108,sa3025358,"Cam Smith",HOU,OF,$1
12496,"Iron Birds Too",42283,31661,sa3019988,"Jacob Melton","TBR AAA",OF,$1
12496,"Iron Birds Too",43950,33541,sa3022882,"Dylan Crews","WSN AAA",OF,$1
12496,"Iron Birds Too",40155,30146,sa3018053,"Jack Leiter",TEX,SP,$1
12496,"Iron Birds Too",18422,17130,sa830702,"Raisel Iglesias",ATL,RP,$1
12496,"Iron Birds Too",18414,12572,sa549672,"Blake Treinen",LAD,RP,$1
12496,"Iron Birds Too",32051,21992,sa916835,"Camilo Doval",NYY,RP,$1
12496,"Iron Birds Too",33611,22294,sa3008163,"Matthew Liberatore",STL,SP/RP,$1
12496,"Iron Birds Too",35205,20423,sa3007594,"Ryan Walker",SFG,RP,$1
12496,"Iron Birds Too",35532,25007,sa3008070,"Alex Vesia",LAD,RP,$1
12496,"Iron Birds Too",35628,24064,sa3008239,"Ezequiel Tovar",COL,SS,$1
12496,"Iron Birds Too",36803,25479,sa3009965,"Brenton Doyle",COL,OF,$1
12496,"Iron Birds Too",38307,27474,sa3014430,"Max Meyer",MIA,SP,$1
12496,"Iron Birds Too",38378,28312,sa3014479,"Coby Mayo",BAL,1B/3B,$1
12496,"Iron Birds Too",14864,11739,sa548255,"J.T. Realmuto",PHI,C,$1
12497,MrMarino,33600,19755,,"Shohei Ohtani",LAD,Util/SP,$88
12497,MrMarino,35204,22267,sa3007593,"Tarik Skubal",DET,SP,$69
12497,MrMarino,33654,21534,sa3008377,"Cal Raleigh",SEA,C,$57
12497,MrMarino,18122,12916,sa597754,"Francisco Lindor",NYM,SS,$30
12497,MrMarino,23767,19612,sa917949,"Bo Bichette",NYM,SS/3B,$30
12497,MrMarino,33685,24617,sa3006786,"Jarren Duran",BOS,OF,$25
12497,MrMarino,45720,35041,sa3025245,"Jac Caglianone",KCR,1B/OF,$19
12497,MrMarino,33907,24262,sa3005581,"Ceddanne Rafaela",BOS,2B/OF,$15
12497,MrMarino,38781,27914,sa3015122,"Daniel Palencia",CHC,RP,$11
12497,MrMarino,45064,,sa3024108,"Jesus Made","MIL AA",SS,$7
12497,MrMarino,37427,26121,sa3010862,"Francisco Alvarez",NYM,C,$6
12497,MrMarino,38334,27473,sa3014421,"Cade Cavalli",WSN,SP,$4
12497,MrMarino,31958,20352,sa915732,"Ernie Clement",TOR,1B/2B/SS/3B,$2
12497,MrMarino,18547,18564,sa874246,"Trent Grisham",NYY,OF,$2
12497,MrMarino,38424,27690,sa3014531,"Joey Wiemer",WSN,OF,$1
12497,MrMarino,38461,27482,sa3014701,"Robert Hassell III","WSN AAA",OF,$1
12497,MrMarino,41926,31204,sa3019501,"Justin Wrobleski",LAD,SP/RP,$1
12497,MrMarino,42219,31394,sa3019918,"Brooks Baldwin",CHW,2B/SS/3B/OF,$1
12497,MrMarino,42416,31912,sa3020219,"Chandler Simpson",TBR,OF,$1
12497,MrMarino,42428,31791,sa3020240,"Justin Crawford",PHI,OF,$1
12497,MrMarino,42712,31807,sa3020652,"Troy Melton",DET,SP/RP,$1
12497,MrMarino,43895,33876,sa3023360,"Rhett Lowder",CIN,SP,$1
12497,MrMarino,44286,,sa3022963,"A.J. Ewing","NYM AAA",OF,$1
12497,MrMarino,44308,33644,sa3023011,"Kristian Campbell","BOS AAA",1B/2B/OF,$1
12497,MrMarino,22616,17929,sa873639,"Cedric Mullins",TBR,OF,$1
12497,MrMarino,37660,26202,sa3011255,"Jake Mangum",PIT,OF,$1
12497,MrMarino,20936,17594,sa828700,"Mitch Keller",PIT,SP,$1
12497,MrMarino,23805,19363,sa874219,"Austin Hays",CHW,OF,$1
12497,MrMarino,26384,20116,sa3004013,"Calvin Faucher",MIA,RP,$1
12497,MrMarino,33147,19392,sa918920,"Zach McKinstry",DET,2B/SS/3B/OF,$1
12497,MrMarino,33217,21837,sa919293,"Jonathan Aranda",TBR,1B,$1
12497,MrMarino,19296,15711,sa737633,"Tyler O'Neill",BAL,OF,$1
12497,MrMarino,19285,14968,sa737618,"Victor Caratini",MIN,C/1B,$1
12497,MrMarino,33656,20633,,"Yusei Kikuchi",LAA,SP,$1
12497,MrMarino,18491,17901,sa738659,"Andrew Benintendi",CHW,OF,$1
12497,MrMarino,14941,11486,sa549085,"Robbie Ray",SFG,SP,$1
12497,MrMarino,37202,27691,sa3010572,"Louis Varland",TOR,RP,$1
12497,MrMarino,12379,9777,sa500816,"Nolan Arenado",ARI,3B,$1
12502,"Naga City Jaels",39277,28806,sa3015704,"Jackson Chourio",MIL,OF,$50
12502,"Naga City Jaels",45716,35110,sa3025385,"Nick Kurtz",ATH,1B,$50
12502,"Naga City Jaels",44525,33825,sa3023345,"Yoshinobu Yamamoto",LAD,SP,$44
12502,"Naga City Jaels",23762,20454,sa919327,"Jazz Chisholm Jr.",NYY,2B/3B,$43
12502,"Naga City Jaels",44336,33703,sa3023053,"Nolan McLean",NYM,SP,$40
12502,"Naga City Jaels",40552,29839,sa3017416,"Emmet Sheehan",LAD,SP,$22
12502,"Naga City Jaels",48239,37123,sa3063134,"Kazuma Okamoto",TOR,1B/3B,$19
12502,"Naga City Jaels",40262,29712,sa3017170,"Colson Montgomery",CHW,SS/3B,$16
12502,"Naga City Jaels",43949,33549,sa3022886,"Kyle Teel",CHW,C,$13
12502,"Naga City Jaels",40941,30122,sa3018106,"Gavin Williams",CLE,SP,$9
12502,"Naga City Jaels",45790,35456,sa3045705,"Trey Yesavage",TOR,SP/RP,$9
12502,"Naga City Jaels",23792,20220,sa3004837,"Jo Adell",LAA,OF,$8
12502,"Naga City Jaels",22048,17548,sa858832,"Taylor Ward",BAL,OF,$7
12502,"Naga City Jaels",36325,26546,sa3009276,"Agustin Ramirez","MIA AAA",C,$6
12502,"Naga City Jaels",35824,24610,sa3008536,"Steven Kwan",CLE,OF,$6
12502,"Naga City Jaels",33627,21479,sa3007867,"Nico Hoerner",CHC,2B,$6
12502,"Naga City Jaels",23693,16162,sa597893,"Brandon Woodruff",MIL,SP,$4
12502,"Naga City Jaels",40298,29622,sa3017047,"Sal Frelick",MIL,OF,$4
12502,"Naga City Jaels",27208,22210,sa3005339,"Jeremiah Estrada",SDP,RP,$4
12502,"Naga City Jaels",33049,20023,sa918679,"Rico Garcia",BAL,RP,$3
12502,"Naga City Jaels",23672,20039,sa969093,"Adrian Morejon",SDP,RP,$3
12502,"Naga City Jaels",26570,19608,sa3004268,"Otto Lopez",MIA,2B/SS,$3
12502,"Naga City Jaels",38409,27932,sa3014512,"Ian Seymour",TBR,SP/RP,$3
12502,"Naga City Jaels",26915,23401,sa3004817,"Jose Caballero",NYY,2B/SS/3B/OF,$2
12502,"Naga City Jaels",47553,,sa3026056,"Kade Anderson","SEA AA",SP,$1
12502,"Naga City Jaels",19394,14771,sa737885,"Emilio Pagan",CIN,RP,$1
12502,"Naga City Jaels",20545,18568,sa828153,"Luis Arraez",SFG,1B/2B,$1
12502,"Naga City Jaels",22809,18064,sa875251,"Phil Maton",CHC,RP,$1
12502,"Naga City Jaels",43988,,sa3022894,"Walker Jenkins","MIN AAA",OF,$1
12502,"Naga City Jaels",33676,21865,sa3008247,"Bo Naylor",CLE,C,$1
12502,"Naga City Jaels",41865,,sa3019390,"Carlos Lagrange","NYY AAA",SP,$1
12502,"Naga City Jaels",41342,,sa3018591,"Josue De Paula","LAD AA",OF,$1
12502,"Naga City Jaels",41160,,sa3018409,"Lazaro Montes","SEA AA",OF,$1
12502,"Naga City Jaels",26404,22217,sa3004041,"Luis Campusano",SDP,C,$1
12502,"Naga City Jaels",40648,29869,sa3017598,"Michael McGreevy",STL,SP,$1
12502,"Naga City Jaels",27074,23590,sa3005122,"Ben Brown",CHC,SP/RP,$1
12502,"Naga City Jaels",34396,24017,sa3006373,"Jose A. Ferrer",SEA,RP,$1
12502,"Naga City Jaels",18255,13301,sa503373,"Max Muncy",LAD,3B,$1
12503,"Contreras Bandits",36668,25764,sa3011225,"Bobby Witt Jr.",KCR,SS,$75
12503,"Contreras Bandits",18546,18345,sa874240,"Kyle Tucker",LAD,OF,$52
12503,"Contreras Bandits",21015,17995,sa828873,"Logan Webb",SFG,SP,$47
12503,"Contreras Bandits",43896,33333,sa3022654,"Wyatt Langford",TEX,OF,$26
12503,"Contreras Bandits",14294,10954,sa548447,"Jacob DeGrom",TEX,SP,$21
12503,"Contreras Bandits",18378,16505,sa828672,"Matt Chapman",SFG,3B,$17
12503,"Contreras Bandits",44544,33927,sa3023634,"Grant Taylor",CHW,SP/RP,$16
12503,"Contreras Bandits",40255,29576,sa3016974,"Ben Rice",NYY,C/1B,$15
12503,"Contreras Bandits",42711,31623,sa3020644,"Jacob Misiorowski",MIL,SP,$13
12503,"Contreras Bandits",44057,33321,sa3022614,"Luke Keaschall",MIN,2B,$12
12503,"Contreras Bandits",18479,17919,sa827194,"Ian Happ",CHC,OF,$7
12503,"Contreras Bandits",12398,11609,sa508176,"Willson Contreras",BOS,1B,$4
12503,"Contreras Bandits",40398,29646,sa3017183,"Caleb Durbin",BOS,2B/3B,$3
12503,"Contreras Bandits",45789,35061,sa3025261,"Ryan Waldschmidt","ARI AAA",OF,$2
12503,"Contreras Bandits",38456,,sa3014693,"Emmanuel Rodriguez","MIN AAA",OF,$1
12503,"Contreras Bandits",38328,27468,sa3014425,"Reid Detmers",LAA,SP/RP,$1
12503,"Contreras Bandits",40821,30074,sa3017871,"Chase Silseth",LAA,SP/RP,$1
12503,"Contreras Bandits",42146,31595,sa3019973,"Brooks Lee",MIN,2B/SS/3B,$1
12503,"Contreras Bandits",42538,31760,sa3020395,"JR Ritchie",ATL,SP/RP,$1
12503,"Contreras Bandits",41452,30661,sa3018841,"Didier Fuentes",ATL,SP/RP,$1
12503,"Contreras Bandits",45708,34979,sa3025168,"Christian Moore","LAA AAA",2B,$1
12503,"Contreras Bandits",46047,,sa3025613,"Ryan Lambert","NYM AAA",RP,$1
12503,"Contreras Bandits",45881,,sa3025360,"Kaelen Culpepper","MIN AAA",SS,$1
12503,"Contreras Bandits",37536,26438,sa1115890,"Dominic Canzone",SEA,OF,$1
12503,"Contreras Bandits",37174,26466,sa918808,"Matt Wallner",MIN,OF,$1
12503,"Contreras Bandits",19575,17735,sa738285,"Tyler Alexander",TEX,SP/RP,$1
12503,"Contreras Bandits",21039,17312,sa828960,"Justin Steele",CHC,RP,$1
12503,"Contreras Bandits",21156,16442,sa829141,"Ryan O'Hearn",PIT,1B/OF,$1
12503,"Contreras Bandits",22004,18036,sa857694,"Jake Cronenworth",SDP,1B/2B/SS,$1
12503,"Contreras Bandits",22654,17988,sa874242,"Tyler Stephenson",CIN,C,$1
12503,"Contreras Bandits",23701,12447,sa599698,"Seth Lugo",KCR,SP,$1
12503,"Contreras Bandits",23788,19522,sa943754,"TJ Friedl",CIN,OF,$1
12503,"Contreras Bandits",32009,22100,sa916702,"Jose Soriano",LAA,SP,$1
12503,"Contreras Bandits",32084,19722,sa916966,"Carlos Narvaez",BOS,C,$1
12503,"Contreras Bandits",32611,19716,sa917992,"Dustin May",STL,SP,$1
12503,"Contreras Bandits",33672,23550,sa3007225,"Aaron Ashby",MIL,RP,$1
12503,"Contreras Bandits",34601,21454,sa3006649,"Lars Nootbaar",STL,OF,$1
12503,"Contreras Bandits",36984,25807,sa3010272,"Jared Triolo",PIT,1B/2B/SS/3B,$1
12503,"Contreras Bandits",37091,26477,sa1115496,"Spencer Horwitz",PIT,1B,$1
12503,"Contreras Bandits",37171,27552,sa918274,"Graham Ashcraft",CIN,SP/RP,$1
12503,"Contreras Bandits",18462,12970,sa597766,"Joe Musgrove",SDP,RP,$1
12506,"Randy Johnsons Occular Patdown",37182,25878,sa3010593,"Corbin Carroll",ARI,OF,$62
12506,"Randy Johnsons Occular Patdown",33625,23697,sa3005720,"Julio Rodriguez",SEA,OF,$55
12506,"Randy Johnsons Occular Patdown",18386,14344,sa657863,"Matt Olson",ATL,1B,$34
12506,"Randy Johnsons Occular Patdown",23793,19627,sa3003172,"Brent Rooker",ATH,OF,$30
12506,"Randy Johnsons Occular Patdown",18368,16252,sa599179,"Trea Turner",PHI,SS,$29
12506,"Randy Johnsons Occular Patdown",36669,25816,sa3010329,"Shea Langeliers",ATH,C,$23
12506,"Randy Johnsons Occular Patdown",40927,30116,sa3018052,"Seiya Suzuki",CHC,OF,$14
12506,"Randy Johnsons Occular Patdown",35874,24586,sa3008605,"Kyle Bradish",BAL,SP,$11
12506,"Randy Johnsons Occular Patdown",38388,27467,sa3014489,"Tyler Soderstrom",ATH,1B/OF,$11
12506,"Randy Johnsons Occular Patdown",43966,33322,sa3022615,"Matt Shaw",CHC,3B/OF,$11
12506,"Randy Johnsons Occular Patdown",44003,33266,sa3022538,"Jacob Wilson",ATH,SS,$10
12506,"Randy Johnsons Occular Patdown",43589,32095,sa3021981,"Cam Schlittler",NYY,SP,$9
12506,"Randy Johnsons Occular Patdown",40550,29837,sa3017414,"Bryce Miller","SEA A+",SP,$8
12506,"Randy Johnsons Occular Patdown",39288,28824,sa3015716,"Samuel Basallo",BAL,C/1B,$8
12506,"Randy Johnsons Occular Patdown",23794,22264,sa3004765,"Shane Baz",BAL,SP,$6
12506,"Randy Johnsons Occular Patdown",37649,26221,sa3011244,"Ryan Pepiot",TBR,SP,$6
12506,"Randy Johnsons Occular Patdown",23741,19959,sa917981,"Jesus Luzardo",PHI,SP,$6
12506,"Randy Johnsons Occular Patdown",14893,11477,sa548190,"Christian Yelich",MIL,OF,$5
12506,"Randy Johnsons Occular Patdown",21075,17586,sa829027,"Tanner Scott",LAD,RP,$5
12506,"Randy Johnsons Occular Patdown",19398,15454,sa737889,"Nick Pivetta",SDP,SP,$5
12506,"Randy Johnsons Occular Patdown",42358,31505,sa3020130,"Sal Stewart",CIN,1B/2B/3B,$5
12506,"Randy Johnsons Occular Patdown",20732,18684,sa828383,"Sandy Alcantara",MIA,SP,$5
12506,"Randy Johnsons Occular Patdown",42737,31846,sa3020703,"Spencer Schwellenbach",ATL,SP,$4
12506,"Randy Johnsons Occular Patdown",6305,10155,sa500736,"Mike Trout",LAA,OF,$4
12506,"Randy Johnsons Occular Patdown",18364,17432,sa709602,"Jeff Hoffman",TOR,RP,$3
12506,"Randy Johnsons Occular Patdown",37234,25756,sa3010616,"Matt Brash",SEA,RP,$3
12506,"Randy Johnsons Occular Patdown",38389,27790,sa3014490,"Evan Carter",TEX,OF,$2
12506,"Randy Johnsons Occular Patdown",33670,23796,sa3008436,"Ryan Weathers",NYY,SP,$2
12506,"Randy Johnsons Occular Patdown",37216,26323,sa3010586,"Spencer Steer",CIN,1B/OF,$2
12506,"Randy Johnsons Occular Patdown",33647,21483,sa3008547,"Shane McClanahan",TBR,SP,$2
12506,"Randy Johnsons Occular Patdown",35776,23793,sa3008470,"Braxton Ashcraft",PIT,SP/RP,$2
12506,"Randy Johnsons Occular Patdown",23838,13892,sa658150,"Paul Sewald",ARI,RP,$2
12506,"Randy Johnsons Occular Patdown",45713,34985,sa3025154,"JJ Wetherholt",STL,2B/SS,$1
12506,"Randy Johnsons Occular Patdown",19136,19677,sa737262,"Gregory Soto",PIT,RP,$1
12506,"Randy Johnsons Occular Patdown",26807,23301,sa3004659,"Janson Junk",MIA,SP/RP,$1
12506,"Randy Johnsons Occular Patdown",42794,31857,sa3020808,"Connor Prielipp",MIN,SP/RP,$1
12506,"Randy Johnsons Occular Patdown",31488,19804,sa739000,"Bryan Baker",TBR,RP,$1
12506,"Randy Johnsons Occular Patdown",37469,26197,sa3011226,"Andrew Vaughn",MIL,1B,$1
12506,"Randy Johnsons Occular Patdown",42308,31468,sa3020076,"Jack Perkins",ATH,SP/RP,$1
12506,"Randy Johnsons Occular Patdown",33679,19899,sa3007582,"Clarke Schmidt",NYY,SP,$1
12506,"Randy Johnsons Occular Patdown",40820,30076,sa3017869,"Landen Roupp",SFG,SP,$1
12506,"Randy Johnsons Occular Patdown",34874,23499,sa3006968,"Keaton Winn",SFG,SP/RP,$1
12506,"Randy Johnsons Occular Patdown",45884,35101,sa3025363,"Sam Antonacci",CHW,2B/3B/OF,$1
12510,"Roman Empire ",42409,31812,sa3020211,"Roman Anthony",BOS,OF,$64
12510,"Roman Empire ",26198,22799,sa3003290,"Geraldo Perdomo",ARI,SS,$31
12510,"Roman Empire ",33259,20373,sa919548,"Andres Munoz",SEA,RP,$27
12510,"Roman Empire ",38327,27769,sa3014458,"Pete Crow-Armstrong",CHC,OF,$26
12510,"Roman Empire ",19268,15816,sa737560,"Devin Williams",NYM,RP,$26
12510,"Roman Empire ",23601,14710,sa657938,"Edwin Diaz",LAD,RP,$24
12510,"Roman Empire ",31751,19853,sa874220,"Michael King",SDP,SP,$19
12510,"Roman Empire ",42279,31695,sa3019983,"Dylan Beavers",BAL,OF,$18
12510,"Roman Empire ",42221,31539,sa3019920,"Drake Baldwin",ATL,C,$15
12510,"Roman Empire ",46091,35323,sa3025686,"Roki Sasaki",LAD,SP,$15
12510,"Roman Empire ",23732,15689,sa657487,"Luis Castillo",SEA,SP,$13
12510,"Roman Empire ",44526,33829,sa3023346,"Shota Imanaga",CHC,SP,$12
12510,"Roman Empire ",33651,22514,sa3007634,"Triston Casas",BOS,1B,$12
12510,"Roman Empire ",44534,33850,sa3023499,"Brandon Sproat",MIL,SP,$10
12510,"Roman Empire ",45706,35333,sa3028086,"Chase Burns",CIN,SP/RP,$10
12510,"Roman Empire ",33949,24816,sa3005625,"Andy Pages",LAD,OF,$8
12510,"Roman Empire ",37786,26299,sa3011468,"Josh Jung",TEX,3B,$7
12510,"Roman Empire ",33645,22266,sa3007018,"Xavier Edwards",MIA,2B/SS,$7
12510,"Roman Empire ",40508,29794,sa3017342,"Kyle Manzardo",CLE,1B,$7
12510,"Roman Empire ",42176,32127,sa3021053,"Chase DeLauter",CLE,OF,$6
12510,"Roman Empire ",39285,28820,sa3015713,"Moises Ballesteros",CHC,C,$6
12510,"Roman Empire ",42169,31370,sa3019868,"Jakob Marsee",MIA,OF,$5
12510,"Roman Empire ",27207,22581,sa3005337,"Alejandro Kirk",TOR,C,$5
12510,"Roman Empire ",44515,33666,sa3023308,"Connelly Early",BOS,SP,$4
12510,"Roman Empire ",44539,,sa3023363,"Leo De Vries","ATH AA",SS,$3
12510,"Roman Empire ",42238,31583,sa3019937,"Zach Cole",HOU,OF,$3
12510,"Roman Empire ",46310,35466,sa3043900,"Payton Tolle",BOS,SP/RP,$3
12510,"Roman Empire ",38367,27496,sa3014465,"Owen Caissie",MIA,OF,$2
12510,"Roman Empire ",46221,,sa3034986,"Gage Jump","ATH AAA",SP,$1
12510,"Roman Empire ",18160,14162,sa657850,"Carlos Correa",HOU,SS/3B,$1
12510,"Roman Empire ",45990,,sa3028930,"Jurrangelo Cijntje","STL AA",SP,$1
12510,"Roman Empire ",45901,,sa3025383,"Tommy White","ATH AAA",3B,$1
12510,"Roman Empire ",20920,17479,sa828681,"Jack Flaherty",DET,SP,$1
12510,"Roman Empire ",30196,19249,sa657573,"Seranthony Dominguez",CHW,RP,$1
12510,"Roman Empire ",35487,20572,sa3008002,"Kody Clemens",MIN,1B/2B/OF,$1
12510,"Roman Empire ",38404,27479,sa3014506,"Masyn Winn",STL,SS,$1
12510,"Roman Empire ",42582,31680,sa3020459,"Cole Young",SEA,2B/SS,$1
12510,"Roman Empire ",42405,31500,sa3020206,"Ryan Ritter","COL AAA",2B/SS,$1
12510,"Roman Empire ",13117,12161,sa550735,"Xander Bogaerts",SDP,SS,$1
12512,"Double-A Affiliate",23327,18401,sa877503,"Ronald Acuña Jr.",ATL,OF,$53
12512,"Double-A Affiliate",22674,18360,sa874756,"Austin Riley",ATL,3B,$38
12512,"Double-A Affiliate",36671,25436,sa3011526,"George Kirby",SEA,SP,$33
12512,"Double-A Affiliate",23625,21846,sa917938,"Cole Ragans",KCR,SP,$32
12512,"Double-A Affiliate",20975,20778,sa828749,"Cristopher Sanchez",PHI,SP,$32
12512,"Double-A Affiliate",23654,19197,sa873265,"Will Smith",LAD,C,$25
12512,"Double-A Affiliate",45769,35376,sa3065496,"Konnor Griffin",PIT,SS,$23
12512,"Double-A Affiliate",18164,13743,sa657860,"Max Fried",NYY,SP,$20
12512,"Double-A Affiliate",40142,29490,sa3016829,"Jackson Merrill",SDP,OF,$18
12512,"Double-A Affiliate",18460,13543,sa597786,"Blake Snell","LAD AAA",SP,$15
12512,"Double-A Affiliate",23824,22182,sa3005315,"Hunter Greene",CIN,SP,$10
12512,"Double-A Affiliate",33325,21690,sa920423,"Edward Cabrera",CHC,SP,$8
12512,"Double-A Affiliate",33767,23920,sa3005436,"Brayan Bello",BOS,SP,$7
12512,"Double-A Affiliate",31741,18882,sa874181,"Brandon Lowe",PIT,2B,$6
12512,"Double-A Affiliate",23705,19950,sa917114,"Andres Gimenez",TOR,2B/SS,$4
12512,"Double-A Affiliate",38361,27863,sa3014459,"Jared Jones",PIT,RP,$3
12512,"Double-A Affiliate",38315,27470,sa3014456,"Emerson Hancock",SEA,SP/RP,$3
12512,"Double-A Affiliate",42304,31580,sa3020011,"Chase Meidroth",CHW,2B/SS,$2
12512,"Double-A Affiliate",18786,17085,sa736473,"Pablo Lopez",MIN,SP,$2
12512,"Double-A Affiliate",43932,33189,sa3022430,"Nolan Schanuel",LAA,1B,$2
12512,"Double-A Affiliate",18153,12564,sa597765,"Trevor Story",BOS,SS,$2
12512,"Double-A Affiliate",39099,28142,sa3015523,"Jhostynxon Garcia","PIT A",OF,$1
12512,"Double-A Affiliate",40052,29617,sa3017042,"Henry Davis",PIT,C,$1
12512,"Double-A Affiliate",39140,28253,sa3015564,"Javier Sanoja",MIA,2B/SS/3B/OF/RP,$1
12512,"Double-A Affiliate",40460,29779,sa3017290,"Max Muncy",ATH,2B/SS/3B,$1
12512,"Double-A Affiliate",40562,29858,sa3017426,"Denzel Clarke",ATH,OF,$1
12512,"Double-A Affiliate",42666,31776,sa3020593,"Orion Kerkering",PHI,RP,$1
12512,"Double-A Affiliate",44020,,sa3022567,"Max Anderson","DET AAA",2B/3B,$1
12512,"Double-A Affiliate",44473,33794,sa3023250,"Trey Gibson",BAL,SP/RP,$1
12512,"Double-A Affiliate",46089,35322,sa3012639,"Hyeseong Kim",LAD,2B/SS/OF,$1
12512,"Double-A Affiliate",38780,24978,sa3015121,"Erik Sabrowski",CLE,RP,$1
12512,"Double-A Affiliate",38641,27517,sa3014906,"Jared Koenig",MIL,RP,$1
12512,"Double-A Affiliate",18171,14078,sa621625,"Michael Wacha",KCR,SP,$1
12512,"Double-A Affiliate",18383,14854,sa503161,"Mike Yastrzemski",ATL,OF,$1
12512,"Double-A Affiliate",18415,16400,sa696415,"Reynaldo Lopez",ATL,SP,$1
12512,"Double-A Affiliate",19437,15823,sa737929,"Zack Littell",WSN,SP,$1
12512,"Double-A Affiliate",19904,15541,sa739036,"Tyler Rogers",TOR,RP,$1
12512,"Double-A Affiliate",22679,19926,sa874781,"Tony Santillan",CIN,RP,$1
12512,"Double-A Affiliate",23612,13774,sa657853,"Zach Eflin",BAL,SP,$1
12512,"Double-A Affiliate",32655,19354,sa918048,"Luke Raley",SEA,1B/OF,$1
12512,"Double-A Affiliate",18397,16556,sa830219,"Ozzie Albies",ATL,2B,$1
12512,"Double-A Affiliate",36046,26540,sa3008762,"Angel Martinez",CLE,2B/OF,$1
12512,"Double-A Affiliate",36940,25796,sa3010171,"Anthony Nunez",BAL,RP,$1
12512,"Double-A Affiliate",37035,25782,sa3010339,"Pedro Pages",STL,C,$1
12512,"Double-A Affiliate",18162,14221,sa658226,"Jorge Soler",LAA,OF,$1
12513,"Bno Farris",39108,28163,sa3015532,"Junior Caminero",TBR,3B,$76
12513,"Bno Farris",18284,13510,sa598784,"José Ramírez",CLE,3B,$60
12513,"Bno Farris",36338,26668,sa3009289,"Elly De La Cruz",CIN,SS,$60
12513,"Bno Farris",26154,22715,sa3003246,"Maikel Garcia",KCR,2B/SS/3B/OF,$45
12513,"Bno Farris",14393,10603,sa392121,"Chris Sale",ATL,SP,$37
12513,"Bno Farris",33634,22186,sa3008294,"Brice Turang",MIL,2B,$29
12513,"Bno Farris",36509,25976,sa3010694,"Riley Greene",DET,OF,$23
12513,"Bno Farris",22651,18138,sa874172,"Ryan Helsley",BAL,RP,$13
12513,"Bno Farris",37094,27676,sa1115762,"Vinnie Pasquantino",KCR,1B,$8
12513,"Bno Farris",31951,19569,sa915715,"David Bednar",NYY,RP,$8
12513,"Bno Farris",18407,15986,sa736655,"Willy Adames",SFG,SS,$6
12513,"Bno Farris",35922,25385,sa829799,"Drew Rasmussen",TBR,SP,$3
12513,"Bno Farris",18465,15440,sa621603,"Matthew Boyd",CHC,SP,$2
12513,"Bno Farris",44487,,sa3023268,"Thomas White","MIA AAA",SP,$2
12513,"Bno Farris",44248,,sa3022923,"Colt Emerson","SEA AAA",SS,$2
12513,"Bno Farris",18449,12730,sa599574,"Nick Martinez",TBR,SP/RP,$2
12513,"Bno Farris",45090,,sa3024134,"Luis Pena","MIL A+",2B/SS,$1
12513,"Bno Farris",40861,30113,sa3017933,"Chad Patrick",MIL,SP,$1
12513,"Bno Farris",40972,30182,sa3018149,"Will Warren",NYY,SP,$1
12513,"Bno Farris",41808,,sa3019283,"Luis De Leon","BAL AA",SP,$1
12513,"Bno Farris",41901,31811,sa3019459,"Elmer Rodriguez",NYY,SP/RP,$1
12513,"Bno Farris",42193,31382,sa3019892,"Dalton Rushing",LAD,C,$1
12513,"Bno Farris",42723,31838,,"Kodai Senga",NYM,SP,$1
12513,"Bno Farris",45018,,sa3023987,"Rainiel Rodriguez","STL A+",C,$1
12513,"Bno Farris",44659,33573,sa3023557,"Travis Sykora","WSN AA",SP,$1
12513,"Bno Farris",42354,,sa3020126,"Ryan Clifford","NYM AAA",1B/OF,$1
12513,"Bno Farris",40260,29976,sa3017662,"Jordan Lawlar",ARI,2B/SS/3B/OF,$1
12513,"Bno Farris",38410,27758,sa3014513,"Kyle Harrison",MIL,SP/RP,$1
12513,"Bno Farris",18375,16944,sa828669,"Grant Holmes",ATL,SP,$1
12513,"Bno Farris",23833,19918,sa3002838,"Daulton Varsho",TOR,OF,$1
12513,"Bno Farris",31505,21306,sa829008,"Jacob Latz",TEX,SP/RP,$1
12513,"Bno Farris",33652,24618,sa3007051,"Ryan Jeffers",MIN,C,$1
12513,"Bno Farris",35367,22543,sa3007839,"Taj Bradley",MIN,SP,$1
12513,"Bno Farris",35440,24719,sa3007933,"Randy Vasquez",SDP,SP,$1
12513,"Bno Farris",37826,26253,sa3011524,"Ryne Nelson",ARI,SP/RP,$1
12513,"Bno Farris",37960,26396,sa3011703,"Josh Smith",TEX,1B/2B/SS/3B/OF,$1
12513,"Bno Farris",38313,27770,sa3014516,"Zac Veen","COL AAA",OF,$1
12513,"Bno Farris",38317,27562,sa3014440,"Austin Wells",NYY,C,$1
12513,"Bno Farris",38366,27475,sa3014464,"Jordan Walker",STL,OF,$1
12513,"Bno Farris",45715,,sa3025257,"Charlie Condon","COL AAA",1B,$1
12515,"Skuuby snacks ",43894,33677,sa3023079,"Paul Skenes",PIT,SP,$68
12515,"Skuuby snacks ",18549,19611,sa920245,"Vladimir Guerrero Jr.",TOR,1B,$59
12515,"Skuuby snacks ",40188,29518,sa3016870,"James Wood",WSN,OF,$45
12515,"Skuuby snacks ",18466,13613,sa597026,"Ketel Marte",ARI,2B,$41
12515,"Skuuby snacks ",38559,27768,sa3014807,"Eury Perez",MIA,SP,$38
12515,"Skuuby snacks ",19328,15998,sa737794,"Cody Bellinger",NYY,OF,$18
12515,"Skuuby snacks ",44223,33572,sa3022895,"Kevin McGonigle",DET,SS/3B,$17
12515,"Skuuby snacks ",33616,20492,sa3008444,"Casey Mize",DET,SP,$15
12515,"Skuuby snacks ",22655,18839,sa874243,"Josh Naylor",SEA,1B,$12
12515,"Skuuby snacks ",40389,29715,sa3017173,"Hunter Goodman",COL,C,$11
12515,"Skuuby snacks ",18506,18314,sa659260,"Dansby Swanson",CHC,SS,$9
12515,"Skuuby snacks ",23796,20437,sa3004259,"Royce Lewis",MIN,3B,$5
12515,"Skuuby snacks ",23613,14542,sa598491,"Carlos Estevez","KCR AAA",RP,$5
12515,"Skuuby snacks ",35602,25327,sa3008177,"Abner Uribe",MIL,RP,$4
12515,"Skuuby snacks ",20989,17722,sa828803,"Trevor Megill",MIL,RP,$4
12515,"Skuuby snacks ",44524,33824,sa3012640,"Jung Hoo Lee",SFG,OF,$3
12515,"Skuuby snacks ",13217,13152,sa548087,"Jorge Polanco",NYM,2B/3B,$3
12515,"Skuuby snacks ",31819,19350,sa876350,"Dean Kremer",BAL,SP,$3
12515,"Skuuby snacks ",26134,22664,sa3003226,"Gabriel Moreno",ARI,C,$3
12515,"Skuuby snacks ",48240,37120,sa3063258,"Munetaka Murakami",CHW,1B/3B,$3
12515,"Skuuby snacks ",23639,19956,sa917920,"Mickey Moniak",COL,OF,$3
12515,"Skuuby snacks ",23834,22515,sa3004693,"Heliot Ramos",SFG,OF,$3
12515,"Skuuby snacks ",40714,29995,sa3017698,"Daylen Lile",WSN,OF,$2
12515,"Skuuby snacks ",18272,15491,sa737507,"J.P. Crawford",SEA,SS,$2
12515,"Skuuby snacks ",36682,25977,sa3011297,"Quinn Priester","MIL AAA",SP/RP,$2
12515,"Skuuby snacks ",18619,15009,sa708446,"Kyle Finnegan",DET,RP,$1
12515,"Skuuby snacks ",48238,37122,sa3012529,"Sung Mun Song",SDP,2B/3B,$1
12515,"Skuuby snacks ",43911,33174,sa3022409,"Hunter Barco","PIT AAA",SP/RP,$1
12515,"Skuuby snacks ",18985,17878,sa737018,"Dennis Santana",PIT,RP,$1
12515,"Skuuby snacks ",43893,,sa3022683,"Max Clark","DET AAA",OF,$1
12515,"Skuuby snacks ",42277,31431,sa3019981,"Jordan Beck",COL,OF,$1
12515,"Skuuby snacks ",42175,,sa3020134,"Jett Williams","MIL AAA",2B/SS/3B/OF,$1
12515,"Skuuby snacks ",33620,25377,sa3008613,"Brady Singer",CIN,SP,$1
12515,"Skuuby snacks ",33548,20391,sa962605,"Luis García Jr.",WSN,1B/2B,$1
12515,"Skuuby snacks ",20435,17998,sa827454,"Pete Fairbanks",MIA,RP,$1
12515,"Skuuby snacks ",21968,18030,sa857218,"Harrison Bader",SFG,OF,$1
12515,"Skuuby snacks ",38321,27478,sa3014442,"Patrick Bailey",SFG,C,$1
12515,"Skuuby snacks ",37300,25961,sa3010689,"Kerry Carpenter",DET,OF,$1
12515,"Skuuby snacks ",23790,13649,sa598167,"Clay Holmes",NYM,SP,$1
12515,"Skuuby snacks ",40520,29780,sa3017374,"Joe Mack",MIA,C,$1
12516,"Dazed & Confused",38312,27463,,"Garrett Crochet",BOS,SP,$63
12516,"Dazed & Confused",23795,19556,sa943524,"Yordan Alvarez",HOU,OF,$41
12516,"Dazed & Confused",33682,22250,sa3008598,"Logan Gilbert",SEA,SP,$39
12516,"Dazed & Confused",42156,31347,sa3019855,"Zach Neto",LAA,SS,$36
12516,"Dazed & Confused",40862,31757,sa3017934,"Mason Miller",SDP,RP,$29
12516,"Dazed & Confused",22559,21029,sa873347,"Jhoan Duran",PHI,RP,$24
12516,"Dazed & Confused",18113,12768,sa455516,"Sonny Gray",BOS,SP,$21
12516,"Dazed & Confused",32291,21711,sa917318,"Oneil Cruz",PIT,OF,$12
12516,"Dazed & Confused",33607,22286,sa3005423,"Trevor Rogers",BAL,SP,$11
12516,"Dazed & Confused",18124,12856,sa526414,"George Springer",TOR,OF,$7
12516,"Dazed & Confused",45709,34967,sa3025129,"Travis Bazzana",CLE,2B,$7
12516,"Dazed & Confused",40615,29921,sa3017537,"Spencer Arrighetti",HOU,SP,$6
12516,"Dazed & Confused",31194,17277,sa659551,"Ranger Suarez",BOS,SP,$5
12516,"Dazed & Confused",9668,12552,sa505033,"Eugenio Suarez",CIN,3B,$5
12516,"Dazed & Confused",38320,27465,sa3014504,"Spencer Torkelson",DET,1B,$4
12516,"Dazed & Confused",27058,23772,sa3005082,"Wilyer Abreu",BOS,OF,$3
12516,"Dazed & Confused",35811,24728,sa3008517,"Mike Burrows",HOU,SP,$3
12516,"Dazed & Confused",26292,23003,sa3003386,"Yainer Diaz",HOU,C,$3
12516,"Dazed & Confused",38398,27815,sa3014499,"Jordan Westburg",BAL,2B/3B,$3
12516,"Dazed & Confused",23787,13619,sa602414,"Jakob Junis",TEX,RP,$3
12516,"Dazed & Confused",20917,16432,sa828674,"Foster Griffin",WSN,SP,$3
12516,"Dazed & Confused",43841,32157,sa3022324,"Jonah Tong","NYM AAA",SP,$3
12516,"Dazed & Confused",34804,20178,sa3006896,"Miguel Vargas",CHW,1B/3B,$3
12516,"Dazed & Confused",35299,22239,sa3007740,"Jeremiah Jackson",BAL,2B/SS/3B/OF,$2
12516,"Dazed & Confused",19649,16530,sa738378,"Mauricio Dubon",ATL,2B/SS/3B/OF,$2
12516,"Dazed & Confused",23780,20043,sa3003396,"Luis Robert Jr.",NYM,OF,$2
12516,"Dazed & Confused",45739,,sa3038253,"Braden Montgomery","CHW AAA",OF,$1
12516,"Dazed & Confused",17763,11156,sa552177,"Merrill Kelly",ARI,SP,$1
12516,"Dazed & Confused",44501,,sa3023282,"Jack Wenninger","NYM AAA",SP,$1
12516,"Dazed & Confused",44114,,sa3022703,"Zyhir Hope","LAD AA",OF,$1
12516,"Dazed & Confused",44052,,sa3022609,"Aidan Miller","PHI AAA",SS,$1
12516,"Dazed & Confused",18389,13419,sa503826,"Christian Walker",HOU,1B,$1
12516,"Dazed & Confused",43129,,sa3021208,"Eduardo Quintero","LAD A+",OF,$1
12516,"Dazed & Confused",23656,19360,sa872722,"Lucas Erceg",KCR,RP,$1
12516,"Dazed & Confused",40937,30184,sa3018097,"Noah Cameron",KCR,SP,$1
12516,"Dazed & Confused",23745,19287,sa908695,"Adolis García",PHI,OF,$1
12516,"Dazed & Confused",38887,28022,sa3015239,"Edgar Quero",CHW,C,$1
12516,"Dazed & Confused",23809,22275,sa915698,"Jake Burger",TEX,1B,$1
12516,"Dazed & Confused",26531,20348,sa3004210,"Riley O'Brien",STL,RP,$1
12516,"Dazed & Confused",31572,19901,sa829797,"Gavin Sheets",SDP,1B/OF,$1
12516,"Dazed & Confused",36683,27647,sa3010868,"Anthony Volpe","NYY AAA",SS,$1
12516,"Dazed & Confused",45947,35177,sa3025452,"Carson Benge",NYM,OF,$1
