Name,OttoneuID,"FG MajorLeagueID","FG MinorLeagueID","MLB Org",Position(s),"Avg Salary","Median Salary","Min Salary","Max Salary","Last 10",Roster%
"Shohei Ohtani",33600,19755,,LAD,Util/SP,$81.36,$82.00,$48,$104,$89.20,100
"Aaron Judge",18312,15640,sa549847,NYY,OF,$73.22,$73.00,$37,$110,$79.20,100
"Juan Soto",23717,20123,sa906282,NYM,OF,$70.15,$70.00,$51,$95,$65.30,100
"Fernando Tatis Jr.",23682,19709,sa919910,SDP,2B/OF,$51.61,$51.00,$27,$73,$48.10,100
"Ronald Acuña Jr.",23327,18401,sa877503,ATL,OF,$50.49,$50.00,$32,$82,$58.80,100
"José Ramírez",18284,13510,sa598784,CLE,3B,$50.48,$51.00,$36,$71,$45.70,100
"Yordan Alvarez",23795,19556,sa943524,HOU,OF,$50.36,$50.00,$34,$69,$43.30,100
"Vladimir Guerrero Jr.",18549,19611,sa920245,TOR,1B,$49.90,$50.00,$35,$77,$47.40,100
"Bobby Witt Jr.",36668,25764,sa3011225,KCR,SS,$49.80,$49.00,$26,$75,$61.40,100
"Kyle Tucker",18546,18345,sa874240,LAD,OF,$45.06,$45.00,$26,$60,$47.20,100
"Julio Rodriguez",33625,23697,sa3005720,SEA,OF,$42.07,$42.00,$16,$68,$46.40,100
"Paul Skenes",43894,33677,sa3023079,PIT,SP,$40.72,$40.00,$20,$77,$56.80,100
"Tarik Skubal",35204,22267,sa3007593,DET,SP,$40.48,$40.00,$23,$69,$49.00,95.804
"Yoshinobu Yamamoto",44525,33825,sa3023345,LAD,SP,$40.41,$40.00,$28,$63,$41.60,100
"Francisco Lindor",18122,12916,sa597754,NYM,SS,$37.70,$38.50,$20,$49,$28.60,96.503
"Bryce Harper",14982,11579,sa548033,PHI,1B,$37.34,$37.00,$15,$59,$34.40,100
"Corbin Carroll",37182,25878,sa3010593,ARI,OF,$36.90,$36.00,$15,$62,$46.40,100
"Kyle Schwarber",18347,16478,sa709545,PHI,OF,$36.89,$37.00,$17,$55,$42.10,100
"Rafael Devers",18344,17350,sa828312,SFG,1B,$36.82,$37.00,$17,$56,$25.60,93.706
"Gunnar Henderson",37806,26289,sa3011484,BAL,SS,$36.80,$36.00,$22,$57,$45.00,100
"Matt Olson",18386,14344,sa657863,ATL,1B,$35.39,$35.00,$20,$59,$30.90,100
"Trea Turner",18368,16252,sa599179,PHI,SS,$34.64,$34.00,$16,$50,$32.90,100
"Pete Alonso",23859,19251,sa873981,BAL,1B,$34.61,$35.00,$21,$52,$32.90,100
"Corey Seager",18216,13624,sa657913,TEX,SS,$34.52,$35.00,$13,$55,$29.30,100
"Mookie Betts",18276,13611,sa597889,LAD,SS,$32.95,$33.00,$17,$68,$34.50,99.301
"Freddie Freeman",5680,5361,sa390291,LAD,1B,$32.44,$31.00,$15,$54,$32.70,100
"Ketel Marte",18466,13613,sa597026,ARI,2B,$31.28,$31.00,$15,$47,$35.20,100
"Logan Webb",21015,17995,sa828873,SFG,SP,$29.06,$29.00,$11,$47,$34.30,99.301
"Elly De La Cruz",36338,26668,sa3009289,CIN,SS,$28.76,$28.00,$14,$60,$41.50,100
"Austin Riley",22674,18360,sa874756,ATL,3B,$28.67,$28.00,$17,$52,$27.80,97.203
"Max Fried",18164,13743,sa657860,NYY,SP,$28.40,$29.00,$18,$36,$30.80,100
"Manny Machado",14934,11493,sa548155,SDP,3B,$27.78,$28.00,$11,$43,$26.10,100
"Seiya Suzuki",40927,30116,sa3018052,CHC,OF,$26.99,$27.00,$14,$42,$25.60,100
"Alex Bregman",18480,17678,sa659419,CHC,3B,$26.06,$26.00,$14,$40,$19.80,98.601
"Framber Valdez",22426,17295,sa873146,DET,SP,$25.98,$26.00,$14,$37,$27.60,99.301
"Dylan Cease",21052,18525,sa829000,TOR,SP,$25.93,$26.00,$14,$42,$25.00,100
"Garrett Crochet",38312,27463,,BOS,SP,$25.60,$24.00,$6,$63,$43.80,100
"Bo Bichette",23767,19612,sa917949,NYM,SS/3B,$24.98,$24.00,$13,$41,$24.90,97.902
"Logan Gilbert",33682,22250,sa3008598,SEA,SP,$24.45,$24.00,$13,$39,$29.50,100
"Mike Trout",6305,10155,sa500736,LAA,OF,$24.32,$25.00,$4,$45,$24.00,100
"Cal Raleigh",33654,21534,sa3008377,SEA,C,$23.55,$23.00,$9,$61,$35.20,100
"Blake Snell",18460,13543,sa597786,"LAD AAA",SP,$23.06,$24.00,$8,$35,$18.50,98.601
"Junior Caminero",39108,28163,sa3015532,TBR,3B,$23.06,$21.00,$9,$76,$39.70,100
"Christian Yelich",14893,11477,sa548190,MIL,OF,$22.34,$22.00,$5,$33,$18.40,100
"Chris Sale",14393,10603,sa392121,ATL,SP,$22.22,$22.00,$9,$37,$27.90,100
"George Kirby",36671,25436,sa3011526,SEA,SP,$21.90,$22.00,$7,$34,$24.50,100
"Jackson Chourio",39277,28806,sa3015704,MIL,OF,$21.86,$21.00,$7,$52,$32.50,100
"Jose Altuve",5918,5417,sa455591,HOU,2B/OF,$21.82,$21.00,$8,$41,$20.30,99.301
"Zack Wheeler",15962,10310,sa500722,PHI,SP,$21.79,$21.00,$7,$51,$21.70,100
"Cole Ragans",23625,21846,sa917938,KCR,SP,$21.14,$21.00,$7,$38,$27.70,99.301
"Tyler Glasnow",18236,14374,sa597835,LAD,SP,$20.82,$21.00,$8,$38,$20.00,100
"Freddy Peralta",19168,18679,sa737343,NYM,SP,$20.08,$20.00,$11,$29,$19.80,100
"James Wood",40188,29518,sa3016870,WSN,OF,$19.97,$19.00,$7,$58,$34.50,100
"Spencer Strider",38736,27498,sa3015059,ATL,SP,$19.78,$20.00,$7,$37,$15.60,99.301
"Riley Greene",36509,25976,sa3010694,DET,OF,$19.69,$19.00,$10,$36,$27.40,100
"Cody Bellinger",19328,15998,sa737794,NYY,OF,$19.64,$20.00,$9,$40,$22.90,100
"Jazz Chisholm Jr.",23762,20454,sa919327,NYY,2B/3B,$19.34,$18.00,$11,$46,$29.30,100
"Randy Arozarena",23840,19290,sa914549,SEA,OF,$19.22,$19.00,$7,$38,$20.40,100
"Brent Rooker",23793,19627,sa3003172,ATH,OF,$18.57,$18.00,$4,$40,$31.10,100
"Cristopher Sanchez",20975,20778,sa828749,PHI,SP,$18.55,$18.00,$9,$44,$32.40,100
"Hunter Brown",37201,25880,sa3010571,HOU,SP,$18.22,$18.00,$8,$32,$22.90,100
"Jarren Duran",33685,24617,sa3006786,BOS,OF,$18.20,$17.00,$9,$33,$17.40,100
"Kevin Gausman",18196,14107,sa548347,TOR,SP,$18.00,$18.00,$7,$29,$16.80,100
"Nick Kurtz",45716,35110,sa3025385,ATH,1B,$17.94,$16.00,$4,$50,$41.10,100
"Oneil Cruz",32291,21711,sa917318,PIT,OF,$17.92,$18.00,$7,$33,$17.50,100
"Teoscar Hernandez",23651,13066,sa596861,LAD,OF,$17.85,$18.00,$5,$29,$16.80,99.301
"Sonny Gray",18113,12768,sa455516,BOS,SP,$17.81,$18.00,$9,$27,$12.40,90.21
"Brandon Nimmo",18126,12927,sa597760,TEX,OF,$17.78,$18.00,$1,$35,$17.60,100
"Ian Happ",18479,17919,sa827194,CHC,OF,$17.75,$18.00,$7,$30,$19.20,100
"Will Smith",23654,19197,sa873265,LAD,C,$17.70,$18.00,$8,$29,$16.60,99.301
"Hunter Greene",23824,22182,sa3005315,CIN,SP,$17.40,$17.00,$10,$36,$16.20,97.203
"William Contreras",22391,20503,sa872847,MIL,C,$17.13,$17.00,$9,$31,$18.00,100
"Jacob DeGrom",14294,10954,sa548447,TEX,SP,$17.03,$17.00,$9,$29,$20.50,100
"Jackson Merrill",40142,29490,sa3016829,SDP,OF,$16.87,$16.00,$6,$38,$23.40,100
"Bryan Reynolds",23825,19326,sa873683,PIT,OF,$16.66,$17.00,$6,$32,$15.10,100
"Wyatt Langford",43896,33333,sa3022654,TEX,OF,$16.61,$16.00,$6,$37,$30.40,100
"Joe Ryan",35196,21390,sa3007584,MIN,SP,$16.40,$16.00,$4,$29,$17.20,100
"Bryan Woo",41042,30279,sa3018290,SEA,SP,$16.27,$16.00,$7,$38,$29.20,100
"Byron Buxton",18163,14161,sa657851,MIN,OF,$16.10,$16.00,$7,$39,$21.00,100
"Willy Adames",18407,15986,sa736655,SFG,SS,$15.80,$15.00,$6,$28,$11.70,92.308
"Edwin Diaz",23601,14710,sa657938,LAD,RP,$15.75,$16.00,$6,$30,$9.40,72.028
"Kazuma Okamoto",48239,37123,sa3063134,TOR,1B/3B,$15.13,$15.00,$6,$32,$11.20,99.301
"Mason Miller",40862,31757,sa3017934,SDP,RP,$15.06,$15.00,$7,$29,$19.50,100
"Vinnie Pasquantino",37094,27676,sa1115762,KCR,1B,$15.03,$15.00,$7,$27,$16.80,100
"Michael Harris II",37295,25931,sa3010684,ATL,OF,$14.70,$15.00,$5,$28,$13.30,100
"CJ Abrams",36922,25768,sa3010152,WSN,SS,$14.37,$14.00,$7,$23,$15.90,100
"Yandy Diaz",18517,16578,sa823741,TBR,1B,$14.31,$14.00,$6,$26,$12.70,100
"Jesus Luzardo",23741,19959,sa917981,PHI,SP,$14.29,$14.00,$1,$29,$18.20,100
"Roman Anthony",42409,31812,sa3020211,BOS,OF,$14.08,$12.00,$4,$64,$37.90,100
"Tatsuya Imai",48241,37124,sa3062955,"HOU AAA",SP/RP,$14.07,$14.00,$5,$25,$10.50,74.126
"Josh Hader",18391,14212,sa658473,HOU,RP,$13.85,$14.00,$3,$29,$11.80,97.902
"Jackson Holliday",42126,31781,sa3020241,BAL,2B/SS,$13.82,$14.00,$6,$28,$13.40,100
"Devin Williams",19268,15816,sa737560,NYM,RP,$13.74,$13.00,$6,$26,$11.00,97.203
"Steven Kwan",35824,24610,sa3008536,CLE,OF,$13.73,$13.00,$6,$26,$11.50,96.503
"Munetaka Murakami",48240,37120,sa3063258,CHW,1B/3B,$13.67,$13.00,$1,$29,$11.40,100
"Michael King",31751,19853,sa874220,SDP,SP,$13.27,$13.00,$7,$23,$13.80,100
"Pete Crow-Armstrong",38327,27769,sa3014458,CHC,OF,$13.20,$12.00,$6,$31,$22.30,100
"Josh Naylor",22655,18839,sa874243,SEA,1B,$13.19,$13.00,$9,$20,$11.70,100
"Jhoan Duran",22559,21029,sa873347,PHI,RP,$13.17,$13.00,$9,$24,$16.40,100
"Taylor Ward",22048,17548,sa858832,BAL,OF,$13.04,$13.00,$4,$25,$13.80,100
"Isaac Paredes",23831,20036,sa920275,HOU,3B,$12.59,$13.00,$4,$20,$10.20,100
"Luis Castillo",23732,15689,sa657487,SEA,SP,$12.59,$11.00,$5,$32,$8.90,81.119
"Andres Munoz",33259,20373,sa919548,SEA,RP,$12.35,$12.00,$9,$27,$16.50,100
"Eury Perez",38559,27768,sa3014807,MIA,SP,$12.20,$12.00,$4,$38,$21.20,100
"Zach Neto",42156,31347,sa3019855,LAA,SS,$12.12,$11.00,$5,$36,$19.80,100
"Willson Contreras",12398,11609,sa508176,BOS,1B,$12.01,$12.00,$1,$24,$9.80,100
"Carlos Correa",18160,14162,sa657850,HOU,SS/3B,$11.94,$12.00,$1,$29,$11.00,34.965
"Gleyber Torres",18487,16997,sa830372,DET,2B,$11.87,$12.00,$1,$23,$12.10,99.301
"Luis Robert Jr.",23780,20043,sa3003396,NYM,OF,$11.80,$11.00,$2,$26,$10.40,72.028
"Carlos Rodon",18359,16137,sa598286,"NYY AAA",SP,$11.76,$11.00,$3,$32,$9.20,100
"Brandon Lowe",31741,18882,sa874181,PIT,2B,$11.67,$11.00,$5,$20,$10.70,100
"Brendan Donovan",34619,24679,sa3006675,SEA,2B/SS/3B/OF,$11.57,$11.00,$6,$25,$16.70,100
"Nick Lodolo",36686,26378,sa917947,"CIN AAA",SP,$11.43,$12.00,$1,$17,$9.80,100
"Ozzie Albies",18397,16556,sa830219,ATL,2B,$11.43,$11.00,$1,$36,$10.70,100
"MacKenzie Gore",23810,22201,sa3005068,TEX,SP,$11.42,$11.00,$1,$19,$13.60,99.301
"Adley Rutschman",37257,26288,sa3011643,BAL,C,$11.34,$10.00,$4,$50,$13.80,100
"Roki Sasaki",46091,35323,sa3025686,LAD,SP,$11.18,$10.00,$3,$28,$7.40,60.839
"George Springer",18124,12856,sa526414,TOR,OF,$11.18,$11.00,$3,$26,$14.40,100
"Nathan Eovaldi",9335,9132,sa455169,TEX,SP,$11.12,$11.00,$5,$20,$10.90,97.203
"Logan Allen",38349,27589,sa3014444,"CLE AAA",SP,$11.00,$11.00,$11,$11,$5.30,0.699
"Shane McClanahan",33647,21483,sa3008547,TBR,SP,$10.79,$10.00,$2,$26,$14.10,100
"Nico Hoerner",33627,21479,sa3007867,CHC,2B,$10.76,$11.00,$3,$23,$10.20,100
"Matt McLain",40371,29695,sa3017154,CIN,2B,$10.63,$10.00,$2,$31,$9.20,95.804
"Matt Chapman",18378,16505,sa828672,SFG,3B,$10.44,$10.00,$1,$22,$9.70,98.601
"Jeremy Pena",35939,21636,sa876320,HOU,SS,$10.39,$10.00,$3,$23,$9.40,100
"Max Muncy",18255,13301,sa503373,LAD,3B,$10.34,$9.00,$1,$52,$13.00,100
"Nick Pivetta",19398,15454,sa737889,SDP,SP,$10.18,$10.00,$4,$19,$9.10,85.315
"Shota Imanaga",44526,33829,sa3023346,CHC,SP,$10.15,$9.00,$1,$28,$8.30,100
"Michael Busch",37841,26319,sa3011540,CHC,1B,$10.06,$10.00,$3,$25,$11.50,98.601
"Ranger Suarez",31194,17277,sa659551,BOS,SP,$9.83,$9.00,$3,$26,$12.10,100
"Tanner Bibee",40978,30134,sa3018170,CLE,SP,$9.82,$9.00,$1,$25,$6.40,95.804
"Dylan Crews",43950,33541,sa3022882,"WSN AAA",OF,$9.81,$9.50,$1,$20,$6.80,72.727
"Kerry Carpenter",37300,25961,sa3010689,DET,OF,$9.78,$10.00,$1,$19,$9.40,99.301
"Sandy Alcantara",20732,18684,sa828383,MIA,SP,$9.71,$9.00,$5,$21,$10.70,100
"Shane Baz",23794,22264,sa3004765,BAL,SP,$9.62,$9.00,$2,$18,$7.90,94.406
"Lawrence Butler",34788,22542,sa3006873,ATH,OF,$9.61,$9.00,$4,$23,$7.50,88.811
"Heliot Ramos",23834,22515,sa3004693,SFG,OF,$9.57,$9.00,$3,$24,$11.10,99.301
"Geraldo Perdomo",26198,22799,sa3003290,ARI,SS,$9.56,$9.00,$1,$33,$16.70,100
"Ryan Helsley",22651,18138,sa874172,BAL,RP,$9.56,$9.00,$4,$20,$11.00,99.301
"Jordan Westburg",38398,27815,sa3014499,BAL,2B/3B,$9.43,$9.00,$1,$20,$8.40,90.21
"Tyler Soderstrom",38388,27467,sa3014489,ATH,1B/OF,$9.43,$9.00,$3,$29,$14.30,100
"Ezequiel Tovar",35628,24064,sa3008239,COL,SS,$9.38,$10.00,$1,$17,$7.40,76.224
"Gerrit Cole",18116,13125,sa454389,"NYY A+",SP/RP,$9.24,$9.00,$2,$24,$9.40,100
"Raisel Iglesias",18422,17130,sa830702,ATL,RP,$9.22,$8.00,$1,$21,$10.30,100
"Ryan Pepiot",37649,26221,sa3011244,TBR,SP,$9.13,$9.00,$1,$15,$6.90,31.469
"Zac Gallen",23779,19291,sa857550,ARI,SP,$9.12,$9.00,$1,$26,$6.70,90.909
"Gavin Williams",40941,30122,sa3018106,CLE,SP,$9.00,$9.00,$3,$18,$10.40,100
"J.P. France",35674,21212,sa3008310,"HOU AAA",SP/RP,$9.00,$9.00,$9,$9,$1.50,0.699
"Ty France",23201,17982,sa876140,SDP,1B,$9.00,$9.00,$9,$9,$1.20,0.699
"Spencer Schwellenbach",42737,31846,sa3020703,ATL,SP,$8.86,$9.00,$1,$20,$7.70,97.203
"Jacob Misiorowski",42711,31623,sa3020644,MIL,SP,$8.57,$7.00,$3,$27,$20.70,100
"Dansby Swanson",18506,18314,sa659260,CHC,SS,$8.56,$9.00,$2,$19,$7.50,99.301
"Jordan Lawlar",40260,29976,sa3017662,ARI,2B/SS/3B/OF,$8.55,$8.00,$1,$18,$7.30,97.203
"Brice Turang",33634,22186,sa3008294,MIL,2B,$8.53,$8.00,$3,$29,$16.60,100
"Bryan Abreu",20900,16609,sa828588,HOU,RP,$8.43,$8.00,$3,$15,$5.30,44.056
"Luis Arraez",20545,18568,sa828153,SFG,1B/2B,$8.41,$8.00,$1,$18,$7.40,100
"Eugenio Suarez",9668,12552,sa505033,CIN,3B,$8.40,$8.00,$3,$18,$10.30,98.601
"Shea Langeliers",36669,25816,sa3010329,ATH,C,$8.34,$8.00,$5,$23,$14.20,100
"Pete Fairbanks",20435,17998,sa827454,MIA,RP,$8.22,$8.00,$1,$14,$8.00,95.105
"Ben Rice",40255,29576,sa3016974,NYY,C/1B,$8.21,$7.00,$3,$36,$21.40,100
"Bryce Miller",40550,29837,sa3017414,"SEA A+",SP,$8.19,$8.00,$1,$23,$7.70,96.503
"Salvador Perez",8626,7304,sa392995,KCR,C/1B,$8.10,$8.00,$1,$28,$6.10,88.811
"Jung Hoo Lee",44524,33824,sa3012640,SFG,OF,$8.04,$8.00,$1,$21,$5.70,97.902
"Jacob Wilson",44003,33266,sa3022538,ATH,SS,$8.03,$7.00,$3,$19,$10.20,100
"Aaron Nola",18357,16149,sa599230,PHI,SP,$7.96,$8.00,$1,$30,$5.50,88.811
"Chase Burns",45706,35333,sa3028086,CIN,SP/RP,$7.94,$7.00,$3,$24,$16.30,100
"Connelly Early",44515,33666,sa3023308,BOS,SP,$7.91,$7.00,$1,$19,$9.70,100
"Matt Wallner",37174,26466,sa918808,MIN,OF,$7.76,$7.00,$1,$18,$9.00,77.622
"Robert Suarez",22078,30115,sa869798,ATL,RP,$7.75,$7.00,$2,$24,$7.70,100
"TJ Friedl",23788,19522,sa943754,CIN,OF,$7.65,$7.00,$1,$16,$4.50,88.811
"Colt Keith",38374,27899,sa3014474,DET,1B/2B/3B,$7.65,$7.00,$1,$15,$6.10,99.301
"Jasson Dominguez",37635,28080,sa3014696,NYY,OF,$7.60,$8.00,$1,$18,$6.50,97.902
"Bubba Chandler",40564,29868,sa3017428,PIT,SP,$7.56,$7.00,$4,$16,$12.60,99.301
"Drew Rasmussen",35922,25385,sa829799,TBR,SP,$7.55,$7.00,$2,$16,$7.60,100
"Wilyer Abreu",27058,23772,sa3005082,BOS,OF,$7.55,$7.00,$1,$26,$10.00,100
"Cade Smith",38754,27867,sa3015086,CLE,RP,$7.53,$7.00,$5,$20,$13.70,100
"Maikel Garcia",26154,22715,sa3003246,KCR,2B/SS/3B/OF,$7.52,$6.00,$3,$45,$23.10,100
"Kyle Bradish",35874,24586,sa3008605,BAL,SP,$7.51,$7.00,$3,$20,$13.20,97.902
"Aroldis Chapman",5644,10233,sa523977,BOS,RP,$7.43,$7.00,$3,$13,$9.10,100
"Cam Schlittler",43589,32095,sa3021981,NYY,SP,$7.42,$7.00,$3,$16,$9.40,100
"Trey Yesavage",45790,35456,sa3045705,TOR,SP/RP,$7.35,$7.00,$3,$19,$12.10,100
"Jack Flaherty",20920,17479,sa828681,DET,SP,$7.35,$7.00,$1,$14,$6.80,76.224
"Shane Bieber",23814,19427,sa873698,TOR,SP,$7.35,$7.00,$1,$16,$5.50,93.007
"David Bednar",31951,19569,sa915715,NYY,RP,$7.33,$7.00,$3,$26,$11.70,100
"Brandon Woodruff",23693,16162,sa597893,MIL,SP,$7.28,$7.00,$1,$16,$7.50,95.804
"Grayson Rodriguez",33612,24492,sa3008130,"LAA CPX",SP/RP,$7.28,$7.00,$1,$15,$4.40,88.112
"Xavier Edwards",33645,22266,sa3007018,MIA,2B/SS,$7.24,$7.00,$1,$20,$6.80,100
"Robbie Ray",14941,11486,sa549085,SFG,SP,$7.20,$7.00,$1,$16,$7.10,99.301
"Travis Bazzana",45709,34967,sa3025129,CLE,2B,$7.14,$7.00,$1,$17,$6.50,100
"Jac Caglianone",45720,35041,sa3025245,KCR,1B/OF,$7.03,$6.00,$3,$26,$16.70,100
"Royce Lewis",23796,20437,sa3004259,MIN,3B,$7.03,$6.00,$1,$18,$7.80,89.51
"Jakob Marsee",42169,31370,sa3019868,MIA,OF,$7.03,$6.00,$3,$16,$5.40,93.706
"Dillon Tate",18482,17796,sa874239,"TOR AAA",RP,$7.00,$7.00,$7,$7,$1.40,0.699
"Tommy Kahnle",14809,11384,sa526323,"BOS AAA",RP,$7.00,$7.00,$7,$7,$2.10,0.699
"Drew Thorpe",42728,31967,sa3020678,CHW,RP,$7.00,$7.00,$7,$7,$2.00,0.699
"Nolan McLean",44336,33703,sa3023053,NYM,SP,$6.98,$6.00,$3,$40,$18.60,100
"Ceddanne Rafaela",33907,24262,sa3005581,BOS,2B/OF,$6.96,$7.00,$1,$18,$7.50,95.804
"Colton Cowser",39978,29591,sa3017018,BAL,OF,$6.96,$7.00,$1,$18,$4.20,46.853
"Kodai Senga",42723,31838,,NYM,SP,$6.94,$7.00,$1,$24,$5.40,44.056
"Carlos Estevez",23613,14542,sa598491,"KCR AAA",RP,$6.88,$7.00,$2,$12,$4.20,34.965
"Ivan Herrera",26099,20599,sa3003191,STL,C,$6.86,$6.00,$3,$23,$10.80,100
"Bryson Stott",37531,26294,sa3011443,PHI,2B/SS,$6.86,$6.50,$1,$15,$5.50,78.322
"Jonathan Aranda",33217,21837,sa919293,TBR,1B,$6.82,$7.00,$1,$15,$7.90,99.301
"Alec Bohm",33609,21618,sa3007284,PHI,1B/3B,$6.73,$6.50,$1,$16,$5.50,55.944
"Alec Burleson",38368,27615,sa3014466,STL,1B/OF,$6.68,$6.00,$2,$24,$11.70,99.301
"Samuel Basallo",39288,28824,sa3015716,BAL,C/1B,$6.68,$7.00,$3,$15,$11.30,99.301
"Griffin Jax",31438,20253,sa738570,TBR,RP,$6.67,$6.00,$1,$16,$4.30,64.336
"Evan Carter",38389,27790,sa3014490,TEX,OF,$6.63,$7.00,$1,$15,$6.30,93.706
"Spencer Torkelson",38320,27465,sa3014504,DET,1B,$6.63,$6.00,$1,$18,$7.40,100
"Trevor Rogers",33607,22286,sa3005423,BAL,SP,$6.62,$6.00,$1,$15,$6.00,98.601
"Hunter Goodman",40389,29715,sa3017173,COL,C,$6.58,$6.00,$3,$19,$14.30,100
"Kyle Manzardo",40508,29794,sa3017342,CLE,1B,$6.48,$6.00,$3,$17,$5.80,62.238
"Jeff Hoffman",18364,17432,sa709602,TOR,RP,$6.47,$6.00,$1,$14,$4.30,94.406
"Andy Pages",33949,24816,sa3005625,LAD,OF,$6.45,$6.00,$3,$20,$9.50,100
"Jared Jones",38361,27863,sa3014459,PIT,RP,$6.44,$6.00,$1,$13,$4.70,99.301
"Pablo Lopez",18786,17085,sa736473,MIN,SP,$6.43,$5.00,$1,$23,$7.20,35.664
"Marcus Semien",18263,12533,sa546772,NYM,2B,$6.43,$7.00,$1,$17,$4.50,68.531
"Daniel Palencia",38781,27914,sa3015122,CHC,RP,$6.40,$6.00,$2,$19,$8.00,99.301
"Jeremiah Estrada",27208,22210,sa3005339,SDP,RP,$6.39,$6.00,$2,$12,$4.70,92.308
"Trevor Megill",20989,17722,sa828803,MIL,RP,$6.38,$6.00,$4,$13,$7.20,97.902
"Spencer Steer",37216,26323,sa3010586,CIN,1B/OF,$6.35,$6.00,$1,$15,$5.10,99.301
"Kyle Stowers",37480,26151,sa1115829,MIA,OF,$6.34,$6.00,$1,$17,$9.30,100
"Marcelo Mayer",40095,29668,sa3017114,BOS,2B/SS/3B,$6.33,$6.00,$2,$13,$4.90,98.601
"Francisco Alvarez",37427,26121,sa3010862,NYM,C,$6.30,$6.00,$1,$16,$6.70,96.503
"Colson Montgomery",40262,29712,sa3017170,CHW,SS/3B,$6.27,$6.00,$2,$16,$8.10,100
"Corbin Burnes",23813,19361,sa873673,ARI,SP,$6.25,$5.00,$1,$22,$5.40,98.601
"Xander Bogaerts",13117,12161,sa550735,SDP,SS,$6.20,$6.00,$1,$15,$4.90,100
"Edward Cabrera",33325,21690,sa920423,CHC,SP,$6.18,$5.00,$3,$17,$11.10,99.301
"Drake Baldwin",42221,31539,sa3019920,ATL,C,$6.17,$6.00,$3,$21,$13.50,100
"Justin Steele",21039,17312,sa828960,CHC,RP,$6.09,$6.00,$1,$21,$5.20,88.811
"Kenley Jansen",2916,3096,sa295200,DET,RP,$6.08,$6.00,$1,$18,$4.30,93.706
"Grant Taylor",44544,33927,sa3023634,CHW,SP/RP,$6.06,$5.00,$2,$17,$7.50,98.601
"Jo Adell",23792,20220,sa3004837,LAA,OF,$6.06,$5.00,$3,$17,$9.60,99.301
"Ryan Walker",35205,20423,sa3007594,SFG,RP,$6.05,$6.00,$1,$13,$5.10,79.72
"Yu Darvish",15556,13074,sa379610,SDP,SP,$6.00,$6.00,$1,$11,$2.80,1.399
"Jordan Hicks",23864,19618,sa875019,CHW,SP/RP,$6.00,$6.00,$6,$6,$2.00,0.699
"Agustin Ramirez",36325,26546,sa3009276,"MIA AAA",C,$6.00,$6.00,$1,$15,$6.10,66.434
"Javier Assad",33306,21741,sa920249,CHC,SP,$6.00,$6.00,$5,$7,$7.10,1.399
"Braxton Ashcraft",35776,23793,sa3008470,PIT,SP/RP,$5.99,$6.00,$1,$14,$7.10,100
"Jose Soriano",32009,22100,sa916702,LAA,SP,$5.97,$6.00,$1,$11,$3.70,100
"Carter Jensen",40505,29478,sa3017339,KCR,C,$5.93,$5.00,$3,$23,$7.10,99.301
"Noelvi Marte",36030,26517,sa3008745,"CIN AAA",3B/OF,$5.93,$5.00,$2,$14,$4.10,55.944
"Andrew Painter",40829,30091,sa3017880,PHI,SP,$5.90,$6.00,$1,$13,$6.30,99.301
"Konnor Griffin",45769,35376,sa3065496,PIT,SS,$5.90,$5.00,$2,$29,$15.50,100
"Sal Stewart",42358,31505,sa3020130,CIN,1B/2B/3B,$5.83,$5.00,$1,$16,$10.30,100
"Emmet Sheehan",40552,29839,sa3017416,LAD,SP,$5.79,$5.00,$3,$22,$10.00,98.601
"Cam Smith",45714,35108,sa3025358,HOU,OF,$5.78,$5.00,$1,$17,$5.70,100
"Mickey Moniak",23639,19956,sa917920,COL,OF,$5.71,$5.00,$1,$17,$5.20,100
"Daylen Lile",40714,29995,sa3017698,WSN,OF,$5.71,$5.00,$1,$15,$7.20,100
"Bryce Eldridge",44147,33390,sa3022757,SFG,1B,$5.70,$5.00,$2,$10,$5.30,99.301
"Luke Keaschall",44057,33321,sa3022614,MIN,2B,$5.70,$5.00,$3,$24,$9.10,100
"Brenton Doyle",36803,25479,sa3009965,COL,OF,$5.67,$5.00,$1,$12,$5.20,58.042
"Addison Barger",34817,24598,sa3006910,TOR,3B/OF,$5.63,$5.00,$2,$17,$4.70,94.406
"Trevor Story",18153,12564,sa597765,BOS,SS,$5.55,$5.00,$1,$18,$4.00,83.217
"Andrew Abbott",40607,29911,sa3017529,CIN,SP,$5.50,$5.00,$1,$13,$4.00,76.224
"Cade Horton",42719,31872,sa3020860,CHC,SP,$5.43,$5.00,$1,$13,$4.20,45.455
"Kristian Campbell",44308,33644,sa3023011,"BOS AAA",1B/2B/OF,$5.41,$5.00,$1,$20,$4.50,69.231
"Adolis García",23745,19287,sa908695,PHI,OF,$5.36,$5.00,$1,$21,$5.00,97.902
"Carson Whisenhunt",42627,31676,sa3020529,"SFG AAA",SP,$5.33,$5.00,$4,$7,$2.10,2.098
"Mark Leiter Jr.",19574,15551,sa738283,ATH,RP,$5.33,$5.00,$1,$10,$1.80,2.098
"Yainer Diaz",26292,23003,sa3003386,HOU,C,$5.26,$5.00,$1,$14,$3.30,65.035
"Matthew Boyd",18465,15440,sa621603,CHC,SP,$5.22,$5.00,$1,$12,$5.80,90.21
"Kris Bubic",35566,21455,sa3008128,KCR,SP,$5.18,$5.00,$2,$21,$7.80,99.301
"Ramon Laureano",21200,17128,sa829185,SDP,OF,$5.16,$5.00,$1,$12,$5.20,100
"Clay Holmes",23790,13649,sa598167,NYM,SP,$5.16,$5.00,$1,$14,$3.70,98.601
"Willi Castro",21708,17338,sa830274,COL,2B/3B/OF,$5.12,$5.00,$1,$11,$5.00,77.622
"Parker Messick",42765,31986,sa3020748,CLE,SP,$5.09,$4.00,$1,$14,$4.40,99.301
"Brayan Bello",33767,23920,sa3005436,BOS,SP,$5.04,$4.00,$1,$14,$2.60,39.161
"Matt Shaw",43966,33322,sa3022615,CHC,3B/OF,$5.04,$5.00,$1,$13,$3.40,99.301
"John Schreiber",32784,20020,sa918315,KCR,RP,$5.00,$5.00,$5,$5,$1.60,0.699
"Kyren Paris",38004,26420,sa3011768,"LAA AA",2B/OF,$5.00,$5.00,$5,$5,$1.90,0.699
"Yariel Rodriguez",44529,33838,sa3023349,"TOR AAA",RP,$5.00,$5.00,$5,$5,$1.40,0.699
"Gregory Santos",32213,21894,sa917162,SFG,RP,$5.00,$5.00,$5,$5,$1.40,0.699
"Mitchell Parker",38689,27636,sa3014973,WSN,SP/RP,$5.00,$4.00,$1,$10,$1.20,2.098
"Ben Casparius",40834,30085,sa3017886,LAD,RP,$5.00,$5.00,$4,$6,$1.10,2.098
"Orelvis Martinez",33667,25967,sa3010692,FA,2B,$5.00,$5.00,$5,$5,$1.70,0.699
"JJ Wetherholt",45713,34985,sa3025154,STL,2B/SS,$4.97,$5.00,$1,$18,$9.00,100
"Walker Jenkins",43988,,sa3022894,"MIN AAA",OF,$4.97,$5.00,$1,$11,$3.90,95.804
"Lars Nootbaar",34601,21454,sa3006649,STL,OF,$4.95,$4.00,$1,$19,$3.80,87.413
"Ryan Weathers",33670,23796,sa3008436,NYY,SP,$4.92,$4.50,$1,$14,$3.80,99.301
"Emerson Hancock",38315,27470,sa3014456,SEA,SP/RP,$4.91,$5.00,$1,$13,$8.00,98.601
"Giancarlo Stanton",5201,4949,sa390316,NYY,OF,$4.89,$4.00,$1,$17,$5.40,93.706
"Dylan Beavers",42279,31695,sa3019983,BAL,OF,$4.88,$4.00,$1,$18,$2.90,93.007
"Jack Leiter",40155,30146,sa3018053,TEX,SP,$4.87,$4.00,$1,$16,$4.30,97.902
"Shane Smith",42592,31687,sa3020469,"CHW AAA",SP,$4.86,$4.00,$1,$12,$2.50,20.28
"Abner Uribe",35602,25327,sa3008177,MIL,RP,$4.82,$4.00,$3,$16,$7.50,100
"Ryan O'Hearn",21156,16442,sa829141,PIT,1B/OF,$4.78,$5.00,$1,$12,$4.00,100
"Reese Olson",35808,24968,sa3008513,DET,SP,$4.76,$4.00,$1,$16,$3.60,40.559
"Masyn Winn",38404,27479,sa3014506,STL,SS,$4.74,$5.00,$1,$10,$4.00,95.105
"Logan Henderson",42312,31475,sa3020080,MIL,SP,$4.72,$4.00,$1,$11,$4.30,98.601
"Trent Grisham",18547,18564,sa874246,NYY,OF,$4.72,$4.00,$1,$11,$4.30,100
"Gabriel Moreno",26134,22664,sa3003226,ARI,C,$4.67,$4.00,$1,$14,$2.80,86.014
"David Festa",40772,30056,sa3017788,MIN,SP,$4.67,$5.00,$1,$9,$1.60,4.196
"Daulton Varsho",23833,19918,sa3002838,TOR,OF,$4.66,$4.00,$1,$17,$6.40,99.301
"Kevin McGonigle",44223,33572,sa3022895,DET,SS/3B,$4.66,$4.00,$2,$19,$11.70,100
"Sal Frelick",40298,29622,sa3017047,MIL,OF,$4.62,$4.00,$1,$11,$3.70,93.007
"Jordan Beck",42277,31431,sa3019981,COL,OF,$4.60,$5.00,$1,$10,$2.40,34.965
"Owen Caissie",38367,27496,sa3014465,MIA,OF,$4.60,$4.00,$1,$11,$6.60,90.21
"Jonah Tong",43841,32157,sa3022324,"NYM AAA",SP,$4.58,$4.00,$1,$10,$4.20,89.51
"Payton Tolle",46310,35466,sa3043900,BOS,SP/RP,$4.52,$4.00,$1,$15,$5.40,99.301
"Moises Ballesteros",39285,28820,sa3015713,CHC,C,$4.47,$4.00,$1,$11,$5.70,100
"Matt Brash",37234,25756,sa3010616,SEA,RP,$4.44,$4.00,$2,$11,$4.40,93.007
"Caleb Durbin",40398,29646,sa3017183,BOS,2B/3B,$4.43,$4.00,$1,$10,$3.80,67.832
"Kyle Teel",43949,33549,sa3022886,CHW,C,$4.43,$4.00,$1,$13,$2.70,95.105
"Sebastian Walcott",42991,,sa3021069,"TEX AA",SS,$4.42,$4.00,$1,$10,$2.90,89.51
"Mitch Keller",20936,17594,sa828700,PIT,SP,$4.39,$3.00,$1,$17,$2.50,99.301
"Max Clark",43893,,sa3022683,"DET AAA",OF,$4.37,$4.00,$1,$11,$3.70,99.301
"Noah Cameron",40937,30184,sa3018097,KCR,SP,$4.37,$4.00,$1,$11,$2.70,79.021
"Chase DeLauter",42176,32127,sa3021053,CLE,OF,$4.36,$4.00,$1,$12,$6.30,100
"Jorge Polanco",13217,13152,sa548087,NYM,2B/3B,$4.34,$4.00,$1,$13,$4.40,78.322
"Robert Garcia",31984,23363,sa915840,TEX,RP,$4.32,$4.00,$1,$9,$4.20,47.552
"Brett Baty",37181,26123,sa3010869,NYM,1B/2B/3B/OF,$4.31,$4.00,$1,$11,$3.40,78.322
"Alejandro Kirk",27207,22581,sa3005337,TOR,C,$4.27,$4.00,$2,$9,$2.90,59.441
"Emilio Pagan",19394,14771,sa737885,CIN,RP,$4.25,$4.00,$1,$12,$3.90,69.231
"Jason Foley",31937,19531,sa915677,SFG,RP,$4.25,$4.50,$1,$7,$1.60,2.797
"Joey Cantillo",27148,23335,sa3005246,CLE,SP/RP,$4.25,$4.00,$1,$11,$4.70,98.601
"Merrill Kelly",17763,11156,sa552177,ARI,SP,$4.25,$4.00,$1,$16,$3.10,51.049
"Quinn Priester",36682,25977,sa3011297,"MIL AAA",SP/RP,$4.24,$4.00,$1,$11,$2.60,53.147
"Kade Anderson",47553,,sa3026056,"SEA AA",SP,$4.23,$4.00,$1,$13,$4.20,99.301
"Carlos Cortes",35541,21842,sa3008079,ATH,OF,$4.22,$4.00,$1,$11,$5.60,97.902
"Carson Benge",45947,35177,sa3025452,NYM,OF,$4.19,$4.00,$1,$12,$5.40,97.902
"Brandon Sproat",44534,33850,sa3023499,MIL,SP,$4.17,$4.00,$1,$12,$2.50,80.42
"Garrett Whitlock",27185,20191,sa3005306,BOS,RP,$4.12,$4.00,$1,$12,$5.80,96.503
"Miguel Vargas",34804,20178,sa3006896,CHW,1B/3B,$4.10,$4.00,$1,$14,$3.20,100
"Nolan Schanuel",43932,33189,sa3022430,LAA,1B,$4.08,$4.00,$1,$12,$2.30,79.72
"Didier Fuentes",41452,30661,sa3018841,ATL,SP/RP,$4.07,$4.00,$1,$13,$3.10,95.804
"Kyle Finnegan",18619,15009,sa708446,DET,RP,$4.07,$4.00,$1,$11,$3.20,90.21
"Seranthony Dominguez",30196,19249,sa657573,CHW,RP,$4.07,$4.00,$1,$11,$2.80,91.608
"Will Vest",26446,19769,sa3004101,DET,RP,$4.06,$4.00,$1,$9,$3.60,67.832
"Ryne Nelson",37826,26253,sa3011524,ARI,SP/RP,$4.02,$4.00,$1,$10,$3.00,84.615
"Jesus Made",45064,,sa3024108,"MIL AA",SS,$4.01,$4.00,$1,$10,$4.30,99.301
"Jake Cronenworth",22004,18036,sa857694,SDP,1B/2B/SS,$4.01,$4.00,$1,$12,$3.30,52.448
"Kenny Serwa",46093,,sa3067062,"DET AA",SP/RP,$4.00,$4.00,$4,$4,$3.00,0.699
"Gunnar Hoglund",39977,31318,sa3019785,ATH,SP,$4.00,$4.00,$4,$4,$2.10,0.699
"Brewer Hicklen",26489,20450,sa3004159,"ATL AAA",OF,$4.00,$4.00,$4,$4,$2.00,0.699
"Adam Frazier",19348,15223,sa737830,LAA,2B/OF,$4.00,$4.00,$1,$7,$1.70,1.399
"Druw Jones",42105,,sa3020676,"ARI AA",OF,$4.00,$4.00,$2,$6,$1.40,1.399
"Edmundo Sosa",18890,17022,sa736859,PHI,2B/SS/3B,$4.00,$4.00,$4,$4,$1.10,0.699
"Jonah Heim",19360,16930,sa737843,ATH,C,$4.00,$4.00,$4,$4,$1.40,0.699
"Nelson Velazquez",27081,23359,sa3005129,"STL AAA",OF,$4.00,$4.00,$4,$4,$1.40,0.699
"Andrew Saalfrank",37624,26203,sa3011219,ARI,RP,$4.00,$4.00,$3,$5,$1.00,1.399
"Jeff Mcneil",18644,15362,sa709024,ATH,2B/OF,$3.93,$3.00,$1,$25,$2.40,91.608
"Brady Singer",33620,25377,sa3008613,CIN,SP,$3.91,$4.00,$1,$11,$1.50,55.245
"Adrian Morejon",23672,20039,sa969093,SDP,RP,$3.90,$3.00,$1,$10,$3.60,97.902
"Luis García Jr.",33548,20391,sa962605,WSN,1B/2B,$3.90,$4.00,$1,$13,$3.50,81.818
"David Peterson",31541,20302,sa829588,NYM,SP,$3.89,$4.00,$1,$9,$3.40,62.238
"Josh Smith",37960,26396,sa3011703,TEX,1B/2B/SS/3B/OF,$3.86,$3.00,$1,$10,$3.10,51.049
"Leo De Vries",44539,,sa3023363,"ATH AA",SS,$3.85,$4.00,$1,$9,$4.10,99.301
"Tyler O'Neill",19296,15711,sa737633,BAL,OF,$3.84,$4.00,$1,$11,$2.80,76.224
"Dennis Santana",18985,17878,sa737018,PIT,RP,$3.84,$3.00,$1,$9,$4.40,88.112
"Hurston Waldrep",43879,33527,sa3022942,ATL,SP,$3.83,$3.00,$1,$11,$3.20,48.951
"Mick Abel",38330,27756,sa3014534,MIN,SP,$3.82,$4.00,$1,$10,$4.90,97.902
"Casey Mize",33616,20492,sa3008444,DET,SP,$3.82,$3.00,$1,$15,$2.60,97.203
"Will Warren",40972,30182,sa3018149,NYY,SP,$3.82,$3.00,$1,$14,$3.50,99.301
"Adael Amador",38448,27962,sa3014682,"COL AAA",2B,$3.80,$3.00,$1,$6,$1.60,3.497
"Michael Kopech",18493,17282,sa828680,FA,RP,$3.75,$3.50,$1,$7,$1.70,2.797
"Chase Dollander",44512,33482,sa3023361,COL,SP/RP,$3.75,$4.00,$1,$11,$5.70,97.203
"Josh Jung",37786,26299,sa3011468,TEX,3B,$3.74,$3.00,$1,$14,$4.90,99.301
"JJ Bleday",37797,26368,sa3011642,CIN,OF,$3.74,$4.00,$1,$10,$5.00,63.636
"Anthony Santander",23856,14551,sa659463,TOR,OF,$3.72,$1.00,$1,$24,$4.60,37.063
"Luis Morales",43275,32227,sa3021487,"ATH AAA",SP/RP,$3.71,$4.00,$1,$7,$2.20,4.895
"Rhett Lowder",43895,33876,sa3023360,CIN,SP,$3.70,$3.00,$1,$11,$3.50,97.203
"Christian Walker",18389,13419,sa503826,HOU,1B,$3.68,$2.50,$1,$15,$4.00,99.301
"Brusdar Graterol",22524,20367,sa873310,"LAD AAA",RP,$3.67,$1.00,$1,$9,$1.10,2.098
"Marcell Ozuna",6130,10324,sa503013,PIT,Util,$3.67,$2.00,$1,$17,$3.90,35.664
"Jurickson Profar",13702,10815,sa549315,ATL,OF,$3.67,$3.50,$1,$8,$2.60,8.392
"Luis Gil",23373,21052,sa877821,NYY,SP,$3.66,$3.00,$1,$11,$3.00,37.063
"Camilo Doval",32051,21992,sa916835,NYY,RP,$3.66,$3.00,$1,$11,$3.60,62.937
"Ethan Holliday",47552,,sa3069100,"COL A",SS,$3.64,$3.00,$1,$17,$2.70,46.154
"Cody Ponce",21961,17920,sa856266,TOR,SP/RP,$3.59,$3.00,$1,$11,$3.20,42.657
"Cade Cavalli",38334,27473,sa3014421,WSN,SP,$3.57,$3.00,$1,$11,$2.70,96.503
"Ricky Tiedemann",40936,30165,sa3018096,"TOR AAA",RP,$3.56,$2.00,$2,$9,$1.80,6.294
"Spencer Jones",42266,31532,sa3019969,"NYY AAA",OF,$3.55,$3.00,$1,$14,$1.90,91.608
"Coby Mayo",38378,28312,sa3014479,BAL,1B/3B,$3.55,$3.00,$1,$11,$2.80,60.14
"Garrett Cleavinger",20421,17897,sa827423,TBR,RP,$3.54,$3.00,$1,$8,$2.60,66.434
"Noah Schultz",42873,32056,sa3020949,CHW,SP,$3.54,$3.00,$1,$10,$6.30,99.301
"Max Meyer",38307,27474,sa3014430,MIA,SP,$3.53,$3.00,$1,$10,$4.80,99.301
"Connor Prielipp",42794,31857,sa3020808,MIN,SP/RP,$3.52,$3.00,$1,$9,$4.70,89.51
"Zebby Matthews",42653,31827,sa3020570,"MIN AAA",SP,$3.51,$3.00,$1,$7,$2.40,30.07
"Thomas Harrington",42769,31989,sa3020752,"PIT AAA",SP/RP,$3.50,$3.50,$3,$4,$1.50,1.399
"Sawyer Gipson-Long",37837,26048,sa3011536,"DET AAA",SP/RP,$3.50,$3.50,$3,$4,$1.30,1.399
"Jonathon Long",44199,,sa3022864,"CHC AAA",1B,$3.50,$3.50,$3,$4,$1.90,1.399
"Robby Snelling",42741,31893,sa3020707,"MIA AAA",SP,$3.50,$3.00,$1,$8,$3.60,98.601
"Jeremiah Jackson",35299,22239,sa3007740,BAL,2B/SS/3B/OF,$3.48,$3.00,$1,$11,$3.00,85.315
"Tanner Scott",21075,17586,sa829027,LAD,RP,$3.48,$3.00,$1,$10,$3.80,98.601
"Dalton Rushing",42193,31382,sa3019892,LAD,C,$3.46,$3.00,$1,$11,$5.50,98.601
"Thomas White",44487,,sa3023268,"MIA AAA",SP,$3.46,$3.00,$1,$9,$3.20,97.902
"Spencer Arrighetti",40615,29921,sa3017537,HOU,SP,$3.45,$3.00,$1,$10,$4.10,91.608
"Matt Strahm",23691,13799,sa658557,KCR,RP,$3.41,$3.00,$1,$10,$2.20,91.608
"Davis Martin",35675,21448,sa3008311,CHW,SP,$3.41,$3.00,$1,$11,$5.90,85.315
"Sean Manaea",18257,15873,sa709610,NYM,SP/RP,$3.41,$2.00,$1,$21,$2.50,30.769
"Heston Kjerstad",38319,31166,sa3014439,BAL,OF,$3.40,$1.00,$1,$8,$1.80,3.497
"Termarr Johnson",42147,,sa3020214,"PIT AAA",2B,$3.40,$4.00,$1,$6,$1.50,3.497
"Jose Berrios",18201,14168,sa657852,"TOR AAA",SP,$3.39,$1.00,$1,$23,$1.30,12.587
"Jack Perkins",42308,31468,sa3020076,ATH,SP/RP,$3.35,$3.00,$1,$10,$3.40,90.21
"Mark Vientos",26857,22184,sa3004720,NYM,1B/3B,$3.34,$2.00,$1,$12,$2.90,71.329
"JoJo Romero",23818,19574,sa917955,STL,RP,$3.34,$3.00,$1,$9,$2.60,82.517
"Alexis Diaz",22926,21132,sa875576,"TEX AAA",RP,$3.33,$1.00,$1,$8,$1.80,2.098
"Robert Hassell III",38461,27482,sa3014701,"WSN AAA",OF,$3.33,$4.00,$1,$5,$1.60,2.098
"Tyler Holton",37674,26231,sa3011295,DET,SP/RP,$3.33,$2.00,$1,$12,$1.10,6.294
"Keibert Ruiz",22219,19610,sa872528,WSN,C,$3.33,$1.00,$1,$8,$1.50,2.098
"Thayron Liranzo",39362,,sa3015790,"DET AA",C,$3.33,$3.00,$2,$5,$1.44,2.098
"Michael Soroka",22668,18383,sa874715,ARI,SP/RP,$3.33,$3.00,$1,$9,$4.90,95.105
"Tyler Mahle",19422,16358,sa737914,SFG,SP,$3.32,$3.00,$1,$8,$1.60,60.839
"Carson Williams",40266,30038,sa3017795,"TBR AAA",SS,$3.31,$4.00,$1,$7,$2.80,60.14
"Connor Norby",40284,29592,sa3017019,MIA,1B/3B,$3.31,$3.00,$1,$17,$1.80,49.65
"Gabe Speier",19520,17170,sa738213,SEA,RP,$3.30,$3.00,$1,$9,$2.70,72.028
"Brooks Lee",42146,31595,sa3019973,MIN,2B/SS/3B,$3.30,$3.00,$1,$12,$4.00,93.007
"Mike Burrows",35811,24728,sa3008517,HOU,SP,$3.29,$3.00,$1,$15,$2.00,65.734
"Otto Lopez",26570,19608,sa3004268,MIA,2B/SS,$3.29,$3.00,$1,$10,$2.60,100
"Parker Meadows",35450,23800,sa3007943,DET,OF,$3.27,$1.00,$1,$8,$1.60,15.385
"Colt Emerson",44248,,sa3022923,"SEA AAA",SS,$3.26,$3.00,$1,$9,$3.60,99.301
"Logan O'Hoppe",35181,24729,sa3007519,LAA,C,$3.25,$1.00,$1,$12,$1.30,38.462
"Andrew Walters",44588,33834,sa3023439,"CLE AAA",RP,$3.25,$2.50,$1,$7,$1.40,2.797
"Caden Dana",42380,31508,sa3020181,"LAA AAA",SP,$3.25,$3.00,$1,$6,$8.10,2.797
"Jordan Walker",38366,27475,sa3014464,STL,OF,$3.22,$2.00,$1,$14,$8.20,100
"Randy Vasquez",35440,24719,sa3007933,SDP,SP,$3.22,$3.00,$1,$9,$3.70,95.804
"Ronny Mauricio",33640,23698,sa3006887,NYM,2B/SS/3B,$3.21,$3.00,$1,$7,$2.30,9.79
"Aidan Miller",44052,,sa3022609,"PHI AAA",SS,$3.21,$3.00,$1,$10,$3.50,95.105
"Taj Bradley",35367,22543,sa3007839,MIN,SP,$3.19,$2.00,$1,$13,$6.20,99.301
"Liam Doyle",47533,,sa3030545,"STL AA",SP,$3.17,$3.00,$1,$7,$1.60,77.622
"Hunter Gaddis",37239,25636,sa3010621,CLE,RP,$3.17,$3.00,$1,$8,$1.90,54.545
"Joe Musgrove",18462,12970,sa597766,SDP,RP,$3.16,$3.00,$1,$6,$2.70,53.846
"Xavier Isaac",42621,,sa3020498,"TBR AA",Util,$3.14,$3.00,$2,$4,$1.30,4.895
"Reynaldo Lopez",18415,16400,sa696415,ATL,SP,$3.14,$2.00,$1,$14,$1.70,51.748
"Luke Weaver",18380,16918,sa599729,NYM,RP,$3.09,$3.00,$1,$9,$2.40,74.126
"Ernie Clement",31958,20352,sa915732,TOR,1B/2B/SS/3B,$3.09,$3.00,$1,$9,$3.20,99.301
"Cole Young",42582,31680,sa3020459,SEA,2B/SS,$3.08,$3.00,$1,$10,$3.50,99.301
"Michael Wacha",18171,14078,sa621625,KCR,SP,$3.08,$2.00,$1,$10,$3.00,97.203
"Troy Melton",42712,31807,sa3020652,DET,SP/RP,$3.08,$3.00,$1,$8,$2.70,83.916
"Josh Lowe",23752,19953,sa917926,LAA,OF,$3.08,$2.00,$1,$13,$1.90,55.944
"Chandler Simpson",42416,31912,sa3020219,TBR,OF,$3.06,$3.00,$1,$10,$2.40,98.601
"Emmanuel Rodriguez",38456,,sa3014693,"MIN AAA",OF,$3.04,$3.00,$1,$10,$2.40,93.706
"Reid Detmers",38328,27468,sa3014425,LAA,SP/RP,$3.03,$3.00,$1,$13,$5.10,98.601
"Jonathan India",33619,21523,sa3008178,KCR,2B/3B/OF,$3.03,$2.00,$1,$16,$3.50,25.874
"Jose A. Ferrer",34396,24017,sa3006373,SEA,RP,$3.02,$3.00,$1,$8,$2.40,77.622
"Angel Martinez",36046,26540,sa3008762,CLE,2B/OF,$3.01,$3.00,$1,$9,$1.90,94.406
"Cionel Perez",23709,19614,sa954181,NYM,RP,$3.00,$3.00,$3,$3,$1.10,0.699
"Bryan De La Cruz",20670,19600,sa828304,"PHI AAA",OF,$3.00,$3.00,$3,$3,$1.80,0.699
"Colby Thomas",42746,31855,sa3020713,ATH,OF,$3.00,$3.00,$1,$7,$1.80,13.986
"Cristian Javier",22694,17606,sa874816,HOU,SP,$3.00,$3.00,$1,$7,$2.20,16.783
"Jace Jung",42179,31437,sa3019992,DET,2B/3B,$3.00,$3.00,$3,$3,$1.60,0.699
"Pierce Johnson",18330,13435,sa501771,CIN,RP,$3.00,$3.00,$3,$3,$1.20,0.699
"Gage Workman",38348,27573,sa3014441,"DET AAA",SS/3B/OF,$3.00,$3.00,$3,$3,$1.88,0.699
"Chris Bassitt",18398,12304,sa598294,BAL,SP,$3.00,$3.00,$1,$15,$1.40,18.881
"Hoby Milner",27458,13346,sa503539,CHC,RP,$3.00,$3.00,$3,$3,$1.30,0.699
"Dietrich Enns",23669,13932,sa579749,BAL,SP/RP,$3.00,$3.00,$3,$3,$1.20,0.699
"Jace LaViolette",47745,,sa3036058,"CLE A+",Util,$3.00,$3.00,$3,$3,$1.90,0.699
"Zack Littell",19437,15823,sa737929,WSN,SP,$3.00,$1.00,$1,$7,$1.00,4.895
"Danny Jansen",19481,16535,sa738162,TEX,C,$3.00,$3.00,$1,$5,$1.50,2.797
"Enrique Hernandez",11508,10472,sa501542,LAD,1B/2B/3B/OF/RP,$3.00,$3.00,$3,$3,$1.50,0.699
"Tyler Locklear",42267,31396,sa3019970,ARI,1B,$3.00,$3.00,$3,$3,$2.60,0.699
"Jake Meyers",26783,20308,sa3004621,HOU,OF,$3.00,$3.00,$1,$5,$1.20,3.497
"Jose Tena",33812,23691,sa3005482,WSN,2B/3B,$3.00,$3.00,$3,$3,$2.00,0.699
"JP Sears",23865,23429,sa3004100,"SDP AAA",SP,$3.00,$3.00,$1,$5,$1.60,1.399
"Ryan Gusto",38043,26440,sa3011818,"MIA AAA",SP/RP,$3.00,$3.00,$3,$3,$1.40,0.699
"Bryan Hudson",22701,19924,sa874984,CHW,RP,$3.00,$3.00,$2,$4,$2.10,3.497
"Josiah Gray",33683,24580,sa3007475,WSN,RP,$3.00,$3.00,$3,$3,$1.10,0.699
"Kameron Misner",37843,26374,sa3011656,"KCR AAA",OF,$3.00,$3.00,$3,$3,$1.50,0.699
"Brandon Walter",37401,26056,sa3010826,HOU,SP/RP,$3.00,$3.00,$3,$3,$2.20,0.699
"Logan Evans",44354,33699,sa3023077,SEA,SP,$3.00,$3.00,$3,$3,$1.40,0.699
"Justin Crawford",42428,31791,sa3020240,PHI,OF,$2.99,$2.00,$1,$9,$2.70,98.601
"Kyle Harrison",38410,27758,sa3014513,MIL,SP/RP,$2.99,$3.00,$1,$9,$4.30,98.601
"Lucas Erceg",23656,19360,sa872722,KCR,RP,$2.96,$3.00,$1,$9,$5.00,98.601
"Josue De Paula",41342,,sa3018591,"LAD AA",OF,$2.96,$3.00,$1,$7,$1.90,97.902
"Joe Boyle",38397,29608,sa3014498,"TBR AAA",SP,$2.96,$3.00,$1,$8,$2.00,63.636
"Andrew Vaughn",37469,26197,sa3011226,MIL,1B,$2.95,$3.00,$1,$11,$2.30,74.126
"Triston Casas",33651,22514,sa3007634,BOS,1B,$2.95,$1.00,$1,$16,$2.10,29.371
"Bryce Elder",38412,27779,sa3014515,ATL,SP,$2.95,$2.00,$1,$12,$3.20,95.804
"Jeffrey Springs",23144,17677,sa876019,ATH,SP,$2.95,$2.00,$1,$12,$1.20,78.322
"Jackson Jobe",40097,30203,sa3018054,DET,SP,$2.95,$2.00,$1,$10,$3.40,89.51
"Charlie Condon",45715,,sa3025257,"COL AAA",1B,$2.94,$2.50,$1,$9,$2.30,96.503
"Chad Patrick",40861,30113,sa3017933,MIL,SP,$2.94,$3.00,$1,$8,$2.00,71.329
"Travis Sykora",44659,33573,sa3023557,"WSN AA",SP,$2.94,$2.00,$1,$7,$1.20,11.189
"Jett Williams",42175,,sa3020134,"MIL AAA",2B/SS/3B/OF,$2.93,$3.00,$1,$8,$1.90,79.72
"Edwin Uceta",33395,20539,sa921576,TBR,RP,$2.93,$3.00,$1,$8,$2.50,48.252
"Seth Lugo",23701,12447,sa599698,KCR,SP,$2.92,$2.00,$1,$13,$2.50,98.601
"Jordan Romano",21170,16122,sa829155,COL,RP,$2.88,$3.00,$1,$6,$3.00,11.888
"Phil Maton",22809,18064,sa875251,CHC,RP,$2.88,$3.00,$1,$7,$2.20,34.965
"Dominic Canzone",37536,26438,sa1115890,SEA,OF,$2.88,$3.00,$1,$21,$3.00,96.503
"Sam Antonacci",45884,35101,sa3025363,CHW,2B/3B/OF,$2.87,$2.50,$1,$8,$4.00,93.706
"J.T. Realmuto",14864,11739,sa548255,PHI,C,$2.87,$2.00,$1,$15,$1.60,65.734
"Ryan Waldschmidt",45789,,sa3025261,"ARI AAA",OF,$2.87,$2.00,$1,$7,$3.50,98.601
"Casey Schmitt",38383,27577,sa3014484,SFG,1B/2B/3B,$2.86,$3.00,$1,$9,$4.80,89.51
"Tony Santillan",22679,19926,sa874781,CIN,RP,$2.85,$3.00,$1,$8,$2.10,99.301
"Fernando Cruz",8550,7048,sa389855,NYY,RP,$2.85,$3.00,$1,$8,$2.30,82.517
"James Tibbs III",45862,,sa3025333,"LAD AAA",OF,$2.83,$3.00,$1,$6,$2.00,62.937
"Alex Vesia",35532,25007,sa3008070,LAD,RP,$2.83,$3.00,$1,$9,$3.40,100
"Jorge Soler",18162,14221,sa658226,LAA,OF,$2.81,$2.00,$1,$10,$4.00,99.301
"Garrett Mitchell",38325,27555,sa3014438,MIL,OF,$2.81,$2.00,$1,$9,$2.60,91.608
"Markevian Hence",38469,28672,sa3014709,"STL CPX",SP/RP,$2.80,$3.00,$1,$5,$1.70,3.497
"Robert Gasser",40476,29812,sa3017310,"MIL AAA",SP/RP,$2.80,$3.00,$1,$7,$1.40,6.993
"Zach McKinstry",33147,19392,sa918920,DET,2B/SS/3B/OF,$2.78,$3.00,$1,$10,$2.20,50.35
"Orion Kerkering",42666,31776,sa3020593,PHI,RP,$2.75,$2.00,$1,$9,$1.80,65.035
"Otto Kemp",42659,31792,sa3020577,"PHI AAA",1B/3B/OF,$2.75,$3.00,$1,$4,$1.80,2.797
"Lazaro Montes",41160,,sa3018409,"SEA AA",OF,$2.75,$3.00,$1,$6,$2.20,61.538
"Ronel Blanco",33194,19407,sa919082,HOU,SP,$2.75,$1.00,$1,$8,$1.40,2.797
"Jake Mangum",37660,26202,sa3011255,PIT,OF,$2.75,$2.00,$1,$8,$1.10,13.986
"Quinn Mathews",44554,,sa3023407,"STL AAA",SP,$2.74,$3.00,$1,$7,$1.40,16.084
"JR Ritchie",42538,31760,sa3020395,ATL,SP/RP,$2.74,$2.00,$1,$11,$3.60,82.517
"Kumar Rocker",42110,31843,sa3020827,TEX,SP,$2.74,$1.00,$1,$13,$2.00,47.552
"Jameson Taillon",14906,11674,sa548151,CHC,SP,$2.71,$2.00,$1,$5,$1.20,4.895
"Ildemaro Vargas",16191,13324,sa504705,ARI,1B/2B/3B,$2.71,$2.00,$1,$10,$3.80,90.21
"Juan Morillo",32492,21924,sa917772,ARI,RP,$2.71,$2.50,$1,$8,$3.20,96.503
"Harry Ford",40675,29958,sa3017627,"WSN AAA",C,$2.71,$3.00,$1,$8,$2.10,23.776
"Edgardo Henriquez",36539,26944,sa3009613,LAD,RP,$2.70,$3.00,$1,$4,$1.50,6.993
"Yimi Garcia",10429,12095,sa506959,TOR,RP,$2.69,$1.00,$1,$10,$1.10,9.091
"Daniel Lynch IV",33669,21537,sa3007588,KCR,RP,$2.69,$2.00,$1,$8,$2.00,65.734
"Brad Keller",19378,15734,sa737865,PHI,RP,$2.69,$3.00,$1,$7,$2.60,94.406
"Daniel Schneemann",34843,25180,sa3006936,CLE,2B/SS/3B/OF,$2.69,$2.00,$1,$7,$3.00,85.315
"Hagen Smith",45721,,sa3025544,"CHW AAA",SP,$2.68,$2.00,$1,$9,$2.50,79.021
"Sean Burke",40568,29878,sa3017461,CHW,SP/RP,$2.67,$2.00,$1,$8,$3.20,60.14
"Sean Newcomb",18459,16943,sa709548,CHW,SP/RP,$2.67,$3.00,$1,$4,$1.10,2.098
"Khal Stephen",46302,,sa3043049,"CLE AA",SP,$2.67,$2.00,$1,$5,$1.10,2.098
"Cam Collier",42359,,sa3020131,"CIN AA",1B/3B,$2.67,$2.00,$2,$4,$1.50,2.098
"Chase Meidroth",42304,31580,sa3020011,CHW,2B/SS,$2.66,$2.00,$1,$8,$2.30,93.706
"Spencer Horwitz",37091,26477,sa1115496,PIT,1B,$2.65,$1.00,$1,$10,$2.50,38.462
"Jacob Latz",31505,21306,sa829008,TEX,SP/RP,$2.65,$2.00,$1,$7,$3.10,91.608
"Brady House",40261,29993,sa3017694,WSN,3B,$2.64,$2.00,$1,$7,$2.40,72.028
"Christian Moore",45708,34979,sa3025168,"LAA AAA",2B,$2.63,$2.00,$1,$7,$1.70,28.671
"Tyler Rogers",19904,15541,sa739036,TOR,RP,$2.63,$3.00,$1,$8,$2.10,96.503
"Bailey Ober",32966,21224,sa918555,MIN,SP,$2.63,$1.00,$1,$16,$2.10,46.853
"Brandon Pfaadt",38699,27782,sa3014983,ARI,SP,$2.62,$2.00,$1,$10,$1.90,38.462
"Austin Hays",23805,19363,sa874219,CHW,OF,$2.62,$2.00,$1,$11,$1.30,36.364
"Ian Seymour",38409,27932,sa3014512,TBR,SP/RP,$2.61,$2.00,$1,$11,$2.10,74.825
"Dillon Dingler",38308,27464,sa3014528,DET,C,$2.60,$3.00,$1,$9,$3.10,97.902
"Lenyn Sosa",26411,22896,sa3004051,TOR,1B/2B,$2.60,$1.00,$1,$12,$1.20,27.972
"Chase Petty",40879,30170,sa3017963,CIN,SP/RP,$2.60,$3.00,$1,$5,$1.50,3.497
"Landen Roupp",40820,30076,sa3017869,SFG,SP,$2.60,$2.00,$1,$9,$3.80,98.601
"Erik Sabrowski",38780,24978,sa3015121,CLE,RP,$2.59,$2.00,$1,$8,$3.10,100
"Austin Wells",38317,27562,sa3014440,NYY,C,$2.59,$2.00,$1,$9,$1.30,52.448
"Seth Hernandez",47555,,sa3069247,"PIT A",SP,$2.58,$2.00,$1,$10,$3.50,73.427
"Christian Scott",40870,30107,sa3017948,NYM,RP,$2.56,$2.00,$1,$7,$4.10,44.056
"Keaton Winn",34874,23499,sa3006968,SFG,SP/RP,$2.55,$2.00,$1,$9,$2.90,99.301
"Jesus Sanchez",22331,19913,sa872787,TOR,OF,$2.55,$2.00,$1,$11,$1.40,89.51
"Luis Pena",45090,,sa3024134,"MIL A+",2B/SS,$2.53,$2.00,$1,$7,$2.30,69.93
"Zach Eflin",23612,13774,sa657853,BAL,SP,$2.52,$1.00,$1,$16,$1.40,14.685
"Clayton Beeter",38428,27494,sa3014536,WSN,RP,$2.52,$2.00,$1,$10,$2.60,46.853
"Erik Miller",37700,26252,sa3011336,SFG,RP,$2.51,$2.00,$1,$5,$1.60,56.643
"Bowden Francis",32880,20548,sa918451,TOR,SP,$2.50,$2.50,$1,$4,$2.00,1.399
"Emiliano Teodo",38808,,sa3015158,"TEX AAA",RP,$2.50,$2.50,$2,$3,$1.10,1.399
"Jordan Leasure",40656,29950,sa3017607,CHW,RP,$2.50,$2.00,$1,$6,$1.90,9.79
"Jared Jones",47725,,sa3034881,"PIT A+",1B,$2.50,$2.50,$2,$3,$2.50,1.399
"Deyvison De Los Santos",38818,27969,sa3015168,"MIA AAA",1B/3B,$2.50,$2.00,$1,$4,$1.60,8.392
"Lance McCullers Jr.",18228,14120,sa657858,HOU,SP,$2.49,$2.00,$1,$11,$1.40,37.063
"Riley O'Brien",26531,20348,sa3004210,STL,RP,$2.48,$2.00,$1,$9,$3.40,100
"Brice Matthews",44016,33280,sa3022563,HOU,2B/OF,$2.48,$2.00,$1,$6,$2.90,14.685
"Max Muncy",40460,29779,sa3017290,ATH,2B/SS/3B,$2.46,$2.00,$1,$10,$3.30,72.028
"Franklin Arias",43569,,sa3021845,"BOS AA",SS,$2.45,$2.00,$1,$7,$3.70,76.224
"Tyler Black",40267,29949,sa3017623,MIL,1B/OF,$2.41,$1.00,$1,$7,$2.50,11.888
"Paul Sewald",23838,13892,sa658150,ARI,RP,$2.40,$2.00,$1,$8,$3.30,98.601
"Gavin Lux",32576,19955,sa917933,TBR,2B/3B/OF,$2.40,$1.00,$1,$9,$1.70,39.86
"Matthew Liberatore",33611,22294,sa3008163,STL,SP/RP,$2.40,$2.00,$1,$7,$2.10,39.86
"Patrick Bailey",38321,27478,sa3014442,SFG,C,$2.40,$1.00,$1,$8,$1.10,3.497
"Nick Castellanos",14914,11737,sa548164,SDP,OF,$2.40,$1.00,$1,$13,$1.20,20.979
"Bryan Baker",31488,19804,sa739000,TBR,RP,$2.39,$2.00,$1,$6,$3.40,99.301
"Walbert Urena",41050,29357,sa3018298,LAA,SP/RP,$2.39,$2.00,$1,$9,$1.70,16.084
"Mauricio Dubon",19649,16530,sa738378,ATL,2B/SS/3B/OF,$2.39,$2.00,$1,$8,$2.20,82.517
"Ryan Jeffers",33652,24618,sa3007051,MIN,C,$2.39,$2.00,$1,$8,$2.10,94.406
"Jakob Junis",23787,13619,sa602414,TEX,RP,$2.38,$2.00,$1,$7,$1.20,86.014
"Tommy Edman",31703,19470,sa873704,LAD,2B/3B/OF,$2.38,$1.00,$1,$20,$1.50,44.755
"Ben Joyce",42310,31461,sa3020078,"LAA A",RP,$2.38,$1.00,$1,$6,$1.20,33.566
"Carmen Mlodzinski",38403,27572,sa3014505,PIT,SP/RP,$2.37,$2.00,$1,$7,$2.40,85.315
"Zyhir Hope",44114,,sa3022703,"LAD AA",OF,$2.36,$2.00,$1,$8,$2.00,78.322
"Clarke Schmidt",33679,19899,sa3007582,NYY,SP,$2.35,$1.00,$1,$10,$1.50,35.664
"Ryan McMahon",18328,15112,sa737539,NYY,3B,$2.35,$1.00,$1,$5,$1.20,13.986
"Walker Buehler",18504,19374,sa658292,SDP,SP,$2.35,$1.00,$1,$13,$2.20,18.182
"Romy Gonzalez",34602,21562,sa3006652,BOS,1B/2B,$2.34,$2.00,$1,$7,$2.30,32.867
"Gregory Soto",19136,19677,sa737262,PIT,RP,$2.34,$2.00,$1,$7,$3.80,99.301
"Simeon Woods Richardson",35742,24494,sa3008423,MIN,SP,$2.33,$2.50,$1,$4,$1.50,4.196
"Starling Marte",5025,9241,sa503030,KCR,OF,$2.33,$1.00,$1,$5,$1.20,2.098
"Tyler Fitzgerald",37662,26208,sa3011257,"LAD AAA",2B,$2.33,$1.00,$1,$5,$1.50,2.098
"Joey Wentz",23817,19962,sa917946,ATL,SP/RP,$2.33,$3.00,$1,$3,$2.40,2.098
"Juan Brito",36665,26693,sa3009808,"CLE AAA",2B,$2.33,$2.00,$1,$5,$1.40,6.294
"Anthony Volpe",36683,27647,sa3010868,"NYY AAA",SS,$2.33,$1.00,$1,$17,$2.00,72.028
"Jason Adam",27723,11861,sa548332,SDP,RP,$2.33,$2.00,$1,$11,$2.80,96.503
"Jacob Lopez",35696,25098,sa3008338,ATH,SP,$2.32,$1.00,$1,$7,$1.80,19.58
"Louis Varland",37202,27691,sa3010572,TOR,RP,$2.31,$2.00,$1,$7,$3.60,100
"Everson Pereira",33662,23695,sa3007034,CHW,OF,$2.31,$2.00,$1,$5,$1.50,24.476
"Carlos Narvaez",32084,19722,sa916966,BOS,C,$2.31,$2.00,$1,$7,$1.30,11.189
"Liam Hicks",40541,29844,sa3017400,MIA,C/1B,$2.30,$2.00,$1,$9,$3.30,96.503
"Jhostynxon Garcia",39099,28142,sa3015523,"PIT A",OF,$2.30,$2.00,$1,$5,$1.60,16.084
"Aiva Arquette",47548,,sa3026235,"MIA A+",SS,$2.30,$2.00,$1,$5,$1.20,6.993
"Grant Holmes",18375,16944,sa828669,ATL,SP,$2.30,$1.00,$1,$11,$1.70,56.643
"AJ Smith-Shawver",40707,29960,sa3017690,ATL,SP,$2.29,$1.00,$1,$7,$1.40,16.783
"Jose Alvarado",29992,17780,sa656049,PHI,RP,$2.28,$2.00,$1,$10,$1.40,54.545
"Jarlin Susana",41419,30375,sa3018808,"WSN AA",SP,$2.28,$2.00,$1,$6,$2.40,30.07
"Ben Brown",27074,23590,sa3005122,CHC,SP/RP,$2.28,$1.00,$1,$9,$3.10,93.007
"Joshua Baez",40147,,sa3017022,"STL AAA",OF,$2.28,$2.00,$1,$8,$2.30,81.119
"Gage Jump",46221,,sa3034986,"ATH AAA",SP,$2.27,$2.00,$1,$9,$1.60,58.741
"Cade Povich",40771,30055,sa3017787,BAL,SP,$2.27,$3.00,$1,$5,$1.10,10.49
"Graham Ashcraft",37171,27552,sa918274,CIN,SP/RP,$2.26,$2.00,$1,$5,$2.90,95.105
"Mason Montgomery",40472,29770,sa3017306,PIT,RP,$2.26,$2.00,$1,$8,$2.60,86.713
"Nick Martinez",18449,12730,sa599574,TBR,SP/RP,$2.26,$1.00,$1,$9,$2.60,51.748
"Felnin Celesten",42726,,sa3023381,"SEA A+",SS,$2.25,$2.00,$1,$4,$1.10,2.797
"Drew Gilbert",42276,31545,sa3019980,SFG,OF,$2.25,$1.00,$1,$6,$1.00,2.797
"Andrew Fischer",47657,,sa3031366,"MIL A+",3B,$2.25,$1.00,$1,$8,$1.80,5.594
"Rico Garcia",33049,20023,sa918679,BAL,RP,$2.25,$2.00,$1,$8,$2.60,96.503
"Jaxon Wiggins",44703,,sa3023635,"CHC AAA",SP,$2.24,$2.00,$1,$9,$1.70,34.266
"Cole Sands",35878,21461,sa3008611,MIN,RP,$2.24,$2.00,$1,$6,$2.00,25.874
"Luke Raley",32655,19354,sa918048,SEA,1B/OF,$2.24,$2.00,$1,$8,$3.60,79.72
"Jamie Arnold",47565,,sa3026225,"ATH AA",SP,$2.22,$2.00,$1,$6,$1.80,16.084
"Felix Bautista",19242,20666,sa737480,BAL,RP,$2.22,$1.00,$1,$15,$2.30,51.748
"Tyler Stephenson",22654,17988,sa874242,CIN,C,$2.21,$1.00,$1,$7,$1.50,39.161
"Yusei Kikuchi",33656,20633,,LAA,SP,$2.21,$1.00,$1,$8,$1.10,29.371
"Dustin May",32611,19716,sa917992,STL,SP,$2.21,$1.00,$1,$9,$1.30,51.049
"River Ryan",40181,29514,sa3016863,"LAD AAA",RP,$2.20,$2.00,$1,$7,$2.30,58.042
"Edward Florentino",44975,,sa3023944,"PIT A+",OF,$2.20,$2.00,$1,$6,$2.10,61.538
"Hunter Harvey",18283,15507,sa737510,CHC,RP,$2.20,$1.00,$1,$7,$2.00,27.972
"Tyler Wells",32804,20000,sa918346,BAL,SP/RP,$2.20,$2.00,$1,$4,$1.30,6.993
"Jesus Rodriguez",36199,26991,sa3008916,SFG,C/3B,$2.20,$1.50,$1,$7,$1.90,13.986
"Nathaniel Lowe",32765,19566,sa918283,CIN,1B,$2.20,$1.00,$1,$9,$2.00,28.671
"Mike Yastrzemski",18383,14854,sa503161,ATL,OF,$2.19,$1.00,$1,$9,$2.10,51.049
"Jake Burger",23809,22275,sa915698,TEX,1B,$2.19,$1.00,$1,$10,$1.40,66.434
"Kevin Alcantara",33677,25971,sa3008752,"CHC AAA",OF,$2.19,$1.00,$1,$8,$1.10,22.378
"George Lombard Jr.",44470,,sa3023233,"NYY AAA",SS,$2.19,$2.00,$1,$5,$2.50,74.825
"Luis Severino",18355,15890,sa657781,ATH,SP,$2.19,$1.00,$1,$7,$1.60,37.762
"C.J. Kayfus",44348,33704,sa3023068,"CLE AAA",1B/OF,$2.18,$3.00,$1,$4,$2.00,7.692
"Cam Caminiti",45950,,sa3025607,"ATL A+",SP,$2.18,$2.00,$1,$5,$2.00,7.692
"Daniel Espino",37812,,sa3011495,"CLE AAA",RP,$2.17,$2.00,$1,$4,$1.60,4.196
"Alex Freeland",42713,31665,sa3020653,LAD,2B/SS/3B,$2.17,$2.00,$1,$7,$2.00,29.371
"Nathan Church",42145,31357,sa3019842,STL,OF,$2.17,$2.00,$1,$7,$1.60,29.371
"Jose Caballero",26915,23401,sa3004817,NYY,2B/SS/3B/OF,$2.16,$2.00,$1,$9,$2.90,81.119
"Justin Wrobleski",41926,31204,sa3019501,LAD,SP/RP,$2.15,$2.00,$1,$6,$3.70,93.706
"Victor Scott II",42141,31349,sa3019838,STL,OF,$2.14,$1.00,$1,$6,$1.50,9.79
"Josue Briceno",41335,,sa3018584,"DET AA",C/1B,$2.13,$2.00,$1,$8,$1.30,20.979
"Braxton Garrett",23723,21844,sa917923,"MIA AAA",SP/RP,$2.12,$1.00,$1,$12,$1.40,56.643
"Cole Winn",33633,22113,sa3008662,TEX,RP,$2.12,$1.00,$1,$6,$1.60,11.888
"Carlos Lagrange",41865,,sa3019390,"NYY AAA",SP,$2.11,$1.00,$1,$8,$2.00,73.427
"Eric Lauer",23696,19316,sa738156,TOR,SP/RP,$2.11,$1.00,$1,$7,$1.20,6.294
"Gavin Sheets",31572,19901,sa829797,SDP,1B/OF,$2.10,$1.00,$1,$6,$1.40,76.923
"Tyler Freeman",26882,22532,sa3004755,COL,2B/OF,$2.10,$1.00,$1,$7,$1.70,43.357
"Andres Gimenez",23705,19950,sa917114,TOR,2B/SS,$2.09,$1.00,$1,$9,$1.70,84.615
"Edouard Julien",38350,27534,sa3014445,COL,1B/2B,$2.09,$2.00,$1,$8,$2.60,63.636
"J.P. Crawford",18272,15491,sa737507,SEA,SS,$2.08,$1.00,$1,$11,$1.90,66.434
"Bryan King",37210,25890,sa3010580,HOU,RP,$2.08,$2.00,$1,$5,$2.10,75.524
"Brandon Marsh",23868,20202,sa917944,PHI,OF,$2.08,$1.00,$1,$9,$2.40,94.406
"Slade Cecconi",38480,27500,sa3014739,CLE,SP,$2.08,$2.00,$1,$6,$1.50,17.483
"Harrison Bader",21968,18030,sa857218,SFG,OF,$2.08,$1.00,$1,$7,$1.50,17.483
"Luisangel Acuna",36048,26548,sa3008765,CHW,2B/SS/OF,$2.08,$1.00,$1,$7,$1.70,17.483
"Kyle Leahy",35030,24763,sa3007241,STL,SP/RP,$2.08,$1.00,$1,$5,$1.20,9.091
"Trevor Larnach",33622,21501,sa3008376,MIN,OF,$2.07,$2.00,$1,$7,$3.20,84.615
"Anthony Nunez",36940,25796,sa3010171,BAL,RP,$2.06,$2.00,$1,$6,$1.90,55.944
"Keider Montero",25866,22630,sa3002956,DET,SP/RP,$2.05,$1.00,$1,$6,$1.80,51.748
"Hyeseong Kim",46089,35322,sa3012639,LAD,2B/SS/OF,$2.04,$1.00,$1,$7,$1.70,53.147
"Jose Fernandez",38854,28020,sa3015204,ARI,1B/SS,$2.04,$1.00,$1,$6,$1.60,53.846
"A.J. Ewing",44286,,sa3022963,"NYM AAA",OF,$2.03,$1.00,$1,$7,$3.40,45.455
"Janson Junk",26807,23301,sa3004659,MIA,SP/RP,$2.03,$1.00,$1,$6,$2.30,69.231
"Nolan Gorman",33623,22263,sa3007017,STL,2B/3B,$2.03,$1.00,$1,$9,$1.60,74.825
"Braden Montgomery",45739,,sa3038253,"CHW AAA",OF,$2.02,$2.00,$1,$5,$2.60,69.93
"Elmer Rodriguez",41901,31811,sa3019459,NYY,SP/RP,$2.01,$1.00,$1,$9,$1.50,50.35
"Aaron Ashby",33672,23550,sa3007225,MIL,RP,$2.01,$2.00,$1,$6,$1.90,88.811
"Nelson Rada",41172,,sa3018421,"LAA AAA",OF,$2.00,$2.00,$2,$2,$1.13,1.399
"Ryne Stanek",18394,15947,sa548245,STL,RP,$2.00,$1.00,$1,$6,$1.00,6.294
"Luke Adams",42362,,sa3020135,"MIL AAA",1B/3B,$2.00,$2.00,$2,$2,$1.17,0.699
"Henry Davis",40052,29617,sa3017042,PIT,C,$2.00,$2.00,$1,$3,$1.40,1.399
"Blake Mitchell",44146,,sa3022756,"KCR A+",C,$2.00,$2.00,$2,$2,$1.00,0.699
"Jhonkensy Noel",33905,24257,sa3005579,"BAL AAA",1B/OF,$2.00,$1.00,$1,$4,$1.50,2.098
"Brad Lord",42798,31972,sa3020812,WSN,SP/RP,$2.00,$2.00,$1,$3,$4.10,1.399
"Drew Anderson",30833,15130,sa658613,DET,RP,$2.00,$1.00,$1,$6,$1.40,5.594
"Ivan Brethowr",45924,,sa3025415,"PIT A+",OF,$2.00,$2.00,$2,$2,$1.00,0.699
"Juaron Watts-Brown",44533,,sa3023352,"BAL AA",SP,$2.00,$2.00,$1,$3,$1.50,1.399
"Brendon Little",31812,21574,sa876266,"TOR AAA",RP,$2.00,$1.00,$1,$7,$1.70,14.685
"Luis Perales",38443,,sa3014677,"WSN AAA",SP,$2.00,$2.00,$2,$2,$2.20,0.699
"Kendall George",44072,,sa3022660,"LAD AA",OF,$2.00,$2.00,$2,$2,$1.00,0.699
"Alejandro Rosario",44650,,sa3023538,"WSN AA",RP,$2.00,$2.00,$2,$2,$1.30,0.699
"Ryan Sloan",46358,,sa3067131,"SEA AA",SP,$2.00,$1.00,$1,$7,$1.90,83.916
"Griffin Conine",35928,21626,sa876060,MIA,OF,$2.00,$2.00,$1,$3,$1.20,1.399
"Vaughn Grissom",37320,26031,sa3010711,LAA,2B/SS,$2.00,$1.00,$1,$5,$1.90,13.986
"Austin Peterson",42836,,sa3020868,"CLE AAA",SP,$2.00,$2.00,$2,$2,$1.00,0.699
"Brock Stewart",23622,16727,sa550113,LAD,RP,$2.00,$1.00,$1,$5,$1.30,2.797
"Wenceel Perez",26234,22857,sa3003326,DET,OF,$2.00,$2.00,$1,$3,$1.60,3.497
"Steele Hall",47545,,sa3069249,"CIN CPX",Util,$2.00,$2.00,$2,$2,$1.00,0.699
"Andrew Alvarez",40609,29914,sa3017531,"WSN AAA",SP,$2.00,$2.00,$1,$3,$3.70,1.399
"J.T. Ginn",38339,27889,sa3014428,ATH,SP/RP,$2.00,$2.00,$1,$3,$1.70,1.399
"Zac Veen",38313,27770,sa3014516,"COL AAA",OF,$2.00,$1.00,$1,$5,$1.80,18.182
"Keegan Akin",31714,19362,sa873980,BAL,RP,$2.00,$2.00,$1,$3,$1.10,1.399
"Gabriel Arias",26408,22563,sa3004047,CLE,2B/SS,$2.00,$2.00,$1,$3,$1.70,2.797
"Miles Mikolas",6106,9803,sa501497,WSN,SP,$2.00,$2.00,$1,$3,$1.00,1.399
"Rob Refsnyder",18345,13770,sa621680,SEA,OF,$2.00,$2.00,$1,$3,$1.00,1.399
"Jack Dreyer",41400,30249,sa3018789,LAD,SP/RP,$2.00,$1.00,$1,$6,$1.30,33.566
"Joey Ortiz",36743,25493,sa3009889,MIL,SS,$2.00,$1.00,$1,$5,$1.10,5.594
"Ryan Ward",37113,27449,sa1169792,"LAD AAA",1B/OF,$2.00,$2.00,$1,$4,$1.20,7.692
"Johnny King",46429,,sa3067123,"TOR A+",SP,$2.00,$2.00,$2,$2,$1.00,0.699
"Shotaro Morii",46092,,sa3067343,"ATH CPX",SS,$2.00,$2.00,$2,$2,$1.00,0.699
"Jacob Young",40641,29931,sa3017563,WSN,OF,$2.00,$1.50,$1,$5,$1.40,4.196
"Bishop Letson",44646,,sa3023526,"MIL AA",SP,$2.00,$2.00,$2,$2,$2.00,0.699
"Victor Robles",18516,18363,sa828409,SEA,OF,$2.00,$1.00,$1,$8,$1.30,4.895
"Paul Goldschmidt",4374,9218,sa501577,NYY,1B,$2.00,$1.00,$1,$10,$1.00,6.993
"Andre Pallante",37599,26108,sa3011186,STL,SP,$2.00,$2.00,$1,$3,$2.30,2.797
"Kyle Freeland",18363,16256,sa599746,COL,SP,$2.00,$2.00,$1,$3,$7.30,1.399
"Wei-En Lin",46408,,sa3067072,"ATH AA",SP/RP,$2.00,$2.00,$2,$2,$1.00,0.699
"Heriberto Hernandez",33954,24878,sa3005630,MIA,OF,$2.00,$2.00,$1,$3,$1.20,2.098
"David Hagaman",46191,,sa3032946,"ARI A+",SP,$2.00,$2.00,$2,$2,$1.00,2.098
"Lourdes Gurriel Jr.",23722,19238,sa908697,ARI,OF,$1.98,$1.00,$1,$12,$2.30,80.42
"Esmerlyn Valdez",39340,,sa3015768,"PIT AAA",OF,$1.96,$1.00,$1,$6,$2.00,35.664
"Troy Johnston",37458,26143,sa3010899,COL,1B/OF,$1.96,$1.00,$1,$7,$2.10,83.217
"Dylan Lee",32719,19996,sa918185,ATL,RP,$1.95,$2.00,$1,$7,$3.10,93.007
"Eli Willits",47549,,sa3069164,"WSN A",SS,$1.94,$1.00,$1,$14,$1.90,36.364
"Hunter Barco",43911,33174,sa3022409,"PIT AAA",SP/RP,$1.94,$1.00,$1,$7,$1.80,11.888
"Carson Kelly",23714,13620,sa657963,CHC,C,$1.94,$1.00,$1,$6,$1.70,76.923
"Steven Matz",13962,13361,sa500832,TBR,SP/RP,$1.93,$1.00,$1,$5,$1.50,30.07
"Ethan Salas",42727,,sa3020881,"SDP AA",Util,$1.93,$2.00,$1,$3,$1.90,9.79
"Henry Bolte",42299,,sa3020006,"ATH AAA",OF,$1.93,$1.50,$1,$5,$2.20,9.79
"Kaelen Culpepper",45881,,sa3025360,"MIN AAA",SS,$1.93,$1.00,$1,$5,$2.40,58.042
"Johan Oviedo",33424,22487,sa922365,BOS,SP,$1.92,$1.00,$1,$5,$1.60,8.392
"Nick Gonzales",38314,27490,sa3014510,PIT,2B/SS/3B,$1.92,$1.00,$1,$7,$2.20,50.35
"Caleb Thielbar",6225,10078,sa502074,CHC,RP,$1.91,$1.50,$1,$5,$1.40,15.385
"Justin Verlander",15261,8700,sa277705,DET,SP,$1.91,$1.00,$1,$5,$1.50,7.692
"Lucas Giolito",18195,15474,sa657908,"SDP AA",SP,$1.91,$1.50,$1,$4,$2.00,15.385
"Michael McGreevy",40648,29869,sa3017598,STL,SP,$1.91,$1.00,$1,$5,$1.40,38.462
"Luis Lara",41265,,sa3018514,"MIL AAA",OF,$1.91,$1.50,$1,$5,$2.00,15.385
"Griffin Canning",33604,19867,sa829807,SDP,SP,$1.89,$1.00,$1,$4,$2.40,13.287
"Brayan Rocchio",33650,23690,sa3005898,CLE,2B/SS,$1.89,$1.00,$1,$6,$1.80,25.874
"Rece Hinds",37107,27493,sa1169587,"CIN AAA",OF,$1.89,$2.00,$1,$4,$1.40,6.294
"Isaac Collins",36738,25477,sa3009884,KCR,OF,$1.89,$1.00,$1,$7,$1.30,43.357
"Joel Kuhnel",32736,19995,sa918205,ATH,RP,$1.88,$1.00,$1,$6,$1.70,52.448
"T.J. Rumfield",40496,29805,sa3017330,COL,1B,$1.86,$1.00,$1,$7,$1.20,51.748
"Ezequiel Duran",27162,23733,sa3005271,TEX,1B/2B/SS/3B/OF,$1.86,$1.00,$1,$4,$1.60,4.895
"Dean Kremer",31819,19350,sa876350,BAL,SP,$1.86,$1.00,$1,$5,$1.50,9.79
"Michael Arroyo",41180,,sa3018429,"SEA AA",2B,$1.86,$2.00,$1,$3,$1.20,9.79
"Arjun Nimmala",43892,,sa3022892,"TOR AA",SS,$1.86,$1.50,$1,$6,$1.60,9.79
"Antonio Senzatela",23757,15488,sa657576,COL,SP/RP,$1.85,$1.00,$1,$7,$2.30,62.238
"Dominic Smith",18300,15653,sa737502,ATL,1B/OF,$1.85,$1.00,$1,$6,$1.30,47.552
"Bradgley Rodriguez",39557,29107,sa3016035,SDP,RP,$1.85,$1.00,$1,$6,$1.70,69.231
"Jaison Chourio",41151,,sa3018399,"CLE AA",OF,$1.83,$2.00,$1,$2,$1.50,4.196
"Austin Martin",38323,27462,sa3014454,MIN,OF,$1.83,$1.00,$1,$6,$2.60,54.545
"Oswald Peraza",26213,22823,sa3003305,LAA,1B/2B/SS/3B,$1.83,$1.00,$1,$5,$2.10,53.846
"Edgar Quero",38887,28022,sa3015239,CHW,C,$1.83,$1.00,$1,$5,$1.10,20.28
"Miguel Andujar",23720,15878,sa659185,SDP,3B/OF,$1.82,$1.00,$1,$8,$2.50,63.636
"Zack Gelof",40456,29766,sa3017286,ATH,2B/OF,$1.82,$1.00,$1,$8,$1.30,7.692
"David Hamilton",38344,27531,sa3014434,MIL,2B/SS/3B,$1.82,$1.00,$1,$7,$1.30,7.692
"Joe Mack",40520,29780,sa3017374,MIA,C,$1.82,$1.00,$1,$7,$2.10,26.573
"Peter Lambert",22676,17969,sa874771,HOU,RP,$1.81,$1.00,$1,$6,$2.20,36.364
"DJ Herz",37942,26389,sa3011680,WSN,RP,$1.80,$1.00,$1,$5,$1.10,10.49
"Kutter Crawford",26903,20531,sa3004798,"BOS AAA",RP,$1.80,$1.00,$1,$3,$1.20,3.497
"Cedric Mullins",22616,17929,sa873639,TBR,OF,$1.79,$1.00,$1,$8,$1.10,23.077
"Joey Wiemer",38424,27690,sa3014531,WSN,OF,$1.78,$1.00,$1,$7,$1.40,35.664
"Adrian Houser",28712,12718,sa597779,SFG,SP/RP,$1.78,$1.00,$1,$4,$1.00,6.294
"Adrian Del Castillo",40238,29554,sa3016957,ARI,C,$1.78,$1.00,$1,$3,$1.40,6.294
"Luis Campusano",26404,22217,sa3004041,SDP,C,$1.77,$1.00,$1,$5,$1.70,21.678
"Matt Svanson",40308,29629,sa3017070,STL,RP,$1.77,$1.00,$1,$5,$2.00,15.385
"Eduardo Quintero",43129,,sa3021208,"LAD A+",OF,$1.76,$1.00,$1,$5,$1.50,46.853
"Alfredo Duno",42988,,sa3021066,"CIN A+",C,$1.76,$1.00,$1,$5,$1.90,23.077
"Cooper Ingle",44349,,sa3023069,"CLE AAA",C,$1.75,$1.50,$1,$3,$1.50,2.797
"Theo Gillen",45771,,sa3025565,"TBR A+",OF,$1.75,$1.50,$1,$3,$1.25,2.797
"Hunter Dobbins",41027,30240,sa3018275,"STL AAA",SP,$1.75,$1.50,$1,$3,$1.70,2.797
"Kevin Kelly",36825,25679,sa3009999,TBR,RP,$1.74,$2.00,$1,$4,$2.00,18.881
"Blake Treinen",18414,12572,sa549672,LAD,RP,$1.74,$1.00,$1,$4,$1.50,16.084
"Caleb Bonemer",46397,,sa3067043,"CHW A+",SS/3B,$1.73,$1.00,$1,$6,$1.30,51.748
"Evan Phillips",30979,17734,sa658921,LAD,RP,$1.73,$1.00,$1,$7,$1.10,7.692
"Zach Cole",42238,31583,sa3019937,HOU,OF,$1.72,$1.00,$1,$3,$1.40,12.587
"Nolan Arenado",12379,9777,sa500816,ARI,3B,$1.71,$1.00,$1,$7,$1.80,50.35
"Steven Okert",18421,13580,sa550187,HOU,RP,$1.70,$1.00,$1,$4,$1.40,18.881
"Ha-seong Kim",38127,27506,sa3011918,ATL,2B/SS,$1.70,$1.00,$1,$7,$1.60,27.972
"Andrew Kittredge",27995,12828,sa577676,BAL,RP,$1.68,$1.00,$1,$5,$1.70,23.776
"Masataka Yoshida",42722,31837,,BOS,OF,$1.68,$1.00,$1,$5,$1.30,27.972
"Josh Bell",18152,13145,sa597768,MIN,1B,$1.67,$1.00,$1,$9,$1.40,38.462
"Ronny Henriquez",34103,24094,sa3005835,MIA,RP,$1.67,$1.00,$1,$5,$1.10,16.783
"Amed Rosario",18303,15518,sa732115,NYY,2B/3B,$1.67,$1.00,$1,$7,$1.20,8.392
"Jonny Deluca",37916,26365,sa3011644,TBR,OF,$1.67,$1.00,$1,$3,$1.30,2.098
"Hayden Birdsong",42552,31635,sa3020409,SFG,SP/RP,$1.67,$1.00,$1,$3,$1.30,4.196
"Josh Ekness",44442,33785,sa3023204,MIA,RP,$1.67,$1.00,$1,$3,$1.40,2.098
"Gavin Stone",38562,27792,sa3014810,LAD,RP,$1.67,$1.00,$1,$3,$1.30,4.196
"Connor Phillips",38343,27649,sa3014433,CIN,RP,$1.67,$1.00,$1,$3,$1.20,4.196
"Nick Mears",35865,25376,sa3008594,KCR,RP,$1.67,$1.00,$1,$3,$1.20,2.098
"Rainiel Rodriguez",45018,,sa3023987,"STL A+",C,$1.65,$1.00,$1,$5,$1.60,53.846
"Foster Griffin",20917,16432,sa828674,WSN,SP,$1.65,$1.00,$1,$5,$2.90,25.874
"Brooks Raley",4970,10061,sa501562,NYM,RP,$1.64,$1.00,$1,$5,$1.50,70.629
"Anthony Eyanson",47653,,sa3031104,"BOS AA",SP,$1.64,$1.00,$1,$6,$1.90,9.79
"Andrew Nardi",37639,25942,sa3011234,MIA,RP,$1.64,$1.00,$1,$4,$1.80,9.79
"Calvin Faucher",26384,20116,sa3004013,MIA,RP,$1.61,$1.00,$1,$5,$1.70,30.769
"Bryce Rainer",45797,,sa3066592,"DET A+",SS,$1.61,$1.00,$1,$6,$1.10,41.259
"Justin Martinez",34132,24453,sa3005864,ARI,RP,$1.61,$1.00,$1,$5,$1.40,42.657
"Joel Peguero",32455,21951,sa917689,SFG,RP,$1.60,$1.00,$1,$3,$1.40,3.497
"Chris Martin",18455,11847,sa596330,TEX,RP,$1.60,$1.00,$1,$4,$1.70,6.993
"Thomas Saggese",38402,27883,sa3014503,STL,2B/SS/3B/OF,$1.60,$1.00,$1,$3,$1.60,3.497
"Tanner McDougal",40578,,sa3017471,"CHW AAA",SP,$1.60,$2.00,$1,$2,$1.50,6.993
"Sean Murphy",31687,19352,sa873680,ATL,C,$1.59,$1.00,$1,$5,$1.30,20.28
"Eduard Bazardo",22527,20997,sa873313,SEA,RP,$1.59,$1.00,$1,$7,$2.20,20.28
"Javier Baez",18123,12979,sa597757,DET,2B/SS/3B/OF,$1.58,$1.00,$1,$6,$1.30,16.783
"Curtis Mead",35725,23986,sa3008392,WSN,1B/2B/3B,$1.58,$1.00,$1,$3,$1.40,13.287
"Justin Sterner",38613,27694,sa3014864,ATH,RP,$1.57,$1.00,$1,$7,$1.20,32.867
"Caleb Kilian",38006,26213,sa3011773,SFG,RP,$1.57,$1.00,$1,$6,$1.70,32.867
"Ralphy Velazquez",44310,,sa3023013,"CLE AA",1B,$1.57,$1.00,$1,$5,$1.50,37.762
"Jake Bennett",42754,31959,sa3020737,BOS,SP/RP,$1.57,$1.00,$1,$5,$1.50,4.895
"Tyler Phillips",22968,20629,sa875646,MIA,RP,$1.56,$1.00,$1,$5,$1.80,6.294
"Jack Kochanowicz",38430,27688,sa3014539,LAA,SP,$1.55,$1.00,$1,$6,$1.70,26.573
"A.J. Minter",23679,18655,sa659284,"NYM AAA",RP,$1.55,$1.00,$1,$4,$1.40,27.972
"Kody Clemens",35487,20572,sa3008002,MIN,1B/2B/OF,$1.55,$1.00,$1,$3,$1.20,21.678
"A.J. Puk",23660,19343,sa738675,ARI,RP,$1.55,$1.00,$1,$5,$1.70,51.049
"Andrew Benintendi",18491,17901,sa738659,CHW,OF,$1.54,$1.00,$1,$6,$1.30,24.476
"Bo Naylor",33676,21865,sa3008247,CLE,C,$1.53,$1.00,$1,$5,$1.00,13.287
"Braydon Fisher",35436,24609,sa3007929,TOR,RP,$1.51,$1.00,$1,$4,$1.50,32.867
"Gus Varland",33668,24737,sa3007779,WSN,RP,$1.51,$1.00,$1,$4,$2.00,37.063
"Kahlil Watson",40263,,sa3017513,"CLE AAA",OF,$1.50,$1.50,$1,$2,$1.10,1.399
"Trey Gibson",44473,33794,sa3023250,BAL,SP/RP,$1.50,$1.00,$1,$4,$1.10,8.392
"Ty Madden",40964,30140,sa3018141,DET,SP/RP,$1.50,$1.50,$1,$2,$2.00,1.399
"LuJames Groover",44218,,sa3022887,"ARI AAA",3B,$1.50,$1.50,$1,$2,$1.00,1.399
"Ryan Bergert",40554,29863,sa3017418,"KCR AAA",SP,$1.50,$1.50,$1,$2,$1.60,1.399
"Kendry Rojas",40077,29423,sa3016746,"MIN AAA",SP/RP,$1.50,$1.50,$1,$2,$1.30,1.399
"Gavin Collyer",37987,26349,sa3011742,TEX,RP,$1.50,$1.50,$1,$2,$1.20,1.399
"Max Anderson",44020,,sa3022567,"DET AAA",2B/3B,$1.50,$1.50,$1,$2,$1.00,1.399
"Ty Johnson",44568,,sa3023410,"TBR AAA",SP/RP,$1.50,$1.50,$1,$2,$1.40,1.399
"Pavin Smith",23808,19892,sa829595,ARI,1B,$1.50,$1.00,$1,$3,$1.50,2.797
"Hector Rodriguez",39400,,sa3015828,"CIN AAA",OF,$1.50,$1.00,$1,$3,$1.50,8.392
"Jake Irvin",35618,21504,sa3008223,WSN,SP,$1.50,$1.00,$1,$7,$1.00,8.392
"Mike Tauchman",19369,15274,sa737856,NYM,OF,$1.50,$1.50,$1,$2,$1.20,1.399
"Tylor Megill",35473,21318,sa3007988,NYM,SP,$1.50,$1.00,$1,$5,$1.20,6.993
"Taylor Clarke",22692,17611,sa874810,ARI,RP,$1.50,$1.50,$1,$2,$1.20,1.399
"Jonny Farmelo",44538,,sa3023362,"SEA A+",OF,$1.50,$1.50,$1,$2,$1.43,1.399
"Blaze Alexander",35300,23789,sa3007742,BAL,2B/3B/OF,$1.50,$1.50,$1,$2,$1.30,1.399
"Kirby Yates",6175,9073,sa505235,"LAA ST",RP,$1.48,$1.00,$1,$5,$1.40,49.65
"Shawn Armstrong",18558,12857,sa598951,CLE,RP,$1.48,$1.00,$1,$4,$1.50,29.371
"Yennier Cano",37946,25911,sa3011688,BAL,RP,$1.47,$1.00,$1,$5,$1.40,39.86
"Jonathan Loaisiga",19197,19753,sa737372,ARI,RP,$1.47,$1.00,$1,$3,$1.20,10.49
"Tyler Bremner",47554,,sa3027644,"LAA A+",SP,$1.46,$1.00,$1,$3,$1.00,18.182
"Jake Bauers",18522,15194,sa737848,MIL,1B/OF/RP,$1.46,$1.00,$1,$5,$1.10,34.965
"Miguel Amaya",32321,21693,sa917354,CHC,C,$1.45,$1.00,$1,$5,$1.30,7.692
"Yoan Moncada",18425,17232,sa864590,LAA,3B,$1.45,$1.00,$1,$3,$1.20,7.692
"Cooper Pratt",44202,,sa3022867,"MIL AAA",SS,$1.44,$1.00,$1,$3,$1.00,6.294
"Gary Sanchez",14078,11442,sa549555,MIL,C,$1.44,$1.00,$1,$5,$1.30,41.259
"Gage Wood",47920,,sa3045536,"PHI A",SP,$1.43,$1.00,$1,$4,$1.30,4.895
"Pedro Ramirez",39406,,sa3015834,"CHC AAA",2B/3B,$1.42,$1.00,$1,$3,$1.70,18.182
"Colin Rea",18524,12317,sa578060,CHC,SP/RP,$1.42,$1.00,$1,$4,$1.10,18.182
"Eduardo Rodriguez",13335,13164,sa548722,ARI,SP,$1.41,$1.00,$1,$3,$1.70,20.28
"Enyel De Los Santos",23339,18403,sa877528,HOU,RP,$1.41,$1.00,$1,$4,$1.20,11.888
"Max Scherzer",4514,3137,sa326473,TOR,SP,$1.40,$1.00,$1,$4,$1.00,6.993
"Blade Tidwell",42376,31701,sa3020177,"SFG AAA",SP/RP,$1.40,$1.00,$1,$3,$1.70,3.497
"Angel Genao",39279,,sa3015706,"CLE AAA",SS,$1.40,$1.00,$1,$3,$1.50,3.497
"Ryan Zeferjahn",37622,25420,sa3011217,LAA,RP,$1.39,$1.00,$1,$4,$2.00,28.671
"Davis Schneider",26734,23565,sa3004518,TOR,2B/OF,$1.38,$1.00,$1,$3,$1.00,9.091
"Justin Slaten",37007,25648,sa3010309,"BOS AAA",RP,$1.36,$1.00,$1,$3,$1.50,15.385
"Yohendrick Pinango",36477,26664,sa3009539,TOR,OF,$1.36,$1.00,$1,$3,$1.40,7.692
"Ryan Clifford",42354,,sa3020126,"NYM AAA",1B/OF,$1.36,$1.00,$1,$3,$1.30,9.79
"Kyle Isbel",33686,21614,sa3006861,KCR,OF,$1.34,$1.00,$1,$4,$1.10,24.476
"Trevor McDonald",38056,26448,sa3011835,SFG,SP/RP,$1.33,$1.00,$1,$3,$1.10,4.196
"Ethan Conrad",47546,,sa3029266,,Util,$1.33,$1.00,$1,$3,$1.10,6.294
"Scott Barlow",28784,14993,sa597976,ATH,RP,$1.33,$1.00,$1,$2,$1.20,2.098
"Josuar Gonzalez",46099,,sa3067675,"SFG CPX",SS,$1.33,$1.00,$1,$4,$1.40,23.077
"Michael Conforto",18365,16376,sa709038,CHC,OF,$1.33,$1.00,$1,$2,$1.30,2.098
"Lane Thomas",21041,16939,sa828962,KCR,OF,$1.33,$1.00,$1,$3,$1.40,4.196
"Tommy Troy",44014,,sa3022561,"ARI AAA",2B/OF,$1.33,$1.00,$1,$3,$1.20,6.294
"Rhys Hoskins",20350,16472,sa827179,CLE,1B,$1.33,$1.00,$1,$4,$1.20,6.294
"Kyle Hurt",39868,27514,sa3016453,LAD,RP,$1.33,$1.00,$1,$3,$1.30,6.294
"Emil Morales",44918,,sa3023887,"LAD A",SS,$1.33,$1.00,$1,$2,$1.30,4.196
"Andrew McCutchen",3435,9847,sa290131,TEX,OF,$1.33,$1.00,$1,$3,$1.20,4.196
"Blaze Jordan",38316,,sa3014537,"STL AAA",1B/3B,$1.33,$1.00,$1,$2,$1.50,2.098
"Tyler Alexander",19575,17735,sa738285,TEX,SP/RP,$1.33,$1.00,$1,$3,$1.40,12.587
"DL Hall",27165,22207,sa3005282,MIL,RP,$1.33,$1.00,$1,$3,$1.30,4.196
"Christian Encarnacion-Strand",40748,30011,sa3017756,"BAL AAA",1B/3B,$1.33,$1.00,$1,$2,$1.30,2.098
"Jefferson Rojas",41322,,sa3018571,"CHC AA",2B/SS,$1.33,$1.00,$1,$2,$1.20,2.098
"Shelby Miller",6289,10197,sa500730,CHC,RP,$1.33,$1.00,$1,$3,$1.40,4.196
"Felix Reyes",39264,28763,sa3015688,PHI,OF,$1.33,$1.00,$1,$2,$1.10,2.098
"Anthony Kay",33684,20387,sa738470,CHW,SP,$1.30,$1.00,$1,$3,$1.00,6.993
"Mason Fluharty",42445,31553,sa3020261,TOR,RP,$1.30,$1.00,$1,$4,$1.20,6.993
"Will Klein",38386,27787,sa3014487,LAD,RP,$1.29,$1.00,$1,$2,$1.20,4.895
"Alek Thomas",33681,23792,sa3006892,ARI,OF,$1.29,$1.00,$1,$3,$1.00,4.895
"Mike Sirota",46289,,sa3042374,"LAD A+",OF,$1.29,$1.00,$1,$2,$1.20,9.79
"Brody Hopkins",44639,,sa3023515,"TBR AAA",SP,$1.27,$1.00,$1,$3,$1.40,23.077
"Kevin Ginkel",31509,19876,sa829213,ARI,RP,$1.26,$1.00,$1,$7,$1.20,32.168
"Grant Wolfram",35677,21623,sa3008313,BAL,RP,$1.26,$1.00,$1,$3,$1.00,30.07
"Javier Sanoja",39140,28253,sa3015564,MIA,2B/SS/3B/OF/RP,$1.25,$1.00,$1,$2,$1.20,2.797
"Daniel Susac",42178,31441,sa3019997,SFG,C,$1.25,$1.00,$1,$2,$1.17,2.797
"George Valera",33605,22541,sa3006872,"CLE AAA",OF,$1.25,$1.00,$1,$3,$1.60,8.392
"Kai-Wei Teng",35018,24282,sa3007229,HOU,SP/RP,$1.25,$1.00,$1,$2,$1.50,2.797
"Kyle Karros",44012,33252,sa3022559,COL,3B,$1.25,$1.00,$1,$2,$1.90,2.797
"Angel Zerpa",25903,22717,sa3002993,MIL,RP,$1.25,$1.00,$1,$2,$1.20,2.797
"Brock Burke",20985,17968,sa828798,CIN,RP,$1.25,$1.00,$1,$2,$1.20,2.797
"Riley Cornelio",42815,31953,sa3020830,"WSN AAA",SP/RP,$1.25,$1.00,$1,$2,$1.17,2.797
"Elian Peña",46343,,sa3067674,"NYM A",SS,$1.25,$1.00,$1,$2,$1.00,2.797
"Victor Vodnik",35817,24614,sa3008527,COL,RP,$1.24,$1.00,$1,$3,$1.10,17.483
"Luis Rengifo",20291,19858,sa826671,MIL,2B/3B/OF,$1.24,$1.00,$1,$3,$1.10,17.483
"Taylor Rogers",23675,13449,sa503168,MIN,RP,$1.24,$1.00,$1,$3,$1.10,11.888
"Nick Yorke",38436,27504,sa3014546,"PIT AAA",2B/3B/OF,$1.24,$1.00,$1,$3,$1.70,11.888
"Nick Fortes",34653,21538,sa3006714,TBR,C,$1.22,$1.00,$1,$3,$1.00,6.294
"Ronny Cruz",46500,,sa3067336,"WSN A+",SS,$1.22,$1.00,$1,$2,$1.22,6.294
"Nasim Nunez",37304,25979,sa3010695,WSN,2B/SS,$1.22,$1.00,$1,$2,$1.30,6.294
"Grant Anderson",34646,20546,sa3006706,MIL,RP,$1.21,$1.00,$1,$2,$1.10,9.79
"JoJo Parker",47541,,sa3069248,"TOR A",Util,$1.20,$1.00,$1,$3,$1.00,10.49
"Jurrangelo Cijntje",45990,,sa3028930,"STL AA",SP,$1.20,$1.00,$1,$2,$1.10,3.497
"AJ Blubaugh",42340,31764,sa3020112,HOU,SP/RP,$1.20,$1.00,$1,$2,$2.00,3.497
"Randy Rodriguez",34389,23974,sa3006366,SFG,RP,$1.18,$1.00,$1,$3,$1.20,30.769
"Dax Kilby",48019,,sa3069080,"NYY A",Util,$1.18,$1.00,$1,$2,$1.10,7.692
"Robert Stephenson",18135,13594,sa597792,LAA,RP,$1.18,$1.00,$1,$3,$1.40,11.888
"Leody Taveras",23690,18900,sa912520,BAL,OF,$1.17,$1.00,$1,$2,$1.00,8.392
"Sam Bachman",40438,29754,sa3017261,LAA,RP,$1.17,$1.00,$1,$2,$1.10,4.196
"Sung Mun Song",48238,37122,sa3012529,SDP,2B/3B,$1.17,$1.00,$1,$2,$1.10,4.196
"Chase Silseth",40821,30074,sa3017871,LAA,SP/RP,$1.17,$1.00,$1,$2,$1.20,4.196
"Jack Wenninger",44501,,sa3023282,"NYM AAA",SP,$1.16,$1.00,$1,$3,$1.30,13.287
"Jacob Melton",42283,31661,sa3019988,"TBR AAA",OF,$1.14,$1.00,$1,$2,$1.50,4.895
"Brent Headrick",38093,27702,sa3011887,NYY,RP,$1.14,$1.00,$1,$2,$1.11,4.895
"Jared Koenig",38641,27517,sa3014906,MIL,RP,$1.13,$1.00,$1,$2,$1.40,10.49
"Tim Hill",21514,16814,sa829603,NYY,RP,$1.13,$1.00,$1,$2,$1.10,16.084
"Ryan Thompson",21321,16647,sa829336,ARI,RP,$1.13,$1.00,$1,$2,$1.20,5.594
"Tanner Houck",23811,19879,sa829037,BOS,SP,$1.11,$1.00,$1,$2,$1.10,6.294
"Tobias Myers",23850,22191,sa918088,NYM,SP/RP,$1.09,$1.00,$1,$2,$1.00,7.692
"Isaac Mattson",31933,20385,sa915667,PIT,RP,$1.09,$1.00,$1,$2,$1.10,7.692
"Stephen Kolek",35475,21487,sa3007990,KCR,SP,$1.08,$1.00,$1,$2,$1.10,8.392
"Hogan Harris",36808,21520,sa3009982,ATH,RP,$1.08,$1.00,$1,$2,$1.30,8.392
"Anthony Bender",32871,19742,sa918438,MIA,RP,$1.06,$1.00,$1,$2,$1.10,11.888
"Billy Carlson",48080,,sa3069250,"CHW A",SS,$1.00,$1.00,$1,$1,$1.00,0.699
"Matt Vierling",33666,21558,sa3006781,DET,OF,$1.00,$1.00,$1,$1,$1.80,0.699
"James Karinchak",31930,20151,sa915662,"ATL AAA",RP,$1.00,$1.00,$1,$1,$1.20,0.699
"Craig Yoho",44315,33248,sa3023032,"MIL AAA",RP,$1.00,$1.00,$1,$1,$1.30,0.699
"Jesus Tillero",42933,,sa3021010,"LAD A",SP/RP,$1.00,$1.00,$1,$1,$1.00,0.699
"Michael Forret",44617,,sa3023479,"TBR AA",SP,$1.00,$1.00,$1,$1,$1.00,0.699
"Nolan Jones",23870,20529,sa917941,"CLE AAA",OF,$1.00,$1.00,$1,$1,$1.20,2.098
"Lazaro Estrada",33801,24914,sa3005471,TOR,SP/RP,$1.00,$1.00,$1,$1,$1.00,0.699
"Justin Topa",30982,15145,sa658926,MIN,RP,$1.00,$1.00,$1,$1,$1.40,2.098
"Porter Hodge",37975,26413,sa3011729,CHC,RP,$1.00,$1.00,$1,$1,$1.50,0.699
"Jonathan Bowlan",34879,24607,sa3006973,PHI,RP,$1.00,$1.00,$1,$1,$1.00,0.699
"Tommy White",45901,,sa3025383,"ATH AAA",3B,$1.00,$1.00,$1,$1,$1.17,1.399
"Drew Avans",34844,25183,sa3006937,"COL AAA",OF,$1.00,$1.00,$1,$1,$1.00,0.699
"Joc Pederson",14895,11899,sa549081,TEX,Util,$1.00,$1.00,$1,$1,$1.30,2.098
"Tim Mayza",18625,15042,sa708779,PHI,RP,$1.00,$1.00,$1,$1,$1.20,3.497
"Max Kepler",14131,12144,sa549507,FA,OF,$1.00,$1.00,$1,$1,$1.60,0.699
"Justin Lawrence",22920,17639,sa875567,PIT,RP,$1.00,$1.00,$1,$1,$1.40,2.797
"Michael Massey",37098,27684,sa1115910,KCR,2B/OF,$1.00,$1.00,$1,$1,$1.20,0.699
"Juan Sanchez",46435,,sa3067129,"TOR A",SS/3B,$1.00,$1.00,$1,$1,$1.00,0.699
"Mikey Romero",42413,,sa3020216,"BOS AAA",2B/SS/3B,$1.00,$1.00,$1,$1,$1.14,0.699
"Mason Englert",38727,22288,sa3015036,TBR,RP,$1.00,$1.00,$1,$1,$1.00,1.399
"Martin Perez",8147,6902,sa455689,ATL,SP,$1.00,$1.00,$1,$1,$1.20,0.699
"Josiah Hartshorn",48165,,sa3069285,"CHC A",Util,$1.00,$1.00,$1,$1,$1.00,2.098
"Nate Eaton",34973,25055,sa3007074,"BOS AAA",3B/OF,$1.00,$1.00,$1,$1,$1.10,0.699
"Enrique Bradfield Jr.",44242,,sa3022917,"BAL AAA",OF,$1.00,$1.00,$1,$1,$1.00,1.399
"Caden Scarborough",45665,,sa3025060,"TEX A+",SP,$1.00,$1.00,$1,$1,$1.00,0.699
"Ethan Pecko",44295,,sa3022997,"HOU AAA",SP,$1.00,$1.00,$1,$1,$1.00,0.699
"Chas McCormick",26504,19599,sa3004174,"CHC AAA",OF,$1.00,$1.00,$1,$1,$1.50,0.699
"Tyler Kinley",19470,18297,sa738149,ATL,RP,$1.00,$1.00,$1,$1,$1.00,5.594
"Victor Bericoto",36050,,sa3008767,"SFG AAA",1B/OF,$1.00,$1.00,$1,$1,$1.25,0.699
"Roldy Brito",44948,,sa3023917,"COL A",2B/OF,$1.00,$1.00,$1,$1,$1.00,0.699
"Justin Gonzales",44804,,sa3023757,"BOS A+",OF,$1.00,$1.00,$1,$1,$1.00,2.098
"Jahmai Jones",22689,18872,sa874807,DET,OF,$1.00,$1.00,$1,$1,$1.10,1.399
"Yanquiel Fernandez",39224,28552,sa3015648,"NYY AAA",OF,$1.00,$1.00,$1,$1,$1.40,0.699
"Brooks Baldwin",42219,31394,sa3019918,CHW,2B/SS/3B/OF,$1.00,$1.00,$1,$1,$1.20,3.497
"Cooper Criswell",35875,24975,sa3008606,SEA,SP/RP,$1.00,$1.00,$1,$1,$1.20,0.699
"Miguel Rojas",4475,7802,sa455627,LAD,2B/SS/3B,$1.00,$1.00,$1,$1,$1.00,0.699
"Eli White",31423,19346,sa738478,ATL,OF,$1.00,$1.00,$1,$1,$1.30,1.399
"Michael Grove",35888,23221,sa3008625,TBR,RP,$1.00,$1.00,$1,$1,$1.20,1.399
"Santiago Suarez",41861,,sa3019386,"TBR AA",SP,$1.00,$1.00,$1,$1,$1.00,0.699
"Carter Baumler",38379,30231,sa3014480,"TEX AAA",RP,$1.00,$1.00,$1,$1,$1.13,0.699
"Elvis Alvarado",33216,21662,sa919291,"ATH AAA",RP,$1.00,$1.00,$1,$1,$1.00,0.699
"Kody Funderburk",35320,24993,sa3007780,MIN,RP,$1.00,$1.00,$1,$1,$1.00,0.699
"Braiden Ward",40498,,sa3017332,"BOS AAA",OF,$1.00,$1.00,$1,$1,$1.00,0.699
"Ryan Johnson",46217,35325,sa3034809,"LAA A",SP/RP,$1.00,$1.00,$1,$1,$1.00,0.699
"Devin Taylor",47883,,sa3043560,"ATH A+",OF,$1.00,$1.00,$1,$1,$1.88,0.699
"Sam Aldegheri",38802,26443,sa3015152,LAA,SP/RP,$1.00,$1.00,$1,$1,$5.40,0.699
"Dasan Hill",46406,,sa3067070,"MIN A+",SP,$1.00,$1.00,$1,$1,$1.00,0.699
"Abimelec Ortiz",40214,,sa3016926,"WSN AAA",1B/OF,$1.00,$1.00,$1,$1,$1.00,2.098
"Christopher Morel",26080,21897,sa3003171,MIA,OF,$1.00,$1.00,$1,$1,$1.00,6.294
"Patrick Sandoval",22876,19447,sa875337,BOS,RP,$1.00,$1.00,$1,$1,$1.10,0.699
"Andruw Monasterio",21742,19455,sa830359,BOS,1B/2B/SS/3B,$1.00,$1.00,$1,$1,$1.20,1.399
"James Outman",35094,24770,sa3007312,MIN,OF,$1.00,$1.00,$1,$1,$1.10,0.699
"Tyson Lewis",46371,,sa3066822,"CIN A",SS,$1.00,$1.00,$1,$1,$1.25,0.699
"Richard Fitts",40989,30160,sa3018182,"STL AAA",SP,$1.00,$1.00,$1,$1,$1.30,0.699
"Emmanuel Clase",22568,21032,sa873427,CLE,RP,$1.00,$1.00,$1,$1,$6.20,0.699
"Jordan Montgomery",21017,16511,sa828875,TEX,RP,$1.00,$1.00,$1,$1,$1.10,3.497
"Michael Lorenzen",18354,14843,sa548385,COL,SP,$1.00,$1.00,$1,$1,$2.70,0.699
"Gordon Graceffo",40167,29519,sa3016849,STL,RP,$1.00,$1.00,$1,$1,$1.20,0.699
"Erik Rivera",37432,,sa3010867,"BOS AA",RP,$1.00,$1.00,$1,$1,$1.00,0.699
"Braden Nett",42497,,sa3020336,"ATH AAA",SP,$1.00,$1.00,$1,$1,$1.00,0.699
"Alek Manoah",37807,26410,sa3011725,"LAA ST",SP/RP,$1.00,$1.00,$1,$1,$1.10,0.699
"Miguel Sime Jr.",48149,,sa3069269,"WSN A",SP,$1.00,$1.00,$1,$1,$1.00,0.699
"Kevin Made",38445,,sa3014679,"WSN AA",2B/SS,$1.00,$1.00,$1,$1,$1.00,0.699
"Eloy Jimenez",21751,17484,sa830373,FA,OF,$1.00,$1.00,$1,$1,$1.50,0.699
"Craig Kimbrel",5677,6655,sa454499,NYM,RP,$1.00,$1.00,$1,$1,$2.10,0.699
"Eric Hartman",46395,,sa3067040,"ATL A+",2B/OF,$1.00,$1.00,$1,$1,$1.00,0.699
"Patrick Corbin",8520,9323,sa500846,TOR,SP,$1.00,$1.00,$1,$1,$5.90,0.699
"MJ Melendez",26472,22197,sa3004139,NYM,OF,$1.00,$1.00,$1,$1,$1.10,4.895
"Jhonny Level",44929,,sa3023898,"SFG A",SS,$1.00,$1.00,$1,$1,$1.00,2.098
"Sterlin Thompson",42292,,sa3019999,"COL AAA",OF,$1.00,$1.00,$1,$1,$1.00,0.699
"Michael Petersen",30725,20827,sa658475,MIA,RP,$1.00,$1.00,$1,$1,$1.11,4.196
"Xavier Neyens",48132,,sa3069252,"HOU A",Util,$1.00,$1.00,$1,$1,$1.00,0.699
"Lake Bachar",32612,19222,sa917993,MIA,RP,$1.00,$1.00,$1,$1,$1.00,0.699
"Cody Bradford",38365,27597,sa3014463,TEX,RP,$1.00,$1.00,$1,$1,$1.20,4.196
"Tommy Nance",33232,19178,sa919392,TOR,RP,$1.00,$1.00,$1,$1,$1.00,0.699
"Owen Murphy",42491,,sa3020330,"ATL AAA",SP,$1.00,$1.00,$1,$1,$1.20,0.699
"Brandon Williamson",37811,25463,sa3011494,CIN,SP,$1.00,$1.00,$1,$1,$1.10,2.098
"Hao-Yu  Lee",40817,30080,sa3017863,DET,2B/3B,$1.00,$1.00,$1,$1,$1.10,1.399
"William Bergolla",42102,,sa3019777,"CHW AAA",SS,$1.00,$1.00,$1,$1,$1.00,0.699
"Cole Sulser",19629,15256,sa738350,TBR,RP,$1.00,$1.00,$1,$1,$1.60,1.399
"Jake Fraley",31623,19260,sa857756,TBR,OF,$1.00,$1.00,$1,$1,$1.10,1.399
"Derek Law",18311,13133,sa502368,"ARI AAA",RP,$1.00,$1.00,$1,$1,$1.30,0.699
"Joe Jimenez",20103,15761,sa740519,ATL,RP,$1.00,$1.00,$1,$1,$1.20,2.098
"JT Quinn",47824,,sa3040345,"BAL A+",SP,$1.00,$1.00,$1,$1,$1.00,0.699
"Zack Kelly",26461,20349,sa3004118,BOS,RP,$1.00,$1.00,$1,$1,$2.20,1.399
"Matt Festa",32648,19330,sa918041,CLE,RP,$1.00,$1.00,$1,$1,$1.00,1.399
"Jose Siri",18943,17452,sa736940,"LAA AAA",OF,$1.00,$1.00,$1,$1,$1.20,0.699
"Drew Pomeranz",18095,11426,sa390654,LAA,RP,$1.00,$1.00,$1,$1,$1.10,2.098
"Coleman Crow",38793,27926,sa3015142,"MIL AAA",SP/RP,$1.00,$1.00,$1,$1,$1.20,1.399
"Dante Nori",45921,,sa3025411,"PHI AA",OF,$1.00,$1.00,$1,$1,$1.00,1.399
"Wandy Peralta",13361,14295,sa549195,SDP,RP,$1.00,$1.00,$1,$1,$1.10,1.399
"Brandon Young",38661,27819,sa3014926,BAL,SP,$1.00,$1.00,$1,$1,$1.20,1.399
"Juan Mejia",26068,23237,sa3003159,COL,RP,$1.00,$1.00,$1,$1,$1.00,0.699
"Richard Lovelady",23828,19337,sa918199,WSN,RP,$1.00,$1.00,$1,$1,$1.40,0.699
"Jalen Beeks",20427,17192,sa827439,TEX,RP,$1.00,$1.00,$1,$1,$1.10,0.699
"Jeferson Quero",38989,28272,sa3015407,"MIL AAA",C,$1.00,$1.00,$1,$1,$1.50,1.399
"Cole Wilcox",38324,27481,sa3014443,"SEA AAA",RP,$1.00,$1.00,$1,$1,$1.00,0.699
"Ryan Yarbrough",19747,16502,sa738545,NYY,SP/RP,$1.00,$1.00,$1,$1,$1.90,0.699
"Cameron Cauley",40384,,sa3017167,"TEX AAA",2B/SS/OF,$1.00,$1.00,$1,$1,$1.00,0.699
"Ke'Bryan Hayes",18548,18577,sa874730,CIN,3B,$1.00,$1.00,$1,$1,$1.30,0.699
"Burch Smith",18231,12784,sa503824,DET,RP,$1.00,$1.00,$1,$1,$1.50,0.699
"Joey Loperfido",40301,29630,sa3017050,HOU,OF,$1.00,$1.00,$1,$1,$1.00,4.196
"Nathan Lukes",22782,18123,sa875215,TOR,OF,$1.00,$1.00,$1,$1,$1.10,0.699
"Christian Vazquez",5723,9774,sa455056,HOU,C,$1.00,$1.00,$1,$1,$1.20,1.399
"Bennett Sousa",35941,21345,sa913181,HOU,RP,$1.00,$1.00,$1,$1,$1.40,1.399
"Isiah Kiner-Falefa",19368,16512,sa737855,BOS,2B/SS/3B,$1.00,$1.00,$1,$1,$1.10,0.699
"Pedro Pages",37035,25782,sa3010339,STL,C,$1.00,$1.00,$1,$1,$1.20,2.797
"Ryan Mountcastle",22670,18373,sa874734,BAL,1B,$1.00,$1.00,$1,$1,$1.60,2.098
"Cole Henry",38351,27570,sa3014446,WSN,RP,$1.00,$1.00,$1,$1,$1.20,2.797
"Mike Vasil",40852,30105,sa3017915,CHW,RP,$1.00,$1.00,$1,$1,$1.20,2.098
"John Gil",43205,,sa3021284,"ATL A+",SS,$1.00,$1.00,$1,$1,$1.00,0.699
"Seaver King",45770,,sa3025414,"WSN AA",SS,$1.00,$1.00,$1,$1,$1.00,1.399
"Denzel Clarke",40562,29858,sa3017426,ATH,OF,$1.00,$1.00,$1,$1,$1.50,2.098
"Kendry Chourio",46595,,sa3067545,"KCR A",SP,$1.00,$1.00,$1,$1,$1.00,3.497
"Zach Agnos",42643,31552,sa3020560,COL,RP,$1.00,$1.00,$1,$1,$1.00,1.399
"Luis De Leon",41808,,sa3019283,"BAL AA",SP,$1.00,$1.00,$1,$1,$1.00,1.399
"Eric Orze",38545,27626,sa3014793,MIN,RP,$1.00,$1.00,$1,$1,$1.14,0.699
"Eduardo Rivera",40873,31280,sa3017951,"BOS AAA",SP/RP,$1.00,$1.00,$1,$1,$1.00,2.098
"Gage Stanifer",43455,,sa3021731,"TOR AA",SP/RP,$1.00,$1.00,$1,$1,$1.00,0.699
"Greg Weissert",32904,20375,sa918484,BOS,RP,$1.00,$1.00,$1,$1,$1.10,1.399
"German Marquez",23688,15038,sa656016,SDP,SP,$1.00,$1.00,$1,$1,$1.00,0.699
"Victor Caratini",19285,14968,sa737618,MIN,C/1B,$1.00,$1.00,$1,$1,$1.00,6.294
"Ryan Ritter",42405,31500,sa3020206,"COL AAA",2B/SS,$1.00,$1.00,$1,$1,$1.50,1.399
"Hunter Bigge",37705,26259,sa3011341,TBR,RP,$1.00,$1.00,$1,$1,$1.30,0.699
"Huascar Brazoban",30367,6107,sa657849,NYM,RP,$1.00,$1.00,$1,$1,$1.20,0.699
"Jack Cebert",47601,,sa3028683,"NYY AA",RP,$1.00,$1.00,$1,$1,$1.00,0.699
"Joey Bart",33613,21524,sa3007786,PIT,C,$1.00,$1.00,$1,$1,$1.90,0.699
"Andrew Morris",42652,31891,sa3020569,MIN,SP/RP,$1.00,$1.00,$1,$1,$1.00,0.699
"Yohan Ramirez",33419,19444,sa922200,PIT,RP,$1.00,$1.00,$1,$1,$1.10,2.098
"Brant Hurter",40931,30133,sa3018091,DET,RP,$1.00,$1.00,$1,$1,$1.30,0.699
"Tanner Franklin",47665,,sa3031652,"STL A+",SP,$1.00,$1.00,$1,$1,$1.00,3.497
"Landon Knack",38414,27487,sa3014518,LAD,SP/RP,$1.00,$1.00,$1,$1,$1.00,1.399
"Ryan Lambert",46047,,sa3025613,"NYM AAA",RP,$1.00,$1.00,$1,$1,$1.20,1.399
"T.J. Nichols",44322,,sa3023039,"TBR AA",SP,$1.00,$1.00,$1,$1,$1.00,0.699
"George Klassen",44589,33464,sa3023440,"LAA AAA",SP/RP,$1.00,$1.00,$1,$1,$1.20,1.399
"Stuart Fairchild",31579,20321,sa829822,"CLE AAA",OF,$1.00,$1.00,$1,$1,$1.33,0.699
"Jake McCarthy",34921,21622,sa3007015,COL,OF,$1.00,$1.00,$1,$1,$1.50,9.091
"Reed Garrett",21655,16866,sa830040,NYM,RP,$1.00,$1.00,$1,$1,$1.20,2.098
"Francisco Renteria",48245,,sa3069440,,Util,$1.00,$1.00,$1,$1,$1.00,0.699
"Jimmy Herget",23830,17556,sa658965,COL,RP,$1.00,$1.00,$1,$1,$1.00,5.594
"Jared Triolo",36984,25807,sa3010272,PIT,1B/2B/SS/3B,$1.00,$1.00,$1,$1,$1.30,2.797
"Bo Davidson",44117,,sa3022706,"SFG AA",OF,$1.00,$1.00,$1,$1,$1.33,1.399
