"last_name, first_name","player_id","year","player_age","pa","home_run","k_percent","bb_percent","xba","xslg","woba","xwoba","xwobacon","avg_swing_speed","fast_swing_rate","attack_angle","ideal_angle_rate","vertical_swing_path","launch_angle_avg","sweet_spot_percent","barrel_batted_rate","solidcontact_percent","hard_hit_percent","avg_best_speed","avg_hyper_speed","z_swing_percent","z_swing_miss_percent","oz_swing_percent","oz_swing_miss_percent","oz_contact_percent","out_zone_percent","meatball_swing_percent","iz_contact_percent","in_zone_percent","whiff_percent","swing_percent","pull_percent","groundballs_percent","flyballs_percent","linedrives_percent","popups_percent"
"Harris II, Michael",671739,2026,25,142,7,19,4.2,".322",".610",".368",".412",".499","75.1",50.8,7.7,48.8,31.1,"9.2",28.4,16.7,7.3,57.8,"105.907824259","98.214720467",70.8,10.9,43.5,49.2,50.8,55,76.9,89.1,45,27.3,55.8,36.7,49.5,22,22.9,5.5
"Caglianone, Jac",695506,2026,23,140,4,30,7.9,".248",".444",".317",".333",".439","76.4",66.4,8.5,44.1,29.5,"4.7",37.6,16.5,5.9,52.9,"106.175640233","97.770658706",65,20.1,31.6,51.6,48.4,54.9,68.4,79.9,45.1,31.8,46.7,40,44.7,23.5,29.4,2.4
"Lopez, Otto",672640,2026,27,177,4,18.1,4,".292",".470",".380",".344",".401","72.1",26.8,6.1,47.1,29.7,"6.3",30.1,9.6,4.4,45.6,"101.844499706","95.445685037",61.5,10.3,34.7,42,58,50.5,70.8,89.7,49.5,21.8,48,31.6,50.7,25.7,22.1,1.5
"Lowe, Josh",666139,2026,28,115,4,29.6,5.2,".186",".332",".223",".250",".322","74",40.7,12.3,45.6,37.7,"22.4",28.4,8.1,6.8,32.4,"97.400133889","92.768141831",72,20.6,35,41.5,58.5,49.1,78.8,79.4,50.9,27.2,53.9,32.4,32.4,39.2,17.6,10.8
"Fry, David",681807,2026,30,71,3,26.8,16.9,".200",".287",".366",".287",".309","71.2",16.2,17.2,55.9,31.7,"19.1",30,7.5,0,35,"97.363206","92.725576",62.7,23.6,24.2,38.6,61.4,56.2,62.5,76.4,43.8,28.6,41,62.5,35,35,20,10
"Heineman, Tyler",623168,2026,35,65,0,21.5,1.5,".188",".228",".169",".208",".240","65.3",0,8.2,49.5,29.1,"10.7",18.8,0,2.1,14.6,"92.513082727","90.5479",69.4,11.7,45.5,38,62,49.8,88.2,88.3,50.2,22,57.5,54.2,56.3,25,12.5,6.3
"Tovar, Ezequiel",678662,2026,24,154,1,28.6,5.2,".232",".374",".238",".287",".370","71.5",13.9,10.6,45.2,35.7,"14.1",42,8,7,35,"98.6285428","93.440450606",81.1,21.4,44.8,43.4,56.6,55,85.7,78.6,45,30.3,61.1,35,37,28,30,5
"Kwan, Steven",680757,2026,28,182,1,11.5,12.1,".228",".286",".271",".285",".257","62.9",0.5,3.5,40.8,35.7,"13.6",32.8,0.7,1.5,10.3,"91.54051197","89.886567121",50,4,23,16.7,83.3,51.3,51.2,96,48.7,8.1,36,32.8,46,22.6,22.6,8.8
"Hernández, Teoscar",606192,2026,33,154,4,28.6,9.7,".243",".394",".313",".314",".400","71.8",19.2,11.1,51,33.9,"14.5",30.9,8.6,5.3,42.6,"100.351752128","94.439153978",64.7,22.2,26.2,48.2,51.8,53.2,77.8,77.8,46.8,30.4,44.2,31.9,44.7,28.7,21.3,5.3
"Guerrero Jr., Vladimir",665489,2026,27,181,2,11.6,12.2,".306",".444",".340",".367",".371","76.3",63.9,2.4,37.1,28.5,"6.9",32.4,8.8,2.9,42.6,"102.370991618","95.341372647",68.9,16.3,30.3,27.4,72.6,55.3,85.4,83.7,44.7,20.2,47.6,34.6,49.3,17.6,27.2,5.9
"Campusano, Luis",669134,2026,27,58,3,25.9,8.6,".251",".449",".414",".340",".418","72.7",25.6,12.2,67.4,26,"11.9",37.8,10.8,10.8,48.6,"100.993374737","94.94082027",68,14.3,35.3,54.8,45.2,53.6,73.3,85.7,46.4,29.5,50.5,43.2,37.8,24.3,29.7,8.1
"Lewis, Royce",668904,2026,27,104,3,29.8,10.6,".205",".333",".264",".295",".357","73.3",35.5,9.9,70.9,26.8,"15.6",33.3,13.3,5,41.7,"100.251327","94.286185333",65.8,26,30.7,57.1,42.9,54.9,77.8,74,45.1,37.3,46.5,45,36.7,28.3,20,15
"Perkins, Blake",663368,2026,29,56,0,23.2,8.9,".158",".221",".197",".222",".221","70.2",7.1,9.7,63.5,28.9,"16.1",16.2,2.7,2.7,32.4,"96.643712222","92.351253056",60,15.9,34.2,32.5,67.5,52.7,66.7,84.1,47.3,22.3,46.4,40.5,43.2,24.3,18.9,13.5
"Benintendi, Andrew",643217,2026,31,132,2,31.8,6.8,".240",".407",".276",".304",".418","69.5",5,18.7,45.6,31.6,"19.6",38.3,11.3,7.4,53.1,"99.4994335","94.456638608",73.7,24,35.8,47.4,52.6,53.9,80,76,46.1,32.5,53.3,53.1,32.1,34.6,25.9,7.4
"Crawford, Justin",702222,2026,22,134,2,20.9,8.2,".238",".319",".339",".287",".314","68.4",4,4.8,43.7,29.6,"-1.1",30.1,2.2,7.5,36.6,"98.130438261","93.22935989",63.5,11.6,37.6,34.4,65.6,51.1,73.5,88.4,48.9,20.3,50.3,32.3,61.3,16.1,19.4,3.2
"Davis, Henry",680779,2026,26,100,2,18,11,".204",".307",".247",".284",".277","75.5",56.4,8.9,60.6,26.9,"15.3",23.2,7.2,4.3,37.7,"101.513194118","94.990295147",71.1,11.1,29.4,45.3,54.7,48.6,84.6,88.9,51.4,20.7,50.8,58,47.8,21.7,17.4,13
"Jensen, Carter",695600,2026,22,144,6,31.3,11.8,".206",".363",".330",".304",".383","74.9",47.7,5.3,45.1,24.4,"18.9",29.6,11.1,6.2,44.4,"102.39992561","95.666614691",65.8,24.9,26.7,55.4,44.6,56.7,59.5,75.1,43.3,35.5,43.6,44.4,35.8,34.6,21,8.6
"Witt Jr., Bobby",677951,2026,26,193,7,17.1,10.9,".311",".537",".385",".398",".450","73.4",38.5,5.2,44.9,27.8,"17.3",35.3,13.8,5.8,52.5,"103.577340145","96.592224855",68.6,17,33.1,35.8,64.2,56,75,83,44,24.1,48.7,26.6,36,25.9,27.3,10.8
"Okamoto, Kazuma",672960,2026,30,177,10,28.2,11.9,".245",".503",".348",".364",".468","73.9",41.1,15.4,55.8,29.8,"18.8",34.9,16,4.7,52.8,"104.083387736","96.777736226",64.6,20,24.4,58.6,41.4,52.7,75,80,47.3,31.4,43.4,49.1,38.7,31.1,21.7,8.5
"Pederson, Joc",592626,2026,34,118,3,23.7,13.6,".235",".388",".302",".337",".380","72",21.7,8.7,51.1,28.5,"17.1",34.2,6.8,12.3,50.7,"101.778772222","95.640805694",63.6,25.5,25.4,51.7,48.3,48.9,70.8,74.5,51.1,32.7,44.9,37,34.2,35.6,26,4.1
"McCarthy, Jake",664983,2026,28,93,2,17.2,8.6,".279",".418",".373",".339",".371","70.5",9.9,9,53.5,32.5,"14.1",32.4,6,2.9,22.1,"96.042364667","92.044505167",73.8,17.4,30,33.3,66.7,50.9,84,82.6,49.1,22.1,51.5,33.8,47.1,19.1,23.5,10.3
"Walker, Christian",572233,2026,35,179,10,19,8.9,".252",".465",".379",".341",".383","74.2",41.2,7.8,48.3,28.5,"13.9",31.5,12.6,7.9,47.2,"102.07107875","95.62429811",72.9,14,29,59,41,52.4,76.9,86,47.6,27.7,49.9,41.7,44.1,26,21.3,8.7
"Basallo, Samuel",694212,2026,21,130,5,24.6,8.5,".264",".460",".358",".339",".423","75",51.6,11.1,54,32.1,"15.4",32.2,10.5,6.9,48.3,"104.201752093","96.634536279",68.2,19.4,37.3,52.6,47.4,54.7,61.5,80.6,45.3,32.6,51.3,37.9,39.1,25.3,27.6,8
"De La Cruz, Elly",682829,2026,24,191,10,27.7,8.9,".283",".512",".384",".373",".494","74.7",48.5,9.1,48.9,34.3,"12.2",34.7,14.5,3.3,52.1,"105.301386441","97.634791282",56.4,18,23.8,55.8,44.2,52.2,75.4,82,47.8,29.9,39.4,32.2,47.9,30.6,20.7,0.8
"Ramos, Heliot",671218,2026,26,169,4,27.2,5.9,".274",".455",".328",".331",".439","71.9",21.8,7.1,46.7,33.6,"7.6",33.6,13.6,7.1,49.6,"103.837031636","96.462824545",74.5,16.5,37.2,51.4,48.6,54.5,77.8,83.5,45.5,29.5,54.2,34.5,52.2,21.2,23.9,2.7
"Marsh, Brandon",669016,2026,28,151,4,18.5,4.6,".305",".469",".376",".344",".406","71.3",14.8,9.7,44.1,37.4,"12.7",44.3,6.1,7.8,48.7,"100.251803684","94.532577699",67.1,10.2,38.3,36.6,63.4,51.5,73,89.8,48.5,20.1,52.2,33,45.2,27,25.2,2.6
"Canzone, Dominic",686527,2026,28,99,4,23.2,9.1,".274",".499",".347",".362",".436","74.4",42.8,14.1,54.7,31.5,"18.2",37.9,15.2,4.5,48.5,"103.361930909","96.644741212",62.4,21.6,32.7,50.7,49.3,53.5,56,78.4,46.5,32.6,46.5,40.9,33.3,33.3,27.3,6.1
"Pereira, Everson",677592,2026,25,71,3,29.6,5.6,".232",".431",".335",".314",".409","74.6",51.6,13.9,66.7,29.7,"12.7",40.9,11.4,9.1,43.2,"100.295458636","94.282218182",80.2,21.3,42.1,64.2,35.8,53.2,85,78.7,46.8,37.3,59.9,38.6,45.5,25,18.2,11.4
"McGonigle, Kevin",805808,2026,21,181,2,12.2,14.4,".289",".499",".385",".392",".391","71.4",19,16.5,51.8,37.7,"20.3",42,10.7,7.6,35.1,"98.419320455","93.464972901",67.9,9.1,19.3,26,74,52.8,77.4,90.9,47.2,13.1,42.2,39.7,29.8,35.1,28.2,6.9
"Gilbert, Drew",687551,2026,25,77,2,19.5,6.5,".222",".311",".276",".263",".294","70.9",13.9,2.7,36.1,26.7,"14.8",26.8,3.6,5.4,30.4,"95.861292963","92.307358679",62.5,13.8,29.1,47.7,52.3,54.1,68.4,86.3,45.9,25.8,44.4,48.2,53.6,14.3,19.6,12.5
"Jeffers, Ryan",680777,2026,29,129,6,17.8,14.7,".258",".503",".412",".389",".419","73.6",42.1,8.9,52.6,29.2,"22.1",37.2,16.3,5.8,44.2,"103.028086512","96.020155",56.9,10.1,24,31,69,53.2,70.2,89.9,46.8,16.9,39.4,40.7,31.4,33.7,22.1,12.8
"Paredes, Isaac",670623,2026,27,161,3,16.1,8.7,".239",".345",".330",".305",".307","67.4",5.2,16.1,52.2,34,"25.6",33.6,3.4,3.4,25.9,"96.31552","92.299355086",62.4,9.9,29.7,27.4,72.6,52.8,65.2,90.1,47.2,16,45.1,54.3,26.7,32.8,26.7,13.8
"Martin, Austin",668885,2026,27,125,1,14.4,16.8,".284",".373",".396",".362",".345","68.8",3.3,11.2,58.2,38.1,"10.2",33.3,2.4,3.6,33.3,"96.897939286","92.540799048",60.8,9.4,14.8,43.9,56.1,53.1,83.9,90.6,46.9,16.8,36.4,36.9,47.6,21.4,27.4,3.6
"Bichette, Bo",666182,2026,28,184,2,16.8,6.5,".285",".396",".255",".321",".358","69.8",14.5,1.4,26,36.9,"6.3",32.6,4.3,5.7,44,"100.910972394","94.92617",70.1,7,40.2,33.6,66.4,53.9,87.5,93,46.1,17.7,53.9,19.9,53.9,19.9,24.1,2.1
"McNeil, Jeff",643446,2026,34,140,1,12.9,7.1,".279",".352",".324",".313",".317","68.1",1.2,6.2,35.7,35.5,"12.6",40.4,0.9,0.9,30.3,"95.942481667","91.973745833",80.6,9.8,30.2,32.1,67.9,51.4,90.5,90.2,48.6,16.1,54.7,33,42.2,15.6,33.9,8.3
"Nuñez, Nasim",683083,2026,25,145,0,19.3,13.1,".215",".264",".268",".282",".275","67.6",2.1,4.3,44.1,32.2,"7.2",30.9,0,4.1,18.6,"94.105691136","91.120305862",69.3,15.3,25.5,39.7,60.3,51.1,84.1,84.7,48.9,22.1,46.9,32,54.6,14.4,25.8,5.2
"Story, Trevor",596115,2026,33,172,3,32,4.7,".217",".316",".251",".254",".345","71.1",15.1,10.6,51.7,29.3,"12.8",30.6,3.7,8.3,42.6,"99.400191481","93.949916636",69.4,21,44,43.9,56.1,55,67.6,79,45,31,55.5,45.4,48.1,21.3,23.1,7.4
"Altuve, Jose",514888,2026,36,177,3,18.6,10.7,".259",".381",".320",".322",".350","68.9",9.2,14.2,51,28.3,"7.8",33.9,6.6,2.4,36.3,"98.271766333","93.209913109",64.8,14.8,32.9,40.4,59.6,55.2,60,85.2,44.8,24.7,47.2,41.9,49.2,16.9,25.8,8.1
"Kurtz, Nick",701762,2026,23,189,6,29.6,20.6,".257",".485",".387",".388",".501","77.9",77.7,13,50.3,37.7,"12.6",41.5,16,9.6,59.6,"105.827681277","98.397610319",61.3,26,21.7,58.2,41.8,54.5,64.7,74,45.5,35.6,39.7,31.9,39.4,27.7,28.7,4.3
"Steer, Spencer",668715,2026,28,160,7,22.5,8.1,".275",".537",".343",".381",".463","70.8",6.7,12.7,57.3,29.2,"17.7",40.7,16.5,8.3,38.9,"99.921335385","94.416888738",62.1,16.1,24.8,43,57,50.7,67.3,83.9,49.3,24,43.2,48.1,38.9,35.2,19.4,6.5
"Castro, Willi",650489,2026,29,124,2,32.3,7.3,".205",".333",".288",".269",".355","72.1",19.9,8.2,47.7,36.9,"17.8",27,6.8,6.8,43.2,"99.961860278","94.121027361",76.4,22.7,38.7,48.5,51.5,53.7,81.1,77.3,46.3,32.2,56.2,36.5,43.2,32.4,20.3,4.1
"Laureano, Ramón",657656,2026,31,155,5,31,10.3,".224",".419",".304",".318",".414","72.3",24.5,14.6,48.3,33,"10.7",34.4,13.3,3.3,45.6,"100.610502889","94.717439889",72.2,19.3,31.5,55.8,44.2,52.2,81.3,80.7,47.8,31.1,50.9,35.6,42.2,32.2,21.1,4.4
"Torres, Gleyber",650402,2026,29,144,2,15.3,17.4,".260",".368",".337",".347",".329","67.4",0.9,7.8,55.2,35.4,"4.9",36.5,6.3,2.1,26,"95.017010833","91.514231042",61.2,17.5,16.7,30.2,69.8,51.5,73.9,82.5,48.5,20.3,38.3,16.7,49,25,25,1
"Caminero, Junior",691406,2026,22,183,11,16.4,11.5,".278",".494",".359",".368",".401","79.9",87.6,6.4,58.1,22.7,"10.6",24.2,10.7,4.5,44.3,"104.649958939","96.621428092",62,13,29.2,32.2,67.8,58.3,71.1,87,41.7,20.6,42.8,40.2,47.7,22,19.7,10.6
"Hernaiz, Darell",687231,2026,24,69,1,18.8,11.6,".201",".245",".299",".254",".248","69.6",13.2,6.8,43.4,32.6,"17.6",29.2,0,2.1,18.8,"93.469328333","91.147696383",71,14.8,37.1,29,71,57.4,87.5,85.2,42.6,20.7,51.4,29.2,41.7,25,18.8,14.6
"Fernandez, Jose",699912,2026,22,114,3,24.6,4.4,".256",".380",".308",".297",".370","74.6",48,7.8,49.7,32.5,"12.9",28.7,5,3.8,46.3,"101.543780769","95.14647141",56.7,15.1,36.4,42.9,57.1,54.3,56.7,84.9,45.7,27.1,45.7,43.8,47.5,13.8,22.5,16.3
"Hamilton, David",666152,2026,28,114,0,20.2,10.5,".201",".280",".273",".269",".275","69",8,5.4,38.7,33,"12.1",18.2,2.6,6.5,25,"95.757357742","92.002814098",62.2,8.5,31.9,41.3,60,52.9,54.5,91.5,47.1,20.4,46.1,36.4,59.7,23.4,11.7,5.2
"Schneemann, Daniel",682177,2026,29,129,4,29.5,11.6,".260",".440",".359",".346",".448","71.7",17.1,13.6,56.2,32.1,"12.7",43.4,9.2,6.6,40,"99.475805789","94.117205526",60.8,15.1,31.5,63.2,36.8,52.5,74.4,84.9,47.5,32.4,45.4,44.7,36.8,30.3,30.3,2.6
"Peraza, Oswald",672724,2026,26,123,5,23.6,6.5,".264",".408",".364",".327",".391","72.1",20.9,8.8,55.5,28.8,"12.8",37.3,8.5,3.6,34.9,"99.50927075","93.827478861",73.8,18.7,36.3,51.7,48.3,53.8,86.5,81.3,46.2,30.7,53.6,37.3,45.8,19.3,27.7,7.2
"Bauers, Jake",641343,2026,30,142,6,21.8,10.6,".250",".446",".355",".332",".393","76.5",69.5,10.9,48.6,34.5,"9.3",29.2,10.5,9.4,52.1,"103.033287708","96.615502105",65.7,16.3,19,52.7,47.3,50,66.7,83.7,50,24.5,42.4,38.5,49,27.1,18.8,5.2
"Ward, Taylor",621493,2026,32,195,1,17.9,21.5,".260",".379",".374",".369",".355","67.8",1.9,5.3,50.7,29.7,"11.9",35.9,5.1,7.7,35.9,"98.681838644","93.507367265",47.9,8.8,10.8,44,56,52,59.5,91.2,48,15.7,28.6,32.5,43.6,26.5,25.6,4.3
"Vargas, Miguel",678246,2026,26,181,9,16,16.6,".269",".539",".375",".406",".424","73.6",39,11.6,62.5,34.9,"16.7",42.9,15.1,8.4,44.5,"100.8738675","94.914028824",70.9,17.6,16.3,19,81,52.9,72.7,82.4,47.1,17.9,42.1,42,34.5,33.6,25.2,6.7
"Grissom, Vaughn",687093,2026,25,86,2,9.3,12.8,".281",".462",".348",".373",".363","72",16.2,10.1,57.3,33.5,"11.4",28.8,7.6,10.6,50,"101.151332424","95.353835538",64.6,10.6,24.7,39,61,50.8,57.1,88.5,49.2,18.6,44.3,47,48.5,27.3,22.7,3
"Smith, Cam",701358,2026,23,167,4,28.7,10.8,".255",".454",".291",".347",".445","77.5",76.3,11.2,40.3,35.4,"12.6",34.7,14.4,2,43.9,"102.312522449","95.316648454",63.3,18.1,32,54.2,45.8,52.6,70,81.9,47.4,31.1,46.8,28.6,41.8,26.5,23.5,8.2
"Schwarber, Kyle",656941,2026,33,192,17,31.3,15.1,".235",".565",".414",".398",".536","77.1",74.8,14.3,69.8,29.3,"23.2",35.4,24.2,6.1,49.5,"103.5490334","96.372840505",64.1,21.6,24.3,54.7,45.3,54.3,79.6,78.4,45.7,31.9,42.5,55.6,29.3,39.4,20.2,11.1
"Baty, Brett",683146,2026,26,135,1,27.4,8.1,".226",".350",".270",".286",".350","74.9",53,10.2,47.5,37.1,"7.4",30.6,7.1,5.9,37.6,"100.004217143","94.291074167",63.2,17.6,28.6,49.4,50.6,51.4,73.3,82.4,48.6,27.9,45.4,38.8,48.2,22.4,25.9,3.5
"Nimmo, Brandon",607043,2026,33,181,4,19.3,9.4,".297",".474",".350",".371",".422","72.4",27.2,6.4,49.5,29.5,"9.7",32.5,9.5,8.7,50.8,"101.76704873","95.814953651",69.7,16.1,28.3,42.7,57.3,48.1,86.4,83.9,51.9,23.4,49.8,30.2,46,22.2,27.8,4
"Thomas, Alek",677950,2026,26,100,2,23,3,".235",".397",".250",".292",".359","69.5",4.5,8,58,28.2,"11.7",36.1,8.6,11.1,43.1,"100.467646471","94.664877647",74.1,14.6,42.5,45.6,54.4,52.8,81.8,85.4,47.2,26.7,57.4,29.2,43.1,25,23.6,8.3
"Marte, Ketel",606466,2026,32,170,5,17.6,7.1,".287",".454",".285",".345",".392","74.2",40.9,8.9,54.9,31.8,"8.1",30.5,9.4,2.3,46.9,"103.035199063","95.742184331",66.2,12.6,35.1,39.5,60.5,54.2,90.3,87.4,45.8,23,49.4,53.1,50,18,25.8,6.3
"Riley, Austin",663586,2026,29,179,6,26.3,7.8,".219",".408",".294",".304",".371","74.9",48.6,11.2,47,31.4,"17",29.3,10.3,6,44.8,"101.555884828","95.194465259",67.3,23.6,32.8,48.1,51.9,55,72.3,76.4,45,32.8,48.3,45.7,44.8,28.4,17.2,9.5
"Mitchell, Garrett",669003,2026,27,137,1,38,16.1,".209",".356",".300",".318",".449","76.8",75.1,11.1,61.3,32.6,"5.5",30.6,11.3,6.5,50,"104.309101935","96.696007049",62.8,30.7,18.4,64.3,35.7,50.3,70,69.3,49.7,38.4,40.4,30.6,53.2,16.1,24.2,6.5
"Vargas, Ildemaro",545121,2026,34,146,7,11,3.4,".306",".446",".399",".337",".366","70.6",14.1,6.4,55.1,23.4,"10.8",34.7,4.8,7.3,33.9,"98.115148361","93.117121074",61.8,7.6,43.3,23.9,76.1,52,67.6,92.4,48,14.6,52.2,42.7,43.5,20.2,27.4,8.9
"O'Neill, Tyler",641933,2026,31,75,1,24,14.7,".178",".290",".276",".288",".282","71.6",10.9,15.2,58.2,33.7,"23.2",31.8,2.3,6.8,40.9,"99.584008182","93.884225909",69,20.2,21.9,62.2,37.8,56.7,73.1,79.8,43.3,32.5,42.3,47.7,34.1,36.4,18.2,11.4
"Palacios, Richie",680700,2026,29,76,1,22.4,13.2,".242",".339",".309",".329",".343","68.6",4.5,7.3,48.6,24,"10.4",39.1,4.3,0,26.1,"95.914645217","92.045263111",63.4,16.5,27.2,37.2,62.8,54.1,64.3,83.5,45.9,25.6,44.5,26.1,41.3,19.6,28.3,10.9
"Conforto, Michael",624424,2026,33,59,2,25.4,16.9,".310",".554",".449",".420",".521","73.2",35.8,13.1,56.8,32.1,"15.3",47.1,14.7,8.8,52.9,"103.778678235","97.263643235",64.5,18.3,20.5,59.3,40.7,54.5,83.3,81.7,45.5,29.6,40.5,50,38.2,26.5,35.3,0
"Herrera, Iván",671056,2026,26,192,4,17.2,14.6,".268",".418",".365",".365",".373","74.4",46.4,7.8,48.9,29.8,"7.7",30.9,6.5,8.9,43.1,"101.319341129","94.967264472",60.5,11.3,26.4,39.1,60.9,55.3,70.7,88.7,44.7,21,41.6,35.8,50.4,18.7,22.8,8.1
"Matthews, Brice",694728,2026,24,108,4,33.3,7.4,".191",".370",".287",".277",".380","72",21.7,14.2,47.2,31.7,"11.3",37.5,9.4,10.9,39.1,"100.570091","94.553368833",66.2,27.5,26.5,66.7,33.3,49.5,75.7,72.5,50.5,38.5,46.6,37.5,45.3,26.6,21.9,6.3
"Myers, Dane",667472,2026,30,65,1,23.1,15.4,".281",".491",".304",".395",".462","71.8",22.1,8.5,49.4,29.1,"21.1",35.9,10.8,5.1,28.2,"97.885853333","93.272714857",53.3,15.1,15.9,22.7,77.3,50.2,77.3,84.9,49.8,16.8,34.5,17.9,35.9,38.5,17.9,7.7
"Pasquantino, Vinnie",686469,2026,28,176,5,19.3,10.2,".239",".400",".291",".315",".341","69.7",6.2,10.8,59.7,28,"18.8",33.3,9.8,3.3,39,"99.754924426","94.109667131",64.5,10.1,32.8,26.9,73.1,56.3,75.6,89.9,43.7,16.8,46.7,48,34.1,29.3,24.4,12.2
"Tena, José",677588,2026,25,83,2,27.7,7.2,".261",".436",".353",".332",".426","73.3",33.6,6.2,34.9,34.5,"14.9",39.6,11.3,11.3,54.7,"103.780482593","96.948732453",68.3,22.7,31,51.7,48.3,53.7,75.9,77.3,46.3,32.7,48.3,28.3,39.6,22.6,32.1,5.7
"Thomas, Lane",657041,2026,30,94,1,20.2,18.1,".207",".295",".296",".308",".285","71.5",16.7,8.1,54.2,27.3,"26.7",35.1,3.5,7,36.8,"97.127982069","92.689141228",62,19.3,22.4,28,72,54.8,69.6,80.7,45.2,22,40.3,42.1,26.3,33.3,21.1,19.3
"Naylor, Bo",666310,2026,26,90,2,23.3,6.7,".215",".399",".202",".290",".347","71.8",14.8,9.7,52.3,30.8,"18.9",30.2,11.1,9.5,42.6,"99.851973125","94.187324921",66.3,6.6,25.6,35.3,64.7,52,72.7,93.4,48,14.8,45.2,39.7,34.9,33.3,20.6,11.1
"Collins, Isaac",686555,2026,28,136,3,27.9,12.5,".224",".328",".324",".305",".351","73.4",33.9,4.8,37.9,28,"17.6",32.1,9,5.1,42.3,"100.924752051","94.714067436",59.5,16.6,16.9,59.1,40.9,49.6,70.8,83.4,50.4,25.9,38.4,43.6,35.9,24.4,26.9,12.8
"Rosario, Amed",642708,2026,30,79,4,19,7.6,".252",".509",".349",".352",".406","73.8",44.6,7,56.2,30.5,"12",31,12.1,8.6,41.4,"102.280753103","95.292381552",73.7,16.8,38.8,38.9,61.1,50.4,84.2,83.2,49.6,24.5,56.2,37.9,43.1,27.6,22.4,6.9
"Taylor, Tyrone",621438,2026,32,80,2,18.8,2.5,".211",".328",".223",".243",".288","71.4",12.1,10.4,63.4,34.7,"21.4",31.7,4.8,7.9,30.2,"97.208903333","92.7480285",69.8,15.4,39.9,37.3,62.7,49.8,61.5,84.6,50.2,23.3,54.9,38.1,36.5,33.3,19,11.1
"Stewart, Sal",701398,2026,22,187,10,18.7,11.2,".275",".536",".355",".384",".441","71.8",23.4,10.5,55.3,32.1,"14.1",37.4,18.4,6.9,42.7,"101.553184762","95.08929776",72.4,20.2,31,35.4,64.6,50.6,78.9,79.8,49.4,24.9,51.5,30.5,45,29.8,19.8,5.3
"Semien, Marcus",543760,2026,35,165,2,20,6.7,".240",".381",".262",".298",".341","68.3",1.6,15.2,63.6,33.6,"19.3",34.2,7.6,7.5,35,"97.271528966","92.641892069",72.9,15,28.3,42.7,57.3,49.8,79.1,85,50.2,22.7,50.7,41.7,33.3,33.3,25,8.3
"Yoshida, Masataka",807799,2026,32,86,0,9.3,12.8,".226",".279",".335",".294",".247","71.1",11,8.1,50,32.4,"6.5",21.5,0,1.5,41.5,"99.545214848","94.056212769",52.4,7.8,22.6,20,80,51.3,73.1,92.2,48.7,11.6,37.1,44.6,56.9,18.5,18.5,6.2
"Valenzuela, Brandon",678218,2026,25,70,4,28.6,10,".240",".413",".324",".322",".409","72.3",24.4,8.6,51.9,33.4,"15.9",39.5,11.6,2.3,41.9,"100.661172381","94.36279881",69.1,16.2,33.6,56,44,49.5,77.4,83.8,50.5,29,51.5,46.5,39.5,20.9,30.2,9.3
"Bazzana, Travis",683953,2026,23,59,1,15.3,20.3,".258",".346",".342",".363",".327","68.6",8.3,6.7,45.8,32.2,"6.8",30.6,2.9,2.8,38.2,"99.729675882","94.376",65.7,15.9,16.8,45.5,54.5,55.5,91.7,84.1,44.5,22.6,38.9,44.4,50,27.8,19.4,2.8
"Sánchez, Gary",596142,2026,33,99,5,22.2,18.2,".213",".441",".356",".359",".382","72",27.2,10.2,62,28.8,"16.7",22.4,12.1,6.9,36.2,"100.383964828","94.33186",52.3,17.3,20.4,52.1,47.9,54.1,60,82.7,45.9,28.3,35,41.4,39.7,27.6,17.2,15.5
"Mateo, Jorge",622761,2026,31,58,2,32.8,5.2,".261",".409",".355",".309",".438","73.5",37.4,8.3,42.1,31,"10.4",38.9,11.1,0,41.7,"100.658401667","94.510035143",67.6,16.9,41.7,54.7,45.3,54.7,75,83.1,45.3,33.1,53.4,41.7,47.2,30.6,22.2,0
"Smith, Dominic",642086,2026,31,89,4,13.5,4.5,".330",".540",".404",".397",".442","68.2",3.9,9.1,49.3,32.1,"17.4",40.3,8.3,11.1,41.7,"99.353687222","94.126058732",72,10.6,40.1,37.7,62.3,49.2,89.7,89.4,50.8,20.1,56.3,27.8,27.8,34.7,31.9,5.6
"Andujar, Miguel",609280,2026,31,114,3,19.3,2.6,".265",".381",".349",".293",".348","71.3",17.5,7.5,59.9,25.6,"10.1",31.8,4.5,6.8,40.9,"100.198644091","94.308247386",67.2,10.5,37.9,33.8,66.3,51.6,64.5,89.5,48.4,19.2,52.1,45.5,50,20.5,21.6,8
"Buxton, Byron",621439,2026,32,185,15,25.4,7,".227",".503",".385",".335",".420","73.6",35.6,14.9,56.8,34.1,"23.7",33.3,21.1,4.1,47.2,"101.37146871","95.127405772",73.8,18.4,36.1,56.6,43.4,53.6,86.5,81.6,46.4,32.2,53.6,46.3,26.8,37.4,17.9,17.9
"Fortes, Nick",663743,2026,29,108,1,14.8,1.9,".273",".351",".304",".292",".321","72.1",18.9,4,43.2,18.3,"4.8",27.6,1.1,5.7,47.1,"101.215012558","94.911406047",69.3,8.2,37.3,31.9,68.1,52.3,67.7,91.8,47.7,17,52.6,49.4,57.5,14.9,19.5,8
"Ohtani, Shohei",660271,2026,31,185,7,23.8,15.1,".256",".490",".348",".380",".457","74.7",48,13.3,53.4,37.5,"11",35.2,16.8,3.7,46.3,"102.277673519","95.88413972",60,18,30.3,45.5,54.5,55.9,69,82,44.1,28.7,43.4,53.7,46.3,35.2,16.7,1.9
"Soderstrom, Tyler",691016,2026,24,168,5,21.4,10.7,".234",".425",".301",".321",".366","73.8",40.1,10.9,55.8,28.6,"14.7",28.9,13.3,7,47.4,"102.180632632","95.537579027",68.6,12.1,30.4,47.1,52.9,53.6,77.5,87.9,46.4,23.9,48.2,37.7,41.2,32.5,17.5,8.8
"Freeman, Tyler",671289,2026,27,101,2,12.9,3,".275",".368",".312",".324",".327","70.5",11.2,3.7,33.6,34,"11.5",34.6,0,15.4,30.8,"97.633158","92.824249714",67.2,7.6,30.8,21.4,78.6,50.7,91.3,92.4,49.3,12,48.7,35.9,53.8,20.5,24.4,1.3
"Wood, James",695578,2026,23,204,12,31.4,18.1,".269",".607",".392",".426",".602","76.5",66.1,12.3,45.5,39.8,"9.8",39,27,9,62,"107.4944246","99.4664921",53.6,22.3,22.4,61.3,38.7,55.2,66.2,77.7,44.8,35.6,36.4,28,41,30,28,1
"Polanco, Jorge",593871,2026,32,61,1,18,8.2,".219",".320",".244",".270",".288","69.5",4.3,5,47.3,30.2,"10.9",40,4.4,11.1,33.3,"98.184254783","93.223895778",64.6,9.4,32.8,36.6,63.4,55.8,75,90.6,44.2,20,46.9,46.7,37.8,22.2,31.1,8.9
"Alvarez, Francisco",682626,2026,24,128,4,21.9,8.6,".249",".464",".319",".343",".400","74.5",46.3,9.7,62.1,28.4,"8.8",29.4,16.5,4.7,42.4,"101.83303","95.197465412",62.6,18.4,30.7,46,54,53.8,63.4,81.6,46.2,28.5,45.4,45.9,49.4,24.7,20,5.9
"Amaya, Miguel",665804,2026,27,71,2,22.5,14.1,".194",".318",".339",".311",".305","69.3",5.3,11.2,57,33.3,"18.6",23.8,7.1,2.4,26.2,"96.373776667","92.289007561",61.2,19.5,26.2,45.8,54.2,57.7,57.9,80.5,42.3,29.2,41,35.7,42.9,28.6,16.7,11.9
"Smith, Josh",669701,2026,28,108,0,18.5,13,".225",".330",".268",".301",".305","69.3",2.3,11.6,51.4,35.2,"17.8",35.6,5.5,6.8,35.6,"98.589625833","93.612446901",66.5,12.8,30.7,41.8,58.2,52.2,75,87.2,47.8,22.5,47.8,34.2,34.2,34.2,21.9,9.6
"Rodríguez, Julio",677594,2026,25,192,7,23.4,7.8,".262",".460",".343",".341",".414","76.2",63.5,7.4,45.4,31,"9.7",30,8.5,10,43.1,"102.119285077","95.286451846",70,16.1,38.2,46.5,53.5,54.9,65.9,83.9,45.1,28.2,52.5,41.5,46.9,22.3,23.1,7.7
"Contreras, William",661388,2026,28,169,3,11.2,10.1,".286",".436",".339",".347",".353","73.2",34.4,9.2,59.6,27.1,"11.4",28,6.8,6.1,43.2,"100.991074394","94.670295",68.5,8.5,27.4,34.4,65.6,54.4,81.4,91.5,45.6,16.8,46.1,39.4,45.5,20.5,23.5,10.6
"Fermin, Freddy",666023,2026,31,82,0,20.7,9.8,".199",".270",".237",".266",".267","69.6",7,11.9,53.1,32.4,"13.6",36.4,0,5.5,30.9,"96.705873333","92.538642037",73.5,14,33.1,49.2,50.8,56.7,83.3,86,43.3,27,50.6,40,41.8,27.3,25.5,5.5
"Moniak, Mickey",666160,2026,28,137,12,27,5.8,".245",".520",".447",".344",".447","73.9",41,14.4,53.9,33.1,"22.8",36.3,15.4,6.6,44,"100.649100652","94.69275956",76,16.4,42.4,49.5,50.5,52.9,87.5,83.6,47.1,29.2,58.2,50.5,31.9,38.5,18.7,11
"Mead, Curtis",678554,2026,25,104,4,16.3,13.5,".271",".470",".354",".377",".392","72.8",31.3,4.3,43.8,32.2,"13.4",32.4,9.9,7,47.9,"101.091139444","94.801549014",61.4,11.8,24,32.7,67.3,52.5,70,88.2,47.5,18.1,41.7,53.5,43.7,26.8,21.1,8.5
"Butler, Lawrence",671732,2026,25,137,3,27,12.4,".232",".357",".257",".307",".367","73.7",35.6,5.9,39.2,31.5,"7.5",30.1,7.3,7.2,48.2,"102.819569268","95.861388889",68.3,23.2,24.2,47.1,52.9,51.6,78.9,76.8,48.4,29.8,45.5,33.7,49.4,22.9,22.9,4.8
"Urías, Ramón",602104,2026,32,68,2,17.6,8.8,".186",".374",".277",".307",".297","70.2",2.9,12,76.5,27.8,"17.7",30.4,10.9,4.3,37,"98.923815652","93.632823261",71.4,20,25.4,33.3,66.7,49.8,78.6,80,50.2,23.5,48.5,28.3,39.1,34.8,13,13
"Castellanos, Nick",592206,2026,34,86,2,29.1,4.7,".250",".397",".230",".289",".394","69.3",8.7,15.7,47.4,39.8,"13.7",45.6,8.8,5.3,36.8,"98.792286897","93.834310175",77.2,20.5,41.9,49.3,50.7,53.1,76,79.5,46.9,31.5,58.5,61.4,31.6,33.3,33.3,1.8
"Hoerner, Nico",663538,2026,29,193,4,7.8,8.8,".298",".391",".340",".339",".321","68.3",1.9,6.2,50.6,32.5,"14.3",39.5,1.9,4.5,26.1,"95.791417821","91.921321613",54.8,1.1,31.6,24.1,75.9,53.3,63.5,98.9,46.7,10.3,42.4,33.1,36.9,22.9,29.9,10.2
"Smith, Will",669257,2026,31,136,3,16.9,9.6,".269",".472",".307",".364",".403","70",6.5,12.2,65.6,33.8,"20.1",44,13,7,38,"99.770822","94.0770124",61.2,11.4,22.6,30.8,69.2,50.2,65,88.6,49.8,16.7,41.8,31,28,35,31,6
"Harper, Bryce",547180,2026,33,178,10,16.9,12.9,".283",".560",".387",".403",".446","74",43.8,13.4,47.3,37.3,"12.7",36.8,14.4,6.4,40.8,"100.826946508","94.50044608",75.8,14.6,35.9,47.4,52.6,56.5,78.7,85.4,43.5,27.1,53.2,36,44.8,28,22.4,4.8
"Del Castillo, Adrian",680728,2026,26,93,3,32.3,6.5,".195",".344",".265",".258",".348","71.9",23,13.5,48.4,33.7,"17.6",33.3,8.9,10.5,40.4,"98.843768571","93.764479286",68,24.2,28.6,47.4,52.6,50.6,76.3,75.8,49.4,31.2,48.1,31.6,36.8,33.3,19.3,10.5
"Schanuel, Nolan",694384,2026,24,171,3,16.4,6.4,".271",".363",".309",".304",".332","67.9",6,7,49.3,34.4,"9.3",35.9,2.3,4.6,31.3,"96.881824462","92.443845538",65.3,12.4,27.8,35.5,64.5,49.2,68,87.6,50.8,19.1,46.8,40.5,48.9,16.8,29.8,4.6
"Williamson, Ben",810938,2026,25,126,0,18.3,11.1,".262",".351",".319",".314",".334","70.5",16.3,3.5,37.2,29.5,"5",36,1.1,6.7,39.3,"99.487117955","93.91609931",53.9,9.2,29.2,28.4,71.6,53.3,54.3,90.8,46.7,16.5,40.8,27,51.7,13.5,32.6,2.2
"Torrens, Luis",620443,2026,30,56,0,19.6,5.4,".232",".311",".260",".269",".299","70.7",10,7.2,52.2,30.9,"6.8",31.7,0,7.3,48.8,"99.6435355","94.27950575",67.8,18.6,37.1,34.8,65.2,58.8,81.3,81.4,41.2,25.7,49.8,29.3,56.1,14.6,26.8,2.4
"Cruz, Oneil",665833,2026,27,189,10,33.9,7.9,".266",".524",".354",".364",".534","78.4",76.4,7.1,40.6,33.9,"7.3",33.3,19.6,5.6,61.1,"107.257813519","99.257600093",59.9,23.1,33.3,57.1,42.9,54.3,66.7,76.9,45.7,36.6,45.5,40.7,49.1,22.2,25,3.7
"Vientos, Mark",668901,2026,26,125,5,21.6,5.6,".280",".526",".310",".362",".440","73.2",24.8,12.8,64,31.9,"14.9",36.7,11.1,6.7,46.7,"101.091436222","95.05611",75.6,20.5,33.1,44.4,55.6,53.5,71.4,79.5,46.5,28.5,52.8,36.7,41.1,35.6,16.7,6.7
"Quero, Edgar",700337,2026,23,99,0,23.2,9.1,".185",".236",".213",".249",".251","68.2",1.9,5.3,53.1,27.6,"7.3",18.8,0,6.3,29.7,"97.703220333","93.159725",71.9,18,27,45.6,54.4,54.2,75,82,45.8,26.5,47.6,39.1,59.4,25,14.1,1.6
"Duran, Jarren",680776,2026,29,158,4,26.6,6.3,".223",".369",".248",".285",".355","74.7",47.9,7.5,49,26.9,"13.6",24.8,9.7,4.8,40,"101.694417115","95.011550777",64.4,17.6,37.2,56.3,43.7,54.8,57.1,82.4,45.2,33.6,49.5,41.9,51.4,21.9,16.2,10.5
"Frelick, Sal",686217,2026,26,147,3,10.9,10.9,".233",".325",".286",".291",".273","68.2",3.4,6.3,52.9,26.9,"8",27,3.6,0.9,25.2,"96.269117636","92.17249055",60.7,6.3,21.5,27.4,72.6,49.8,60.4,93.8,50.2,11.8,41.2,44.1,55,17.1,16.2,11.7
"Clemens, Kody",665019,2026,30,116,4,26.7,9.5,".234",".435",".333",".340",".413","71.8",12.1,10.8,64.2,28.7,"13.2",40,15.7,7.1,42.9,"101.659292941","95.394938382",64.3,19.4,29.6,40.8,59.2,53.4,61.5,80.6,46.6,26.8,45.7,35.7,40,30,24.3,5.7
"Church, Nathan",701675,2026,25,132,5,21.2,3.8,".253",".428",".309",".309",".369","70.7",12.6,8.1,45.7,30.8,"11.6",36.1,10.3,4.1,34,"98.373220833","93.276173474",69.8,17.2,44.7,31,69,52.9,83.9,82.8,47.1,23,56.5,37.1,46.4,22.7,21.6,9.3
"Machado, Manny",592518,2026,33,169,6,22.5,12.4,".227",".367",".282",".308",".342","74",36.1,5.6,47.7,26.8,"10.1",30,6.4,7.3,42.7,"100.740339455","94.879632294",67.9,18.5,28.7,38.1,61.9,52.8,79.5,81.5,47.2,24.8,47.2,39.1,43.6,21.8,26.4,8.2
"Cronenworth, Jake",630105,2026,32,114,1,20.2,12.3,".218",".325",".234",".305",".306","72.2",22.2,8.1,34.6,32,"7.1",28.4,5.5,4.1,32.4,"98.140737778","93.094018611",64.9,10,25.5,53.8,46.2,52.5,71,90,47.5,23.3,44.2,32.4,55.4,17.6,18.9,8.1
"Yelich, Christian",592885,2026,34,60,1,26.7,8.3,".223",".359",".331",".274",".353","72.4",27,9.3,40,35.9,"-3.3",15.4,5.1,5.1,41,"100.754876316","94.702085789",71.1,17.7,27.2,58.8,41.2,48.1,77.3,82.3,51.9,28.5,50,38.5,74.4,12.8,12.8,0
"Manzardo, Kyle",700932,2026,25,133,2,30.8,9,".231",".403",".267",".314",".408","70.8",11.9,17.2,51.3,37.6,"17.7",35.9,11.5,3.8,39.7,"98.792849231","93.796510649",64.9,19.2,28.7,50.6,49.4,53.3,76.5,80.8,46.7,30,46,46.2,38.5,28.2,23.1,10.3
"Raleigh, Cal",663728,2026,29,181,7,31.5,9.9,".180",".387",".254",".289",".374","74.7",48.3,17.1,45.8,34.8,"23.1",32.1,12.3,3.8,31.1,"98.783037736","93.452052547",72.2,25.1,37.8,38.7,61.3,55.7,97.8,74.9,44.3,30.5,53.1,50.9,28.3,47.2,13.2,11.3
"Alonso, Pete",624413,2026,31,187,8,24.6,11.2,".241",".463",".328",".346",".413","74.1",40.5,10.4,57.8,33.3,"12.6",31.1,12.6,9.2,52.1,"102.898948333","96.558409664",64.5,18.7,25.8,52.3,47.7,54.3,78.6,81.3,45.7,29.5,43.5,35.3,43.7,30.3,22.7,3.4
"Wallner, Matt",670242,2026,28,135,4,39.3,7.4,".200",".333",".257",".282",".408","75.4",58.2,10.8,60.2,27.8,"8.1",26.9,10.4,1.5,40.3,"101.422806765","95.021781343",74.2,31.8,31.6,70.7,29.3,51.8,75.8,68.2,48.2,44,52.1,44.8,50.7,20.9,23.9,4.5
"Ozuna, Marcell",542303,2026,35,153,4,25.5,9.2,".229",".415",".265",".317",".384","73.4",33.2,15.6,50.8,37,"25",38.8,8.3,8.2,38.8,"99.672533542","94.073496875",59.3,15.6,26.6,52.1,47.9,54,60.3,84.4,46,28.2,41.6,36.7,26.5,32.7,25.5,15.3
"Hoskins, Rhys",656555,2026,33,122,3,27,20.5,".179",".298",".331",".311",".311","72.7",21.1,15.6,59.5,32.4,"21.5",34.9,9.5,7.9,46,"99.748450625","94.278280317",64.7,28.6,20.2,35,65,55.5,71.4,71.4,44.5,30.4,40,52.4,36.5,34.9,17.5,11.1
"Beck, Jordan",687597,2026,25,84,1,25,6,".219",".313",".233",".257",".313","73.5",35.3,13.4,52.9,32.2,"13.5",27.6,3.5,3.4,25.9,"96.159228929","92.079614464",72.7,19.2,41.5,43.4,56.6,56.1,84.2,80.8,43.9,29.4,55.2,41.4,44.8,27.6,19,8.6
"Langford, Wyatt",694671,2026,24,84,1,22.6,4.8,".249",".356",".282",".282",".342","72.6",24.1,8.4,46.1,31,"13.2",26.2,4.9,4.9,37.7,"99.820527742","94.388533115",65.8,16,29.4,44,56,51.4,68,84,48.6,25,47.1,31.1,45.9,21.3,21.3,11.5
"Millas, Drew",686452,2026,28,72,1,27.8,8.3,".192",".268",".235",".242",".288","67.7",2.9,8.3,41.3,32.8,"10",35.6,4.4,4.4,24.4,"93.109754091","91.04696907",60.9,11.1,30.2,45.2,54.8,51.1,61.1,88.9,48.9,22.8,45.2,28.9,44.4,17.8,31.1,6.7
"Correa, Carlos",621043,2026,31,141,3,18.4,12.8,".289",".459",".352",".365",".403","73.4",38.8,7.2,40.1,35.4,"7.2",36.1,10.3,5.2,41.2,"101.668709184","94.924922887",61.2,15.7,32,34,66,55.3,61.4,84.3,44.7,22.9,45,40.2,47.4,16.5,32,4.1
"Clarke, Denzel",672016,2026,26,60,0,40,6.7,".163",".190",".198",".193",".286","77.2",73.9,4.9,46.6,30.4,"2.6",15.6,3.2,0,46.9,"103.213863571","96.632126429",64,22.5,29,60.5,39.5,54.1,63.2,77.5,45.9,35.8,45,56.3,75,6.3,12.5,6.3
"Cowser, Colton",681297,2026,26,88,0,33,11.4,".178",".288",".224",".256",".317","74.5",49.3,15.7,36.6,39.8,"4.7",24.5,8.2,8.2,34.7,"99.211014167","93.613036458",60.2,28.3,29.8,57.4,42.6,53.8,70.8,71.7,46.2,38.9,43.8,34.7,53.1,26.5,20.4,0
"Horwitz, Spencer",687462,2026,28,142,3,12.7,16.2,".224",".331",".362",".317",".281","68.6",3.7,9,47.1,34.8,"15.6",27,3,6,27,"96.259443","92.165876",55.8,4.3,23.7,32.4,67.6,54.4,57.5,95.7,45.6,13.7,38.3,38,45,23,22,10
"Walker, Jordan",691023,2026,24,176,11,28.4,10.8,".275",".540",".402",".388",".511","78.7",84,8.7,55.8,31.4,"14.8",37.7,17.9,6.6,53.8,"106.029422264","97.83606283",72.7,26.3,33,49.2,50.8,55,73.3,73.7,45,34.4,50.8,37.7,36.8,33,24.5,5.7
"Contreras, Willson",575929,2026,34,170,8,28.2,11.8,".259",".526",".368",".402",".516","75.9",63.6,10.7,50.4,32.8,"15.4",35.1,17.4,7.4,45.7,"104.19089","96.327992826",65.3,20.5,30.3,55.7,44.3,56.6,71.1,79.5,43.4,33.8,45.5,47.9,39.4,27.7,23.4,9.6
"Kim, Hyeseong",808975,2026,27,92,1,21.7,8.7,".259",".352",".313",".305",".351","66.6",0,7.9,38.3,39.8,"9.7",44.4,4.8,3.2,20.6,"94.6168475","91.387743016",61.8,7.8,29.2,61.1,38.9,49.9,73.1,92.2,50.1,24.9,45.6,25.4,46,22.2,30.2,1.6
"Hicks, Liam",689414,2026,27,147,9,8.2,7.5,".289",".443",".379",".351",".347","68",1.4,8.3,52.2,30.9,"13.9",31.4,6.6,2.5,38,"98.499852167","93.330782333",65.4,3,25.6,25.4,74.6,51.9,77.4,97,48.1,9.6,44.8,41.3,40.5,27.3,26.4,5.8
"Gelof, Zack",680869,2026,26,77,4,24.7,6.5,".234",".426",".347",".308",".384","74.2",37.5,15,61.6,30.6,"16.7",26.4,9.4,7.5,41.5,"100.3855816","94.5780622",66.5,25.7,21.3,40.7,59.3,44.6,73.3,74.3,55.4,28.8,46.3,50.9,43.4,26.4,20.8,9.4
"Olson, Matt",621566,2026,32,190,14,23.2,11.6,".268",".606",".429",".403",".498","74.5",46.8,10.1,56.5,34.2,"17.6",34.7,18.5,8.9,50.8,"104.640888871","96.934657823",63.6,19.6,27.7,35.2,64.8,52.9,69.7,80.4,47.1,24.7,44.6,37.1,37.1,35.5,17.7,9.7
"Adell, Jo",666176,2026,27,184,6,22.3,2.7,".271",".434",".318",".327",".397","77.2",69.1,10.8,46.3,34.9,"18.2",31.1,6.9,6.8,47,"102.559683788","95.812066107",77.6,15.4,38.8,45.3,54.7,53.2,79.7,84.6,46.8,26.2,57,37.9,38.6,27.3,25.8,8.3
"Arenado, Nolan",571448,2026,35,149,6,20.1,7.4,".263",".405",".344",".317",".363","71.1",11.9,13,54.2,32.6,"19.6",35.5,7.5,1.9,29,"96.076404815","92.176531495",62.6,16,31.1,39.8,60.2,55.1,59.6,84,44.9,25,45.3,43.9,35.5,25.2,25.2,14
"Ortiz, Joey",687401,2026,27,101,1,20.8,7.9,".208",".269",".237",".265",".294","71.8",20.8,1.7,34.9,29,"9.6",18.1,4.2,5.6,30.6,"96.751648824","92.394395882",53.7,6.9,35,34.3,65.7,51.5,45.2,93.1,48.5,18.1,44.1,31.9,52.8,20.8,13.9,12.5
"Crow-Armstrong, Pete",691718,2026,24,174,4,25.9,7.5,".230",".389",".303",".303",".370","74.3",46.4,14.7,53,34.6,"17.1",23,8,6.2,46.9,"102.320016296","95.780863148",70.3,16.7,42.4,42.2,57.8,54.5,80,83.3,45.5,27.4,55.1,43.4,45.1,28.3,14.2,12.4
"Sullivan, Brett",664954,2026,32,72,0,23.6,5.6,".207",".276",".260",".245",".282","66.1",1.6,9.3,58.2,30.1,"15.2",24,0,12,26,"95.5185308","91.849895714",66.7,19,39.7,32.1,67.9,52.8,64.3,81,47.2,24.3,52.4,48,50,18,22,10
"Feduccia, Hunter",676439,2026,29,54,0,33.3,13,".201",".255",".307",".278",".337","69.8",4.6,13.5,52.9,33.8,"13",32.1,0,7.1,22.2,"95.274592308","91.704061923",65,20.9,27.8,37.1,62.9,55,57.1,79.1,45,26,44.8,35.7,46.4,25,25,3.6
"Dingler, Dillon",693307,2026,27,148,7,19.6,6.1,".298",".566",".342",".397",".468","71.3",12.4,12.4,60,41.4,"13.8",45.2,14.6,7.7,51,"101.551223077","95.609008447",66.1,12.7,33.1,36.7,63.3,50.9,75.5,86.8,49.1,20.9,49.3,43.3,37.5,30.8,26.9,4.8
"Straw, Myles",664702,2026,31,80,2,13.8,11.3,".295",".423",".353",".351",".362","69.6",12.4,8.3,55.1,33.4,"15.1",35,6.7,0,26.7,"97.155823448","92.716284737",55.2,7.6,22.2,22.9,77.1,52.5,52,92.4,47.5,12.3,37.9,48.3,40,33.3,20,6.7
"Neto, Zach",687263,2026,25,203,7,31,12.8,".214",".394",".330",".318",".404","70.1",7.1,22.3,34.7,39.9,"22.1",34.8,10.7,6.3,38.4,"98.816306607","93.737075135",72.2,18.5,32.4,51.7,48.3,55.6,83.6,81.5,44.4,30.4,50.1,49.1,32.1,36.6,24.1,7.1
"Wetherholt, JJ",802139,2026,23,193,8,17.1,10.9,".242",".450",".355",".360",".372","72.4",23.5,13.5,65,31.8,"17",38.5,7.8,14.6,43.8,"99.499261231","94.04769124",65.9,18,23.5,39.6,60.4,52.3,74.5,82,47.7,24,43.7,45.4,36.2,33.8,23.8,6.2
"Pagés, Pedro",686780,2026,27,100,3,25,4,".210",".338",".267",".262",".318","72.2",18,11.4,47.9,31.3,"12.9",30.4,5.8,7.2,31.9,"97.576347647","92.883510448",62.3,13.7,36.9,48,52,50.5,74.1,86.3,49.5,26.6,49.5,43.5,44.9,30.4,15.9,8.7
"Caratini, Victor",605170,2026,32,118,1,19.5,8.5,".251",".372",".257",".334",".359","70.8",10.2,10.6,55.1,35.2,"10",41.3,5,7.5,38.8,"98.324194","93.65505225",60.4,5.3,27,53.4,46.6,49.8,44.8,94.7,50.2,20.1,43.8,40,46.3,18.8,32.5,2.5
"Jackson, Jeremiah",669236,2026,26,135,6,22.2,2.2,".235",".374",".289",".276",".341","72.6",26.4,9.6,59.4,26.4,"4.7",27.7,6.9,4,34.7,"99.8346948","94.0638265",77.8,19.9,39.8,46.5,53.5,47.5,70.7,80.1,52.5,28.3,59.8,42.6,55.4,25.7,14.9,4
"Ballesteros, Moisés",694208,2026,22,117,6,18.8,8.5,".256",".449",".338",".335",".378","73",40.6,8.8,60.4,28.3,"10.8",40,12.9,8.2,49.4,"101.46978907","95.251912471",71.5,16.4,37.6,42.3,57.7,59,89.3,83.6,41,27.6,51.5,34.1,43.5,23.5,27.1,5.9
"Sheets, Gavin",657757,2026,30,124,6,21,6.5,".242",".434",".326",".318",".371","74.8",49.5,8.2,48.4,28.9,"13.2",36,10.1,6.7,43.8,"100.241600444","94.333534944",54.7,12.6,37.3,30.8,69.2,54.6,62.2,87.4,45.4,20.8,45.2,39.3,43.8,22.5,22.5,11.2
"Goodman, Hunter",696100,2026,26,160,10,36.9,6.9,".217",".427",".356",".308",".458","75.5",56.9,14.8,62.3,23.8,"22.3",35.6,15.1,8,52.9,"103.659310465","96.702363721",72.9,24.5,43.3,52.5,47.5,55.8,80,75.5,44.2,36.5,56.3,52.9,27.6,40.2,25.3,6.9
"Murakami, Munetaka",808959,2026,26,182,15,34.6,17.6,".224",".556",".385",".384",".560","75",53.8,19.1,46.6,34.8,"17",32.2,23,8,64.4,"105.844053953","98.792294302",63.2,33.8,22,66.7,33.3,53.3,76.8,66.2,46.7,43.1,41.3,46,37.9,44.8,13.8,3.4
"McMahon, Ryan",641857,2026,31,124,3,31.5,9.7,".205",".338",".266",".277",".355","74.3",42.4,9.7,52.7,36.9,"15.6",28.8,8.2,9.6,50.7,"101.9294825","95.614273611",61.4,16.4,29.3,65.3,34.7,48.7,77.4,83.6,51.3,31.6,45.7,35.6,38.4,35.6,20.5,5.5
"Stott, Bryson",681082,2026,28,139,3,18,5,".249",".384",".279",".297",".337","70.2",3.5,11.2,60.5,31.2,"14.7",32.1,6.6,8.5,40.6,"99.316581731","94.010539904",52.8,8.5,31.4,29.2,70.8,51.5,65.2,91.5,48.5,16.5,41.8,44.3,42.5,29.2,20.8,7.5
"Carpenter, Kerry",681481,2026,28,117,6,34.2,9.4,".205",".398",".328",".302",".409","72.2",19.7,19.9,40.9,37.1,"20.7",35.9,11.1,12.5,50,"100.180096875","94.830653333",64.7,23.1,32.7,50.6,49.4,57.5,66.7,76.9,42.5,34.2,46.3,48.4,34.4,39.1,20.3,6.3
"Giménez, Andrés",665926,2026,27,150,5,15.3,2.7,".230",".328",".301",".264",".292","68.1",6.4,8.4,45.1,32.5,"11.5",27.3,4.1,4.1,25.6,"95.858676833","91.964432185",71.6,16,42.9,35.1,64.9,50.5,77.8,84,49.5,23.3,57.1,39.7,50.4,23.1,19.8,6.6
"Gray, Tristan",656484,2026,30,72,3,34.7,4.2,".241",".397",".299",".300",".443","71.8",21.1,8.6,40.8,28.7,"11.4",37.2,11.9,7,41.9,"101.713927143","95.112103902",72.1,25.7,41.6,54.7,45.3,52.4,85.7,74.3,47.6,37,56.1,44.2,37.2,18.6,34.9,9.3
"Soler, Jorge",624585,2026,34,170,8,32.4,10.6,".213",".404",".333",".318",".413","74.9",51.4,12.7,52.1,33.9,"15.8",35.5,12.9,5.4,44.1,"101.519990426","94.903497527",66.8,23.3,27.5,68.9,31.1,53.3,72.3,76.7,46.7,37.9,45.9,50.5,39.8,26.9,25.8,7.5
"Stowers, Kyle",669065,2026,28,87,1,21.8,10.3,".262",".397",".292",".332",".377","74.5",45.5,14,58.2,32.5,"12.5",28.1,5.3,5.3,57.9,"101.937782414","95.885431228",80.4,23.5,39.2,44.8,55.2,54.5,90.9,76.5,45.5,31.3,58,50.9,49.1,21.1,21.1,8.8
"Tucker, Kyle",663656,2026,29,181,4,19.3,13.3,".249",".390",".348",".335",".355","71.6",23.5,10.9,44.8,35.2,"16.7",37.2,6.6,5.8,41.3,"98.790773934","93.806896446",74.3,16.3,25,47.1,52.9,49.6,77.4,83.7,50.4,24,49.9,45.5,35.5,32.2,25.6,6.6
"Realmuto, J.T.",592663,2026,35,96,1,15.6,5.2,".238",".346",".268",".286",".303","73.8",39.4,13.6,52.9,33.1,"9.5",32.4,2.7,13.5,40.5,"98.376224595","93.596746351",63.1,16.8,34.2,33.8,66.2,51.5,86.7,83.2,48.5,23,48.2,39.2,41.9,33.8,24.3,0
"Torkelson, Spencer",679529,2026,26,165,6,32.1,14.5,".224",".448",".322",".348",".458","73.2",23.2,14.9,54.3,37.5,"18.1",49.4,16.3,8,48.3,"101.690097907","95.49413907",63.6,18.2,17.9,57.6,42.4,50.3,83.3,81.8,49.7,26.9,40.6,50.6,29.9,35.6,31,3.4
"Turner, Trea",607208,2026,33,185,4,20.5,7,".237",".341",".285",".282",".322","71.6",18.4,10.1,70.4,25.8,"12.1",32.1,4.5,4.5,39.6,"99.09606791","93.727592537",66.8,15.3,35.1,45,55,53.7,83.3,84.7,46.3,26.6,49.8,32.8,46.3,29.9,20.1,3.7
"Hayes, Ke'Bryan",663647,2026,29,110,2,17.3,6.4,".242",".408",".191",".304",".342","70.4",5.1,5.4,48.6,26.1,"17",38.1,11.3,7.1,40.5,"100.1566175","94.439888608",57.7,6.7,28.3,45.3,54.7,50.7,64.5,93.3,49.3,19.6,42.8,25,34.5,29.8,29.8,6
"Saggese, Thomas",695336,2026,24,65,0,33.8,6.2,".182",".321",".180",".243",".334","72",22.6,9.1,42.7,36,"11.1",28.2,7.7,15.4,38.5,"100.162175","94.546078462",75.2,28.6,36,42.9,57.1,52.9,81,71.4,47.1,33.6,54.5,35.9,48.7,23.1,23.1,5.1
"Burleson, Alec",676475,2026,27,183,6,15.8,9.8,".282",".542",".349",".380",".422","72.1",19.9,11.6,59.2,35.6,"8.1",30.9,11.8,3.7,46.3,"101.6390825","95.209822222",63.9,17.6,34.3,23.7,76.3,51.9,81.8,82.4,48.1,19.9,48.6,45.6,50,26.5,19.1,4.4
"Cortes, Carlos",666126,2026,29,107,4,8.4,8.4,".339",".524",".429",".401",".407","70.4",12.3,6.3,45,26.2,"6.5",36.4,10.5,1.1,44.3,"101.16135186","94.870078256",67.9,16,22.8,31.4,68.6,51.4,75,84,48.6,20,44.7,29.5,50,19.3,27.3,3.4
"Judge, Aaron",592450,2026,34,194,16,28.4,17.5,".273",".639",".433",".435",".586","76",62.7,12.7,49.5,38.2,"13.8",36.3,24.5,3.9,54.9,"105.630649216","97.770870392",63.8,23.2,25.2,54.3,45.7,54.9,71.4,76.8,45.1,33.3,42.6,46.1,38.2,30.4,23.5,7.8
"Langeliers, Shea",669127,2026,28,174,12,21.3,8.6,".324",".636",".437",".429",".526","75.1",52,11.5,60.2,31,"19.8",40.5,17.4,4.1,49.6,"104.356472951","96.727447934",73.9,13.8,33.5,46.2,53.8,54.6,72.1,86.2,45.4,25.2,51.8,38.8,32.2,32.2,26.4,9.1
"Moncada, Yoán",660162,2026,31,123,3,35,13,".173",".295",".288",".274",".340","72.4",29.9,10.8,35.6,37.9,"16.4",35.5,8.2,8.1,41.9,"100.793157742","94.774859508",55.7,18.4,21.1,58.9,41.1,50.2,45.5,81.6,49.8,29.6,38.3,37.1,32.3,37.1,27.4,3.2
"Trout, Mike",545361,2026,34,195,11,26.2,20,".258",".596",".401",".427",".537","75.2",53.6,7.6,47.9,35.1,"19.8",33.3,22.8,9.8,52,"104.153245098","96.778517921",58,10.9,18.8,56,44,53.9,58.2,89.1,46.1,23.3,36.9,44.1,37.3,36.3,18.6,7.8
"Díaz, Yandy",650490,2026,34,176,5,12.5,8,".292",".431",".359",".353",".363","72.8",29.5,1.7,31.8,23.3,"4.8",26.1,6,4.5,42.9,"101.55800806","94.966862239",67,10.1,26.3,22.1,77.9,51.4,71.8,89.9,48.6,13.6,46,16.4,50.7,19.4,24.6,5.2
"Sanoja, Javier",691594,2026,23,92,0,12,8.7,".226",".282",".293",".262",".253","69.4",8.6,4.4,50.7,21.9,"12.2",28.8,1.4,2.7,34.2,"97.824241892","93.031765479",57.4,9.4,40.2,20,80,54,71.4,90.6,46,14.2,48.1,45.2,46.6,17.8,24.7,11
"Edwards, Xavier",669364,2026,26,181,4,11,12.7,".283",".438",".396",".359",".354","67.9",0.4,7.2,52.3,27.6,"11.8",37.7,6.5,5.1,37.7,"97.885909118","93.189356912",59.1,7.8,21.2,34.6,65.4,54,68.5,92.2,46,15.8,38.6,31.2,44.2,22.5,27.5,5.8
"Melendez, MJ",669004,2026,27,59,2,35.6,10.2,".180",".351",".361",".283",".381","73.7",35.9,12.1,61.2,29.3,"20.3",29,16.1,12.9,64.5,"103.460534","97.766196333",65.8,31.2,29.5,47.4,52.6,52.4,71.4,68.8,47.6,36.5,46.7,54.8,32.3,35.5,22.6,9.7
"Mayo, Coby",691723,2026,24,120,4,30.8,8.3,".207",".339",".254",".273",".353","75",49.7,13,48.5,38.2,"18.5",26,6.8,9.6,43.8,"103.082293243","95.840860274",59.7,16.7,28.8,59.5,40.5,53.8,61.1,83.3,46.2,32,43.1,47.9,39.7,31.5,19.2,9.6
"Karros, Kyle",691720,2026,23,143,1,25.2,15.4,".252",".360",".297",".336",".383","69.8",4.6,6.3,42.5,37,"13.2",47.1,6,4.7,37.6,"99.347845476","93.859446548",61.4,13.8,24.8,50.6,49.4,56.3,77.8,86.2,43.7,26.4,40.8,34.1,37.6,15.3,40,7.1
"García Jr., Luis",671277,2026,26,130,3,15.4,3.1,".281",".434",".316",".319",".366","73.1",32.4,9.4,63.5,27.3,"12",29.2,6.8,3.8,45.3,"101.8330125","95.444705825",69.2,8.8,42.3,28.1,71.9,51.5,75,91.2,48.5,16.4,55.3,34.9,47.2,21.7,24.5,6.6
"Pérez, Wenceel",672761,2026,26,91,2,13.2,6.6,".209",".372",".220",".277",".287","71.4",17.6,6.7,49.3,28.6,"16.8",26,8.2,5.5,39.7,"98.197356757","93.397323014",71.6,8.6,22.7,29.7,70.3,50.2,90.5,91.4,49.8,13.7,47.1,43.8,42.5,28.8,15.1,13.7
"Pauley, Graham",688363,2026,25,81,1,23.5,6.2,".151",".228",".234",".197",".219","71.9",18.1,13.3,56.7,28.6,"21.5",28.1,3.5,3.5,17.5,"94.398424643","91.271740893",63.7,14.7,22.9,42.5,57.5,52.2,76.9,85.3,47.8,22.5,42.4,50.9,38.6,33.3,15.8,12.3
"Yorke, Nick",694377,2026,24,83,1,19.3,8.4,".251",".375",".268",".316",".342","72.4",19.3,1.5,31.1,35.4,"7.7",27.6,5.2,8.6,48.3,"102.06467","95.429662414",68.4,9.6,28,37,63,51.9,70,90.4,48.1,18,47.5,24.1,51.7,27.6,17.2,3.4
"Mangum, Jake",663968,2026,30,82,0,22,8.5,".255",".305",".286",".285",".326","66.5",2,1.3,27.8,32.1,"1.2",21.4,0,3.6,30.4,"95.182638846","91.747332157",74.2,23.5,49.4,23.5,76.5,55.4,70.6,76.5,44.6,23.5,60.5,30.4,71.4,10.7,14.3,3.6
"Happ, Ian",664023,2026,31,185,9,31.4,17.3,".211",".476",".366",".361",".468","72.1",19.1,13,46.6,33.2,"12.9",36.6,18.3,7.5,41.9,"101.767666596","95.22461914",60.2,25.7,24,55.6,44.4,53.2,74.3,74.3,46.8,35,41,45.2,41.9,32.3,20.4,5.4
"Friedl, TJ",670770,2026,30,160,2,23.1,7.5,".201",".273",".252",".258",".282","70.9",12,9.8,64.5,28.4,"16.9",29,3,4.7,29.9,"97.65587766","92.908443617",62,14.1,26.8,53.7,46.3,50.7,70.2,85.9,49.3,26.3,44.1,35.5,46.7,20.6,23.4,9.3
"Young, Cole",702284,2026,22,173,3,23.7,8.1,".259",".414",".310",".331",".390","71.8",25.9,7.5,55.8,28.6,"18.2",35.1,7.9,7,41.2,"99.84083193","94.103002719",66.4,20.9,30.5,35.2,64.8,51.1,71.4,79.1,48.9,25.5,48.1,48.2,36.8,27.2,22.8,13.2
"O'Hoppe, Logan",681351,2026,26,93,1,24.7,11.8,".186",".315",".279",".294",".310","71.9",21,14.5,56.7,32.2,"15.9",28.6,10.7,3.6,41.1,"100.243651429","94.269700714",65.9,17.6,32.2,48.5,51.5,56.3,82.6,82.4,43.7,29.5,46.9,53.6,42.9,30.4,16.1,10.7
"Bailey, Patrick",672275,2026,27,94,1,24.5,7.4,".223",".341",".180",".276",".329","72.8",29.7,4.9,34.8,33.2,"11.1",31.3,4.8,6.3,40.6,"98.639247813","93.576522381",67.7,15.1,31,52.5,47.5,51.4,69.4,84.9,48.6,27.3,48.8,37.5,46.9,21.9,25,6.3
"Abreu, Wilyer",677800,2026,27,175,6,18.9,11.4,".284",".503",".379",".374",".424","73.9",39.3,6.4,45.6,33,"15.2",32,11.6,8.2,47.5,"101.801774426","95.418095785",66.8,14.8,26.1,34.1,65.9,50.4,73.5,85.2,49.6,20.3,46.3,37.7,38.5,35.2,21.3,4.9
"Brito, Juan",682877,2026,24,56,0,30.4,7.1,".205",".287",".236",".257",".318","68.6",0,13.5,58.8,32,"14.2",29.4,2.9,5.9,32.4,"97.150075882","92.606637941",63.6,20,35.2,52.3,47.7,53.2,76.9,80,46.8,32.5,48.5,50,44.1,14.7,23.5,17.6
"Schmitt, Casey",669477,2026,27,142,6,19.7,4.2,".271",".500",".367",".356",".414","72.5",29.9,10.2,51.1,33.4,"21.5",35,14.7,1.9,47.6,"101.031725098","94.950310294",66.7,11.3,34.1,43.5,56.5,49.7,77.3,88.7,50.3,22.1,50.1,47.6,35,35,17.5,12.6
"Rocchio, Brayan",677587,2026,25,162,3,9.9,8.6,".255",".350",".329",".308",".293","70.1",10.3,7.9,50.8,27.7,"10.1",27.1,2.4,3.9,29.9,"96.884984355","92.479033984",68.6,13.2,30.7,35.8,64.2,54.6,75,86.8,45.4,21.1,48.1,41.9,48.8,18.6,21.7,10.9
"Bader, Harrison",664056,2026,32,62,2,30.6,3.2,".209",".344",".190",".266",".368","73",40.5,11.6,50,24.9,"8.3",26.8,7.3,4.9,43.9,"99.92845","94.179432683",71.9,26.8,39.7,50,50,51.5,71.4,73.2,48.5,35.4,55.3,48.8,58.5,17.1,17.1,7.3
"Beavers, Dylan",687637,2026,24,119,2,23.5,11.8,".236",".365",".317",".309",".349","71.5",13.8,7.4,44.1,38.2,"15.5",33.8,5.2,6.5,39,"99.306662105","93.790126053",65.3,14.8,23.9,46.7,53.3,50.3,81.4,85.2,49.7,23.4,44.5,39,45.5,23.4,23.4,7.8
"Harris, Dustin",687957,2026,26,52,0,13.5,11.5,".286",".356",".296",".335",".327","66.7",2.9,13,43.5,39.2,"15.8",44.7,0,7.9,15.8,"93.693081111","90.948051389",54.5,10.4,31.7,18.8,81.3,53.4,61.5,89.6,46.6,13.8,42.3,55.3,39.5,21.1,34.2,5.3
"Lukes, Nathan",664770,2026,31,56,0,12.5,1.8,".260",".344",".275",".281",".295","67.8",2.9,5.3,42.9,32.8,"15.7",28.3,0,13,37,"98.473052174","93.271037609",65.2,16,44,10.4,89.6,48.7,68,84,51.3,13.8,54.9,37,45.7,21.7,23.9,8.7
"Seager, Corey",608369,2026,32,182,7,27.5,12.1,".224",".442",".286",".331",".407","71.9",13.5,15.2,60.8,33.2,"12.6",34.3,15.7,7.4,45.4,"102.044463148","95.473544815",80.6,23.3,28.8,59.1,40.9,58.1,91.8,76.7,41.9,35.2,50.5,46.3,44.4,29.6,21.3,4.6
"Winn, Masyn",691026,2026,24,158,1,19,8.2,".260",".330",".308",".299",".321","69.8",6.6,4.8,41.2,27.5,"14.9",32.1,2.7,5.4,27.7,"96.816882","92.425226273",60.3,15,25.9,36.8,63.2,51.2,59.1,85,48.8,21.8,42.7,33,44.6,18.8,24.1,12.5
"Muncy, Max",571970,2026,35,156,11,25,12.8,".293",".610",".398",".420",".533","71.6",11.6,15.9,51.9,32.9,"16.7",36.1,19.6,4.1,55.7,"103.268610816","96.590073814",62.7,19.3,25.4,51.2,48.8,50.1,70.4,80.7,49.9,28.5,44,49.5,35.1,37.1,22.7,5.2
"Caballero, José",676609,2026,29,147,4,19.7,5.4,".227",".336",".323",".281",".309","68.3",4.1,10.7,51.8,30.7,"9.4",29.2,3.8,6.6,29.2,"96.884698367","92.447222755",67.8,24.1,34,34.3,65.7,52.1,80.5,75.9,47.9,27.7,50.2,42.5,55.7,18.9,17,8.5
"Ramírez, José",608070,2026,33,197,6,14.2,16.2,".272",".456",".318",".370",".375","70.1",15.1,9.8,56.5,31.1,"19.9",33.1,8.1,8.1,41.5,"100.147807353","94.344518741",64.9,9.6,30.7,29.7,70.3,55,76,90.4,45,16.9,46.1,44.9,31.6,36,22.1,10.3
"Tawa, Tim",694374,2026,27,55,1,20,12.7,".214",".284",".244",".276",".278","74.2",38.6,9.5,58,29.8,"9.7",27,2.9,8.1,29.7,"96.993398889","92.660732286",69.9,20.8,31.6,34.9,65.1,56.9,53.8,79.2,43.1,26.1,48.1,35.1,54.1,16.2,21.6,8.1
"Wells, Austin",669224,2026,26,120,3,22.5,15.8,".222",".363",".273",".314",".340","72.5",22.3,12.1,50,31.7,"17",27,5.4,10.8,45.9,"100.707558333","94.864528611",67.8,20.4,27.7,43.2,56.8,52.8,71.8,79.6,47.2,27.5,46.6,44.6,40.5,33.8,17.6,8.1
"Alvarez, Yordan",670541,2026,29,194,13,16,13.9,".348",".716",".435",".485",".559","75.5",56.9,9,48.3,35.8,"17.6",44.7,17.6,13.6,50.8,"105.492827424","97.331621527",62.7,9.6,28,39.8,60.2,54.8,73.3,90.4,45.2,20.2,43.7,48.5,31.1,37.1,26.5,5.3
"White, Eli",642201,2026,32,62,2,19.4,3.2,".252",".347",".282",".273",".324","73.6",40.8,9.3,56.3,34.6,"4.4",33.3,6.3,4.2,31.3,"97.90067913","92.950339565",72.7,21.3,30.1,43.2,56.8,52.8,72.2,78.8,47.2,28.2,50.2,33.3,54.2,20.8,20.8,4.2
"McKinstry, Zach",656716,2026,31,68,1,22.1,8.8,".187",".265",".242",".239",".256","69.5",5.8,7.7,37.2,38.5,"12.4",34,2.1,6.4,25.5,"95.071899583","91.63570617",69.6,11.8,27.3,33.3,66.7,43.4,82.1,88.2,56.6,16.8,51.3,44.7,48.9,19.1,23.4,8.5
"Mayer, Marcelo",691785,2026,23,124,1,17.7,7.3,".218",".318",".282",".279",".294","74.9",53.1,8.2,42.7,30.7,"6.6",31.1,6.7,5.6,41.1,"98.859513333","93.491025056",73.2,15,28.2,50.7,49.3,53.2,74.2,85,46.8,25.9,49.2,37.8,53.3,23.3,20,3.3
"Soto, Juan",665742,2026,27,115,4,15.7,13,".265",".547",".347",".378",".414","72.5",30,14.3,61.2,28.4,"16",30.5,18.5,3.7,47.6,"102.536324146","96.363739383",64.2,9.9,23.7,49.1,50.9,53.2,73.9,90.1,46.8,21.5,42.7,35.4,36.6,34.1,20.7,8.5
"Julien, Edouard",666397,2026,27,123,2,27.6,12.2,".249",".421",".324",".341",".420","71.1",16.1,12.6,35.8,42.9,"8.7",42.5,8.2,12.3,49.3,"100.154502973","94.817592055",64.1,17.5,20.3,60.4,39.6,50.2,78.1,82.5,49.8,27.9,42.1,35.6,50.7,23.3,26,0
"Carter, Evan",694497,2026,23,156,5,21.8,14.1,".207",".350",".293",".306",".319","70.8",16.1,7.6,44.5,32,"21",33.3,8.1,8.1,38.4,"99.33135617","93.76814234",60.4,15.4,20.8,53,47,49.5,76,84.6,50.5,24.9,40.8,37.4,34.3,35.4,20.2,10.1
"Robert Jr., Luis",673357,2026,28,98,2,17.3,13.3,".243",".377",".304",".324",".332","76",62.7,9.8,51.3,34.9,"14.7",20.6,2.9,10.3,42.6,"102.167753824","95.562142647",64.5,12.8,32.1,46.3,53.7,55.3,84,87.2,44.7,25.6,46.6,35.3,47.1,25,17.6,10.3
"Wong, Connor",657136,2026,30,57,0,19.3,7,".193",".277",".309",".259",".262","72.1",20.7,11,48.3,31,"11.9",20,2.5,7.5,37.5,"98.776544737","93.400923158",63.2,15,36.8,38.5,61.5,52.7,86.7,85,47.3,24.2,49.3,27.5,47.5,30,15,7.5
"Busch, Michael",683737,2026,28,183,3,21.9,14.8,".226",".373",".325",".325",".342","68.4",4.1,16.9,51.5,34.7,"14.2",28.1,8.8,6.1,39.5,"99.063925088","93.703492544",63.1,16.9,25.3,43.4,56.6,54.4,74.1,83.1,45.6,25.5,42.6,42.1,44.7,36,15.8,3.5
"Rafaela, Ceddanne",678882,2026,25,148,4,23,5.4,".240",".358",".347",".298",".346","69.8",6.3,10.1,60.5,32,"8.9",36.6,8.2,4,36.6,"97.913826327","92.969329082",63.3,17.7,35.8,39,61,53.1,77.4,82.3,46.9,26,48.6,35.6,44.6,23.8,26.7,5
"Meidroth, Chase",805367,2026,24,172,3,25,9.3,".239",".340",".329",".296",".354","67.3",1.7,9.3,54.9,31.3,"7.1",31.3,4.5,4.5,38.4,"97.758406667","93.07036243",51.2,12.7,25,36,64,49.1,61.4,87.3,50.9,20.1,38.3,42,53.6,18.8,24.1,3.6
"Hill, Derek",656537,2026,30,50,3,30,10,".281",".460",".347",".357",".487","71.6",12,18.4,45.3,38,"13.2",40,10.3,0,40,"99.531400833","93.91209875",72.3,21.7,36.5,48.6,51.4,53.6,82.4,78.3,46.4,31.6,53.1,50,53.3,20,23.3,3.3
"Lile, Daylen",695734,2026,23,186,6,17.7,8.6,".279",".462",".342",".353",".397","70.4",6.3,12.3,55.4,40.1,"16.6",39,7.4,7.4,37,"98.372213971","93.230819111",74.3,14.7,36.2,42,58,52.1,78.6,85.3,47.9,24.1,54.5,40.4,35.3,33.8,25.7,5.1
"Ruiz, Keibert",660688,2026,27,85,3,16.5,1.2,".186",".312",".275",".222",".252","67.2",0,12.3,59.1,34.2,"16.6",33.3,5.8,10.1,40.6,"98.1865","93.267874638",56.3,9,37.6,30.2,69.8,47.2,56.3,91,52.8,16.9,47.5,62.3,42,34.8,15.9,7.2
"Vilade, Ryan",668723,2026,27,63,2,19,7.9,".237",".372",".346",".295",".329","76",58.2,2.5,35.5,31.9,"22.9",32.6,4.3,6.5,34.8,"98.785527727","93.476473409",69.9,14.7,29.5,31.6,68.4,48.7,76.2,85.3,51.3,19.5,50.2,34.8,32.6,37,19.6,10.9
"Massey, Michael",686681,2026,28,81,3,22.2,3.7,".217",".426",".292",".292",".359","72.2",18.8,14.8,58.7,33.2,"19",31.7,11.7,11.7,45,"99.264308667","94.1693735",65.1,19.6,37.3,37.1,62.9,52.7,78.3,80.4,47.3,26.4,50.5,41.7,31.7,46.7,18.3,3.3
"Hernández, Heriberto",681715,2026,26,86,0,17.4,12.8,".242",".362",".233",".322",".326","73.8",40.9,12.4,67.8,26.7,"11.5",25.4,5.1,6.8,44.1,"100.611987333","94.648662542",67.4,18.9,21.3,47.2,52.8,54.5,81.8,81.1,45.5,26.7,42.3,44.1,45.8,23.7,22,8.5
"Keaschall, Luke",807712,2026,23,175,1,15.4,10.3,".217",".315",".278",".281",".276","69.4",9.3,8.9,55.6,36,"16.7",33.6,3.1,5.5,24.2,"95.573526563","91.820879055",60.3,6.3,22.9,31.3,68.7,53.5,71.7,93.7,46.5,13.9,40.3,35.9,40.6,27.3,21.1,10.9
"Antonacci, Sam",803011,2026,23,96,1,11.5,6.3,".327",".488",".363",".403",".402","70.2",11.4,9.5,50,39.6,"13.4",40.8,11.4,4.2,36.6,"98.730603235","93.421203971",57.9,10.7,23,29.2,70.8,54,78.3,89.3,46,16.6,39,26.8,47.9,21.1,26.8,4.2
"Lindor, Francisco",596019,2026,32,105,2,18.1,10.5,".253",".433",".305",".340",".368","73",27.6,13,55.1,34.2,"14.8",31.1,9.5,5.4,43.2,"100.295103784","94.53938",68.3,16.7,27.6,43.7,56.3,56,87.1,83.3,44,25.8,45.5,41.9,39.2,25.7,28.4,6.8
"Fraley, Jake",641584,2026,31,87,2,27.6,9.2,".208",".355",".320",".283",".346","71.5",21.8,10.1,47.4,36.4,"22.4",47.3,9.1,5.5,21.8,"95.169433214","91.696406545",65.8,11.6,21.9,51.3,48.7,49.2,77.3,88.4,50.8,22.1,44.7,45.5,29.1,27.3,29.1,14.5
"Bell, Josh",605137,2026,33,166,3,22.9,8.4,".231",".403",".275",".308",".358","72.2",27.6,9.9,57.2,34.2,"16.2",37.2,9.7,8.8,41.6,"99.477946842","93.979237699",74.4,19.5,30.9,42.9,57.1,54.9,84.2,80.5,45.1,27.3,50.5,46,34.5,24.8,31,9.7
"Crawford, J.P.",641487,2026,31,155,5,14.8,18.1,".263",".423",".334",".374",".360","71.6",21.7,7.8,45.4,35.1,"10.8",37.3,7.9,6.9,37.3,"98.7512298","93.547766869",55.2,9.4,17.1,30.4,69.6,50.2,74.5,90.6,49.8,14.4,36.1,37.3,51,18.6,24.5,5.9
"Rice, Ben",700250,2026,27,160,13,25.6,15.6,".297",".596",".455",".430",".548","72.2",20.5,11.4,53.4,32.3,"12.9",40.9,20.4,10.8,58.1,"103.617505957","96.929469247",60.7,15.1,21.7,51.9,48.1,53.8,77.5,84.9,46.2,26,39.7,52.7,41.9,28,26.9,3.2
"Adames, Willy",642715,2026,30,178,3,29.8,3.4,".225",".378",".266",".275",".373","72.2",23.7,14.4,65.4,33.6,"21.5",37.3,8.5,9.3,41.5,"99.40314322","93.947035169",65.3,16.1,32.8,44.8,55.2,51.5,63.6,83.9,48.5,26,48.5,45.8,33.9,29.7,25.4,11
"Gonzales, Nick",693304,2026,27,158,0,17.1,7.6,".301",".391",".341",".340",".371","70.6",11.1,9.5,50.4,34.9,"5.8",33.6,1.7,7.8,40.5,"98.733532241","93.537772931",78.5,17.1,31.1,40.7,59.3,49.6,84.1,82.9,50.4,23.7,54.8,43.1,52.6,16.4,28.4,2.6
"Benson, Will",666181,2026,28,82,2,29.3,17.1,".210",".416",".307",".345",".428","73.4",36.2,14.7,50.8,36.6,"28.4",31,15.4,7.1,40.5,"101.1180975","94.838161282",68.6,30.3,20.1,40.5,59.5,53.6,89.3,69.7,46.4,32.9,42.6,42.9,26.2,47.6,16.7,9.5
"Rengifo, Luis",650859,2026,29,128,0,10.9,8.6,".246",".348",".258",".298",".294","70.1",12.4,6.1,43.3,33.5,"5.3",31.4,5.9,4.9,34.3,"97.905841569","93.122963861",69,9.6,27.8,35.7,64.3,52.7,85,90.4,47.3,17.7,47.3,41.2,50,17.6,28.4,3.9
"Stephenson, Tyler",663886,2026,29,123,3,27.6,12.2,".221",".438",".274",".333",".414","70.9",8.6,13.3,57.4,38.1,"22.4",33.8,14.1,9.5,47.3,"100.641229167","94.989905775",68.3,15.7,21,62.5,37.5,47.6,88.9,84.3,52.4,25.9,45.7,29.7,31.1,41.9,20.3,6.8
"Jung, Josh",673962,2026,28,164,5,15.9,6.1,".309",".470",".388",".361",".403","71.2",12.1,11.9,57.9,36.2,"11.1",41.3,5.6,8.7,47.6,"100.70117127","94.791817222",64.7,7.8,32.1,36.1,63.9,52.1,65.3,92.2,47.9,17.7,47.8,37.3,44.4,20.6,31,4
"Doyle, Brenton",686668,2026,28,110,1,32.7,9.1,".192",".265",".249",".244",".313","71.9",18.2,11.5,58,29.8,"8.3",23.4,3.3,6.3,32.8,"98.543617667","93.275492333",72.9,13.2,36.1,62.7,37.3,54,70.6,86.8,46,31.4,53,39.1,56.3,21.9,18.8,3.1
"Springer, George",543807,2026,36,107,2,18.7,10.3,".200",".348",".282",".287",".297","73.5",37.9,10.1,59.3,34.3,"18.3",27,8.1,9.5,39.2,"98.889229459","93.477052568",80.2,13.9,25.5,53.7,46.3,51.8,82.8,85.4,48.2,24.1,51.8,43.2,41.9,28.4,16.2,13.5
"Shaw, Matt",807713,2026,24,93,3,17.2,5.4,".257",".396",".327",".300",".339","68",3.8,10.1,65.6,29,"15.4",40.3,5.6,9.7,34.7,"97.277277143","92.642551429",63.3,11.6,37.2,26.8,73.2,51.9,64,88.4,48.1,17.5,49.7,29.2,37.5,23.6,30.6,8.3
"Rojas, Miguel",500743,2026,37,70,1,11.4,5.7,".289",".383",".297",".314",".331","68.9",4.9,8,50.5,31.1,"10",34.5,5.2,1.7,36.2,"98.668353214","93.431916964",67.6,15.5,35,24.5,75.5,57.1,60,84.5,42.9,19.2,49,34.5,50,13.8,27.6,8.6
"Bohm, Alec",664761,2026,29,156,3,14.7,7.1,".224",".308",".242",".275",".280","71.1",14.4,5.6,51,29.4,"11.5",37.5,1.7,11.7,38.3,"98.8700565","93.66455084",61.7,11.4,23.9,30.9,69.1,51.4,59.4,88.6,48.6,17.1,42.3,26.7,47.5,20,24.2,8.3
"Bart, Joey",663698,2026,29,62,2,33.9,3.2,".208",".347",".297",".256",".362","75.4",51.5,10.3,46.5,34.9,"15.2",39.5,7.9,7.9,36.8,"99.359237895","93.712531579",61.7,18.3,32.6,42.9,57.1,52.9,58.8,81.7,47.1,27.4,46.3,36.8,36.8,39.5,18.4,5.3
"Merrill, Jackson",701538,2026,23,176,4,25,8.5,".243",".424",".281",".317",".393","73.3",29.7,8.9,45.4,38.9,"11.9",34.5,9.6,6,48.3,"100.758207193","94.854211858",80.6,19.8,36.3,42.6,57.4,55.3,89.7,80.2,44.7,27.9,56.1,39.7,44.8,24.1,25.9,5.2
"DeLuca, Jonny",676356,2026,27,99,2,19.2,5.1,".268",".378",".334",".300",".349","73.5",32.5,5.7,51.5,23.4,"15.3",29.3,4,5.3,32,"98.764685833","93.404456528",69.3,15.9,37.5,40,60,55.1,80,84.1,44.9,25.5,51.8,42.7,40,21.3,22.7,16
"García, Adolis",666969,2026,33,171,4,26.9,7.6,".245",".391",".292",".312",".388","71.9",26.8,9.9,60.2,29.1,"14.1",36.4,8.2,9.1,49.1,"101.778696182","95.631132727",62.2,16.4,29.2,54.5,45.5,53.6,74.4,83.6,46.4,29.8,44.5,37.3,39.1,22.7,29.1,9.1
"Heim, Jonah",641680,2026,31,55,1,14.5,9.1,".172",".295",".261",".242",".233","70.1",8.4,7.8,63.9,28,"18.3",26.2,4.8,9.5,23.8,"95.002567619","91.548579048",61.7,15.5,32.7,22.9,77.1,53.2,58.8,84.5,46.8,18.3,46.3,42.9,35.7,33.3,19,11.9
"Arozarena, Randy",668227,2026,31,185,4,23.8,9.2,".257",".376",".380",".328",".375","70.2",19.5,8,57.3,26.5,"6",35.6,5.9,7.6,42.4,"100.34802661","94.82406188",62.3,26.6,33.5,31.3,68.7,53.3,76.5,73.4,46.7,28.4,46.9,38.1,54.2,18.6,25.4,1.7
"Aranda, Jonathan",666018,2026,28,181,8,23.2,13.8,".260",".450",".378",".367",".426","70.1",9.2,8.3,50.9,34.7,"15.5",37.8,9.9,7.2,42.3,"99.654183036","94.11772036",61.8,17.2,29.1,30.5,69.5,55.2,74.1,82.8,44.8,22.2,43.7,26.1,38.7,31.5,26.1,3.6
"Wiemer, Joey",686894,2026,27,75,3,37.3,13.3,".217",".354",".400",".306",".434","71.7",34,5.9,44.9,23.8,"3.9",29.7,11.1,0,37.8,"100.154247222","94.474239714",57.9,18.2,28.6,56.3,43.8,55.8,70,81.8,44.2,32.8,41.5,35.1,51.4,18.9,21.6,8.1
"Garcia, Maikel",672580,2026,26,180,3,15.6,10.6,".290",".402",".344",".346",".368","72.1",20.5,4.4,43.2,27.2,"10",36.1,6,4.5,43.6,"100.563862273","94.629348931",54.2,7.8,20,37.7,62.3,51.1,67.8,92.2,48.9,16.1,36.7,36.1,39.1,21.8,31.6,7.5
"Moreno, Gabriel",672515,2026,26,82,1,23.2,6.1,".242",".412",".270",".325",".392","71.4",22.9,11.3,42.4,33.9,"17.8",42.1,12.3,5.3,42.1,"99.120264483","93.725315263",56.3,15.3,38.2,31.6,68.4,56.9,58.8,84.7,43.1,23,46,43.9,31.6,36.8,26.3,5.3
"McCutchen, Andrew",457705,2026,39,62,1,30.6,9.7,".188",".304",".274",".255",".313","70.4",4.4,13.6,50.9,36.4,"21.8",32.4,8.1,5.4,32.4,"98.169127368","93.311866486",72.1,26.5,22.5,62.5,37.5,51.1,82.4,73.5,48.9,35.4,46.8,35.1,37.8,29.7,18.9,13.5
"Rushing, Dalton",687221,2026,25,70,7,25.7,5.7,".267",".513",".446",".370",".463","72.4",16.8,13.3,55.4,35.2,"19.3",33.3,11.1,4.4,44.4,"102.053736364","95.035880227",67.6,17.3,32.8,47.4,52.6,51.1,76.9,82.7,48.9,27.4,49.8,42.2,33.3,33.3,22.2,11.1
"Hedges, Austin",595978,2026,33,60,1,21.7,8.3,".247",".295",".329",".271",".304","69.2",6.9,8.4,60.9,26,"4.2",23.8,0,4.8,38.1,"98.716846667","93.586534048",66.1,14.9,28.3,52.8,47.2,53.1,84.2,85.1,46.9,27.3,46,45.2,57.1,14.3,21.4,7.1
"India, Jonathan",663697,2026,29,58,2,22.4,13.8,".173",".289",".295",".285",".270","71",14.6,9.7,56.1,32.5,"28.3",28.6,5.7,5.7,31.4,"96.473557778","92.357829714",60,19.4,17.9,33.3,66.7,49.4,80,80.6,50.6,22.6,39.2,40,28.6,31.4,14.3,25.7
"Bellinger, Cody",641355,2026,30,185,5,12.4,15.1,".292",".470",".376",".381",".379","69.8",3.1,13.9,65.3,33.4,"18.3",42.5,8.3,7.5,41,"99.089500149","93.964075038",63.8,13,23.8,28.7,71.3,52.9,70.7,87,47.1,17.6,42.6,44.8,35.1,32.1,23.9,9
"Burger, Jake",669394,2026,30,168,7,26.8,4.2,".235",".396",".288",".288",".372","74.5",47.7,9.2,61,25.6,"12.8",33,9.6,8.7,47,"102.271301897","95.461559739",65.2,16.5,41.1,57.5,42.5,54.7,65.7,83.5,45.3,34.2,52,44.3,44.3,24.3,23.5,7.8
"O'Hearn, Ryan",656811,2026,32,172,6,19.2,10.5,".279",".444",".360",".355",".398","70.8",10.1,11.6,47,31.8,"11.6",31.1,6.7,6.7,44.5,"99.955043167","94.640235966",58.6,11.7,29.8,37.5,62.5,53.9,61.4,88.3,46.1,21.3,43,42,46.2,26.9,24.4,2.5
"Sosa, Lenyn",672820,2026,26,91,1,22,0,".237",".381",".229",".262",".337","72.2",20,12,47.1,34.5,"21.2",39.4,7,7,35.2,"99.246688857","93.656363",64.2,12.5,52.8,31.7,68.3,59,42.9,87.5,41,22.9,57.5,38,36.6,26.8,26.8,9.9
"Grisham, Trent",663757,2026,29,167,6,16.8,16.8,".226",".446",".308",".353",".354","69.5",3.6,14.3,58.9,28.4,"17.7",30.6,14.4,13.5,51.4,"101.4794275","95.642607207",52.1,8.5,14.6,50,50,50.4,60.9,91.5,49.6,17.7,33.2,41.4,37.8,32.4,19.8,9.9
"Lee, Jung Hoo",808982,2026,27,175,2,12.6,5.7,".284",".371",".305",".312",".330","68.7",4.6,4.3,36,38.6,"12.2",37.3,2.1,6.3,31.7,"96.945765352","92.641349078",63.8,5.5,28.3,32.3,67.7,51.8,70.2,94.5,48.2,14.1,45.4,35.2,43,21.1,32.4,3.5
"Donovan, Brendan",680977,2026,29,91,3,14.3,12.1,".244",".343",".366",".332",".303","68.3",0.8,10.3,68,28.6,"13.9",37.1,3.3,8.1,29,"96.26826","92.13413",62.4,11.8,24.9,40.9,59.1,54.3,70,88.2,45.7,21.2,42,41.9,43.5,21,24.2,11.3
"Perez, Salvador",521692,2026,36,172,6,22.1,3.5,".211",".375",".250",".272",".327","71.3",14.3,12,57.1,34.9,"18.2",31.2,9.6,4.8,40.8,"99.946693651","94.11525664",74.1,18.5,46.5,36.6,63.4,58.2,82.9,81.5,41.8,26.9,58,36,37.6,29.6,23.2,9.6
"Raley, Luke",670042,2026,31,119,9,36.1,6.7,".279",".605",".390",".403",".621","75.4",57.3,16,55,31.8,"16.8",43.1,23.1,3.1,55.4,"104.08478875","96.907949048",79.4,37.6,31.9,65,35,53.5,90.9,62.4,46.5,46.2,53.9,50.8,40,32.3,24.6,3.1
"Tatis Jr., Fernando",665487,2026,27,175,0,24,10.3,".277",".404",".287",".351",".426","75",54.6,6.5,49.2,30.2,"2.2",34.2,11.4,7,57,"105.081871228","97.44724708",72.1,17.7,29.3,59,41,54.6,82.9,82.3,45.4,31.3,48.8,24.6,52.6,19.3,25.4,2.6
"Henderson, Gunnar",683002,2026,25,198,9,28.8,6.6,".219",".367",".285",".283",".363","74.2",41.6,12.6,51.3,31,"13.7",30.7,8.7,5.5,42.5,"99.710114844","94.308313307",66,16,34.7,44,56,51.7,70,84,48.3,26.1,49.8,47.2,42.5,29.1,22,6.3
"Albies, Ozzie",645277,2026,29,184,8,13,7.6,".246",".380",".366",".300",".308","68.6",5.4,11,55.8,34.6,"15.7",33.1,4.1,7.6,27.6,"96.642330822","92.36638069",79.3,16.3,37.6,34.7,65.3,58.6,82.9,83.7,41.4,23.7,54.9,40.7,38.6,27.6,24.8,9
"Reynolds, Bryan",668804,2026,31,186,4,24.2,18.3,".234",".390",".356",".346",".378","72.6",27.4,9.8,41.9,38.3,"6.6",31.4,7.6,4.8,42.9,"101.46387434","94.951804476",64.7,17.3,22.9,63.2,36.8,55,75.6,82.7,45,31.1,41.7,43.8,52.4,21.9,23.8,1.9
"Alexander, Blaze",677942,2026,27,100,0,30,6,".281",".350",".271",".306",".412","73",32.2,9.9,51.1,37,"9.1",35.5,1.6,4.8,46.8,"100.490357","94.839542034",82,28.4,29.9,50.8,49.2,51,96,71.6,49,34.6,55.4,30.6,54.8,16.1,27.4,1.6
"House, Brady",691781,2026,23,158,6,28.5,7.6,".248",".425",".301",".319",".416","73.4",29.1,9.3,47,36.8,"4",28.7,10.9,3,42.6,"101.345609608","94.866652376",71.8,27.1,33.5,48.1,51.9,52.8,76.1,72.9,47.2,34.3,51.6,34.7,51.5,25.7,21.8,1
"Clement, Ernie",676391,2026,30,176,2,8,2.8,".278",".370",".318",".290",".303","67.3",3,11.8,62,30,"17.9",31.8,1.3,8.3,27.4,"96.172888182","92.124403961",70.2,6,44.5,28.7,71.3,51.1,86.7,94,48.9,15,57.1,42,36.3,24.8,26.8,12.1
"McCann, James",543510,2026,36,58,0,29.3,1.7,".170",".266",".210",".196",".271","72.7",32,11.1,46.4,36.3,"7.7",22.5,5,5,42.5,"99.981062632","94.596491579",59.6,16.9,47,48.1,51.9,51.3,66.7,83.1,48.7,31.1,53.1,12.5,62.5,20,15,2.5
"Gorman, Nolan",669357,2026,26,156,5,28.8,10.3,".231",".410",".297",".311",".396","72.6",25.8,18.1,47.3,32.2,"20.5",42.1,9.5,8.4,45.3,"100.995514167","94.715468737",69.9,23.1,30.3,61.2,38.8,52.4,80.4,76.9,47.6,35.4,49.2,47.4,29.5,32.6,30.5,7.4
"Duran, Ezequiel",677649,2026,27,116,3,21.6,10.3,".257",".376",".372",".322",".367","73.2",33.9,7,43.9,27.5,"13.8",30.4,6.4,7.6,44.3,"101.332486579","95.008565",61.9,16,34,53.6,46.4,55,68.6,84,45,31.1,46.5,31.6,48.1,21.5,22.8,7.6
"Barrosa, Jorge",678489,2026,25,88,1,29.5,8,".164",".257",".285",".229",".270","69.3",3.7,13.3,56.3,26.8,"11.9",38.9,7.4,5.6,20.4,"94.36486125","91.250141915",59,16.2,29.7,41.7,58.3,53.2,59.3,83.8,46.8,25.5,43.4,42.6,48.1,24.1,24.1,3.7
"Greene, Riley",682985,2026,25,179,4,26.8,14,".276",".492",".404",".379",".475","75.3",54.4,14.5,45.3,44,"14.4",39.6,13.2,6.6,49.1,"102.704794717","95.786998962",64.1,18.7,25.3,51,49,53,85,81.3,47,28.6,43.5,36.8,42.5,26.4,24.5,6.6
"Higashioka, Kyle",543309,2026,36,70,1,31.4,8.6,".213",".319",".250",".270",".348","71.2",14.3,12.4,52.7,33.2,"14.6",35.7,9.5,0,40.5,"99.38924619","94.271889268",57.3,20,33.8,48.1,51.9,54,64.3,80,46,31.5,44.6,33.3,38.1,28.6,28.6,4.8
"Schneider, Davis",676914,2026,27,73,1,32.9,21.9,".164",".279",".285",".302",".326","71.1",16,18,46.3,34.1,"21.6",27.3,12.1,3,45.5,"100.125242941","95.050500606",55,19.5,18.8,50,50,54.8,68,80.5,45.2,28.4,35.2,45.5,39.4,33.3,18.2,9.1
"DeLauter, Chase",800050,2026,24,165,6,9.7,12.1,".299",".459",".386",".377",".373","71.6",19.8,4,44.1,28.7,"14.1",38,7.1,6.2,41.4,"100.618473906","94.433098898",63.8,9.3,18.9,32.8,67.2,51.4,78.6,90.7,48.6,14.8,40.7,40.3,35.7,20.9,31,12.4
"Loperfido, Joey",694388,2026,27,66,0,28.8,9.1,".232",".302",".323",".279",".336","72.4",21.1,15.8,36.8,38.4,"7.6",35,5,2.5,40,"98.904521","93.788601",66.7,28.4,31.2,51.2,48.8,51.1,76.5,71.6,48.9,35.9,48.5,32.5,65,15,17.5,2.5
"Carroll, Corbin",682998,2026,25,167,5,23.4,14.4,".245",".452",".384",".355",".405","74.9",52.9,11.8,66,27.2,"12.6",32.4,11.8,2,44.1,"100.53606902","94.386658333",60.9,22,31,43.8,56.2,57.9,69.7,78,42.1,31,43.6,44.1,42.2,28.4,21.6,7.8
"Bleday, JJ",668709,2026,28,61,4,14.8,21.3,".348",".676",".462",".486",".531","74.9",49.5,10.8,49.5,32.3,"20.2",53.8,15.4,17.9,56.4,"102.964466","96.733747436",67.8,18.8,21.6,44.8,55.2,53.2,76.5,81.3,46.8,25.7,43.3,51.3,23.1,41,30.8,5.1
"Muncy, Max",691777,2026,23,104,2,35.6,5.8,".224",".391",".315",".303",".427","74.6",54.3,11.2,56.5,31.1,"10.5",35.1,12.3,10.5,56.1,"103.570102069","96.772631228",66.3,19.8,37.4,60,40,53,72.4,80.2,47,35.4,51,47.4,49.1,26.3,19.3,5.3
"Vierling, Matt",663837,2026,29,113,2,15.9,9.7,".266",".394",".279",".322",".341","70.7",6.7,9,59.6,31.8,"13.7",36.9,4.8,7.1,36.9,"98.616391667","93.465714096",60.3,9.8,28.6,27.3,72.7,51.3,78.9,90.2,48.7,15.7,44,38.1,41.7,27.4,22.6,8.3
"Goldschmidt, Paul",502671,2026,38,70,4,21.4,11.4,".299",".592",".397",".419",".499","72.4",21.7,11.4,50.4,33.4,"15.2",41.3,19.6,6.5,56.5,"102.253064348","96.558705652",68.1,14.1,30.6,29.3,70.7,49.8,88.2,85.9,50.2,18.8,49.4,34.8,37,23.9,32.6,6.5
"Scott II, Victor",687363,2026,25,118,1,28,6.8,".202",".272",".221",".246",".305","69.4",4.6,9.9,48,31.7,"5.5",27.6,1.4,5.3,26.3,"96.793430313","92.47962",68.7,18.1,23.9,73.5,26.5,48.6,82.8,81.9,51.4,31.8,46.9,32.9,60.5,15.8,19.7,3.9
"Chisholm Jr., Jazz",665862,2026,28,171,4,29.2,9.4,".191",".315",".277",".265",".321","73.1",27.7,15.2,61.5,31.6,"18.2",26.9,5.8,5.8,35.6,"99.180772","93.7329715",60.4,25,28.1,44.4,55.6,51.5,86.4,75,48.5,31.4,43.8,51.9,41.3,31.7,17.3,9.6
"Rivas, Leo",660844,2026,28,115,0,30.4,12.2,".150",".214",".224",".238",".243","65.5",0,16,52.6,36.3,"20.3",30.2,1.6,3.2,12.7,"93.278934839","90.695740164",54.9,16.4,18.5,46.8,53.2,49.9,82.9,83.6,50.1,24.1,36.7,41.3,38.1,31.7,19,11.1
"Johnston, Troy",687859,2026,29,140,2,21.4,7.9,".277",".396",".379",".329",".381","69.8",5.5,10.8,44.2,34.7,"11",45.4,2.1,7.2,40.2,"98.809017447","93.628979468",61.6,14.1,38.1,39.8,60.2,51.5,73,85.9,48.5,24.3,49.5,32,42.3,21.6,34,2.1
"Kelly, Carson",608348,2026,31,117,2,16.2,12,".254",".394",".347",".332",".341","71.2",11.6,10.6,49.1,33.3,"13.3",27.7,8.4,2.4,43.4,"100.089209762","94.465678675",64.7,10,27.6,47.8,52.2,54.7,75.9,90,45.3,22.8,44.4,36.1,48.2,22.9,20.5,8.4
"Garver, Mitch",641598,2026,35,61,0,29.5,21.3,".169",".287",".275",".304",".312","73.2",21.6,14.7,67.6,28.5,"12.1",16.7,6.7,10,53.3,"101.808037333","95.560045333",62.6,23.4,23.7,61.1,38.9,55.3,66.7,76.6,44.7,35.4,41.1,50,43.3,33.3,16.7,6.7
"Bogaerts, Xander",593428,2026,33,166,7,16.9,10.2,".271",".426",".341",".341",".368","71.3",22.7,11.1,53.4,32.4,"8.5",32.2,7.4,3.3,36.4,"99.40311541","93.878981405",63.3,13.8,26.4,38.4,61.6,51.4,85.1,86.2,48.6,21.4,44.3,48.8,49.6,24,21.5,5
"McLain, Matt",680574,2026,26,175,3,22.9,12,".229",".361",".290",".313",".344","71.6",12,10.3,59.6,30.9,"21",34.8,7.2,3.6,31.3,"97.603347273","92.894811545",62.4,16.5,22.4,44.3,55.7,51.6,66,83.5,48.4,24.2,41.8,33,35.7,33.9,18.8,11.6
"Varsho, Daulton",662139,2026,29,159,5,18.9,8.2,".254",".373",".320",".306",".340","73.1",29.6,8.7,55.4,27.5,"14.9",36,6.1,3.5,38.6,"98.714524912","93.418382035",77.3,15.2,35.1,33.3,66.7,51.6,80.5,84.8,48.4,21.1,55.5,36,37.7,22.8,30.7,8.8
"Jones, Jahmai",663330,2026,28,53,2,35.8,5.7,".259",".496",".252",".341",".515","72.5",27.5,12.8,53.8,30.7,"15.1",35.5,16.1,12.9,51.6,"102.951458125","96.548310968",75,15.9,32,58.1,41.9,51.3,76.5,84.1,48.7,29,52.9,45.2,38.7,29,25.8,6.5
"Báez, Javier",595879,2026,33,82,2,19.5,2.4,".272",".361",".298",".294",".350","72.5",22.7,8.3,56,28.8,"10.2",46,3.2,3.2,28.6,"96.147375484","92.125130323",72.8,14.5,50.9,40.5,59.5,59.1,73.3,85.5,40.9,27.5,59.9,41.3,44.4,19,27,9.5
"Benge, Carson",701807,2026,23,137,3,21.9,8,".254",".390",".287",".310",".361","71.4",19.1,2.3,38.2,32.6,"9.5",39.6,5.2,8.3,42.7,"100.817489792","94.838101354",66.7,14.8,27.1,35.9,64.1,51.3,78.3,85.2,48.7,21.2,46.3,27.1,44.8,19.8,31.3,4.2
"Lowe, Brandon",664040,2026,31,166,10,21.1,13.9,".261",".490",".394",".373",".420","73",37.2,15,49.3,33.7,"15.8",36.4,12.1,8.4,41.1,"100.659054259","94.483448411",67.4,19.2,30.7,60.5,39.5,55,72.7,80.8,45,34,47.2,43,35.5,29,23.4,12.1
"Dubón, Mauricio",643289,2026,31,165,3,17,6.7,".262",".391",".328",".314",".343","69.4",3.3,4.8,37.9,31.2,"16.4",38.7,5.6,6.5,31.5,"97.437305484","92.719356452",66.8,11.5,35.3,32.2,67.8,53.3,83.3,88.5,46.7,19.3,50,32.3,36.3,25.8,29,8.9
"Sánchez, Jesús",660821,2026,28,139,5,19.4,4.3,".279",".443",".314",".328",".384","73.1",43,7.2,48.3,29.3,"11.8",31.1,6.8,9.7,44.7,"101.055579615","94.905359612",71.7,18.9,39.8,34.6,65.4,52.4,91.7,81.1,47.6,24.8,55,31.1,44.7,24.3,24.3,6.8
"Pages, Andy",681624,2026,25,172,9,20.3,6.4,".291",".470",".390",".355",".419","73",27.9,6.4,43.6,41,"13.8",34.7,7.3,11.3,51.6,"101.99497629","95.560456935",68.6,13.4,35.9,40.9,59.1,53.1,70.7,86.6,46.9,23.6,51.2,35.5,41.1,24.2,26.6,8.1
"Marchán, Rafael",665561,2026,27,57,1,21.1,1.8,".145",".204",".122",".180",".192","66.2",0,13.2,55.4,34.9,"24.5",26.2,2.4,2.4,23.8,"95.11184619","91.59021119",61.9,6.8,31.6,38.7,61.3,45.4,73.7,93.2,54.6,16.3,48.1,45.2,35.7,31,16.7,16.7
"Bregman, Alex",608324,2026,32,191,4,16.8,11.5,".256",".399",".313",".326",".344","69.9",4.3,14.9,65.6,27.9,"14.4",30.1,5.9,7.4,44.9,"99.53989","94.137152963",55.6,12.8,19,34.3,65.7,48.4,63.3,87.2,51.6,18.1,37.9,50.7,44.1,19.9,23.5,12.5
"Call, Alex",669743,2026,31,52,0,11.5,17.3,".235",".283",".373",".313",".256","68.1",6,10.2,53,30.6,"15.8",22.2,0,0,22.2,"93.843135556","91.023796944",60,5.6,18.5,21.7,78.3,50.8,78.3,94.4,49.2,9.5,38.9,44.4,44.4,22.2,16.7,16.7
"Rumfield, TJ",681198,2026,26,171,6,16.4,7.6,".272",".455",".350",".343",".375","69.1",10.2,9.8,48.5,36,"11.9",39.8,8.7,8.6,39.1,"98.931089531","93.529700394",74.8,7.6,31.1,42.5,57.5,53.4,86,92.4,46.6,18.8,51.5,47.7,44.5,24.2,26.6,4.7
"Yastrzemski, Mike",573262,2026,35,128,1,24.2,6.3,".233",".324",".268",".277",".326","70.6",3.9,9.9,62.6,30.6,"14.7",28.7,4.6,8,37.9,"99.084538605","94.037369302",58.6,15.3,29.7,41.1,58.9,47.9,53.7,84.7,52.1,23.5,44.7,47.1,46,24.1,21.8,8
"Rooker, Brent",667670,2026,31,111,5,31.5,11.7,".207",".392",".282",".305",".399","74.2",40.4,14.3,44.1,37.8,"21",36.5,14.3,9.5,42.9,"101.27686375","94.760596984",70,27.8,28.7,65,35,53.7,78.3,72.2,46.3,39.8,47.8,44.4,34.9,36.5,22.2,6.3
"Mullins, Cedric",656775,2026,31,141,2,18.4,4.3,".163",".260",".200",".214",".224","70.5",9.1,12.6,61.2,30.2,"30.9",25.7,1.9,9.5,27.2,"96.444668163","92.301011443",73.2,16.2,30.7,29.8,69,51.2,73.3,83.8,48.8,20.4,51.7,45.7,27.6,31.4,20,21
"Young, Jacob",696285,2026,26,154,3,17.5,5.2,".260",".360",".271",".297",".330","69.7",4.1,10.2,59.2,30.2,"11.4",35.9,4.3,4.3,30.8,"97.305429474","92.789391239",60.6,14.5,24.9,41.5,58.5,46,58.5,85.5,54,21.5,44.2,35,40.2,23.9,28.2,7.7
"Keith, Colt",690993,2026,24,126,0,20.6,4.8,".280",".423",".328",".324",".386","71.7",16.9,10,50,31.5,"12.1",33.3,5.4,3.2,45.2,"100.881704348","95.082574891",58.6,12.2,23.1,47.2,52.8,49.1,73.7,87.8,50.9,21.9,41.2,40.9,45.2,21.5,24.7,8.6
"Griffin, Konnor",804606,2026,20,148,3,27.7,7.4,".245",".422",".313",".321",".408","75.4",55.6,9.2,44.9,31.9,"7.1",36.2,9.7,5.3,34,"100.160269348","94.119934565",63.8,18.7,37.2,59.3,40.7,53.9,76.2,81.3,46.1,35.1,49.5,37.2,50,20.2,26.6,3.2
"Acuña, Luisangel",682668,2026,24,89,0,15.7,6.7,".240",".304",".204",".271",".282","72",27.4,8.9,71.9,25.4,"2.2",14.7,2.9,1.5,36.8,"98.816472647","93.568019851",71.4,11.6,34,46.2,53.8,59,77.8,88.4,41,25.6,49.4,30.9,63.2,19.1,13.2,4.4
"Wilson, Jacob",805779,2026,24,168,3,11.9,3,".267",".339",".314",".275",".299","63.9",0.4,4.5,39.6,34.7,"7.3",32.2,2.1,2.8,30.1,"96.230541857","92.122782714",72.1,9.4,43.2,25.8,74.2,50.6,78.8,90.6,49.4,15.6,57.5,32.2,51,21,24.5,3.5
"Loftin, Nick",679845,2026,27,56,0,8.9,14.3,".264",".369",".348",".343",".305","68.7",2.8,7.3,57.7,29.7,"14.4",33.3,4.8,7.1,35.7,"97.655275238","92.916219762",57.9,9.7,16.4,5.3,94.7,52,78.9,90.3,48,8.6,36.3,38.1,42.9,23.8,26.2,7.1
"Baldwin, Drake",686948,2026,25,196,11,20.9,10.2,".294",".552",".395",".398",".469","75.1",53.1,12.6,48.4,34.1,"11.4",40.2,15.9,10.6,51.5,"103.264610909","96.43103947",68.8,16.3,34.6,36.2,63.8,53.8,84.3,83.8,46.2,23.6,50.4,33.3,47,23.5,24.2,5.3
"Anthony, Roman",701350,2026,22,130,1,25.4,15.4,".262",".410",".314",".353",".414","75.6",54,11.6,46.6,33.8,"8.3",40.8,9.3,5.3,47.4,"102.118792368","95.842276267",53.4,15.4,21.6,58.3,41.7,50.9,45.5,84.6,49.1,28.1,37.2,38.2,48.7,22.4,27.6,1.3
"Lee, Hao-Yu ",701678,2026,23,51,1,31.4,5.9,".214",".439",".271",".300",".413","70.3",12.7,5.9,45.6,23.7,"24.3",40.6,15.6,12.5,40.6,"99.6138075","94.421647813",72,22.4,25.8,66.7,33.3,50,91.7,77.6,50,34.1,48.9,25,18.8,53.1,21.9,6.3
"Perdomo, Geraldo",672695,2026,26,162,2,13.6,15.4,".245",".335",".316",".327",".306","65.9",0,7.5,53.7,36.7,"11.7",34.8,3.5,4.3,32.2,"96.900059455","92.572661009",55.1,7.4,22.4,21.8,78.2,50.5,61.5,92.6,49.5,11.7,38.6,43.5,48.7,20.9,26.1,4.3
"Martínez, Angel",682657,2026,24,143,7,21.7,3.5,".261",".421",".338",".314",".379","71.2",22.4,9.6,47.3,33.2,"14.5",36.5,9.6,3.8,37.9,"100.5251682","94.3634972",64.8,8.2,41.6,31,69,53.4,68.8,91.8,46.6,17.9,52.5,48.1,42.3,26,25,6.7
"Devers, Rafael",646240,2026,29,176,5,30.7,6.8,".213",".362",".302",".270",".363","71.5",17.9,9.3,59.7,30.9,"12.5",30,8.3,10.9,46.4,"101.427507455","95.164263761",71.2,30.4,32.5,33.3,66.7,49,77.6,69.6,51,31.3,52.2,29.1,44.5,30,19.1,6.4
"Ramírez, Agustín",682663,2026,24,129,2,21.7,10.1,".225",".312",".300",".283",".305","75.9",60.6,8.5,51.2,24.3,"6.3",26.7,4.7,8.1,40.7,"101.906475116","95.046452907",71.1,21.5,26.6,55.2,44.8,51,86.8,78.5,49,31,48.4,39.5,52.3,15.1,22.1,10.5
"Abrams, CJ",682928,2026,25,179,9,19.6,10.6,".273",".489",".404",".374",".419","72.1",22.5,13.2,59.2,29.6,"15.2",34.5,11.9,7.6,41.2,"100.606801525","94.555794576",65.9,20.7,34.5,43.4,56.6,54.8,75,79.3,45.2,29.5,48.7,40.3,40.3,30.3,21,8.4
"Vivas, Jorbit",678391,2026,25,90,0,13.3,6.7,".238",".278",".289",".280",".264","69.2",2,4.6,38.5,32.8,"9.4",27.9,1.5,0,22.1,"94.093377576","91.422635455",80.1,5.1,29.6,38,62,53.7,89.7,94.9,46.3,15,53,38.2,54.4,11.8,26.5,7.4
"Diaz, Yainer",673237,2026,27,106,2,15.1,2.8,".238",".323",".264",".257",".289","72.3",15.9,7.2,54.5,29.2,"5.9",23,3.4,3.4,28.7,"98.070181818","93.218702874",76.1,11,42.9,41.8,58.2,54.3,88,89,45.7,23.4,58.1,28.7,57.5,18.4,19.5,4.6
"Stanton, Giancarlo",519317,2026,36,96,3,30.2,6.3,".245",".466",".321",".326",".444","79.3",92.9,11.6,72.3,27.2,"21.5",37.7,18,4.9,44.3,"104.792676774","97.001259672",62.5,26.4,30.3,60.3,39.7,54.2,61.5,73.6,45.8,38.7,45.1,39.3,29.5,27.9,29.5,13.1
"Arraez, Luis",650333,2026,29,173,0,4,5.8,".295",".366",".321",".305",".298","62.6",0,8,53.9,37,"14",36.5,0,4.5,19.2,"93.753869737","90.925927829",67.8,6.4,33,12.4,87.6,46,72.6,93.6,54,8.2,51.8,30.1,44.2,25,25.6,5.1
"Larnach, Trevor",663616,2026,29,118,1,17.8,16.9,".227",".340",".357",".323",".311","71.3",13.9,8,42.4,32.3,"10.3",32.9,6.6,3.9,31.6,"97.503645526","92.758284342",50.5,15.6,28,47.2,52.8,54.3,56.3,84.4,45.7,28.2,38.3,36.8,44.7,19.7,27.6,7.9
"Sosa, Edmundo",624641,2026,30,67,1,17.9,3,".323",".440",".285",".340",".404","72",24.6,10.8,55.4,34.7,"7",32.1,3.8,5.7,37.7,"99.751672593","94.032406038",72.5,13.5,54.7,29.3,70.7,57.3,70.6,86.5,42.7,21.5,62.3,39.6,52.8,5.7,28.3,13.2
"Jansen, Danny",643376,2026,31,99,2,28.3,8.1,".165",".268",".284",".243",".271","70.4",8.2,15.7,55.7,30.2,"21.4",23.3,5,3.3,35,"97.822053667","93.043123898",65.4,16.4,22.4,53.3,46.7,49.5,52.9,83.6,50.5,25.7,44.1,56.7,43.3,21.7,15,20
"Chapman, Matt",656305,2026,33,176,1,23.9,9.1,".203",".284",".285",".262",".288","75.6",57.9,2.6,37.9,25.9,"8.1",20.7,5.3,2.6,31,"99.00713","93.533755351",60.5,17.1,25.9,44,56,50.2,72.9,82.9,49.8,25.2,43.1,43.1,51.7,17.2,19,12.1
"Swanson, Dansby",621020,2026,32,166,6,20.5,13.9,".225",".408",".303",".331",".351","71.2",8.6,15.5,61.3,34.5,"12.7",30.6,9.3,8.3,45.4,"99.979290189","94.403907264",69.6,18.8,23.8,50,50,55.3,83.3,81.2,44.7,28.1,44.3,49.1,44.4,33.3,18.5,3.7
"Caissie, Owen",683357,2026,23,118,3,40.7,6.8,".206",".370",".270",".287",".446","74.4",47.8,10.9,34.8,36,"14.6",46.7,11.7,13.3,43.3,"102.513669","95.815260678",65,20.4,30,61.3,38.8,53.3,69.7,79.6,46.7,34.5,46.3,23.3,40,26.7,30,3.3
"Gurriel Jr., Lourdes",666971,2026,32,74,0,17.6,9.5,".234",".332",".240",".287",".302","70.5",8.1,9.4,45.9,37.3,"9.4",29.6,5.6,5.6,31.5,"97.805298889","92.967040926",68.1,12.7,38.5,48.3,51.7,57.4,70.6,87.3,42.6,28.1,51.1,38.9,46.3,22.2,22.2,9.3
"Frazier, Adam",624428,2026,34,71,1,28.2,8.5,".179",".248",".323",".238",".273","65.4",3.1,13.8,45.7,40.2,"13.6",29.5,2.3,6.8,15.9,"93.537320476","90.853466829",73.9,13.3,36.2,46.8,53.2,47.8,94.4,86.7,52.2,23.7,55.9,45.5,54.5,22.7,20.5,2.3
"Marsee, Jakob",805300,2026,25,185,2,24.9,13,".193",".286",".274",".282",".292","70.8",7.4,6.4,51.6,29.2,"21.2",27,3.6,4.5,39.6,"98.935691296","93.607401776",55.4,8,22.8,44,56,52.4,77.8,92,47.6,19.2,38.3,43.2,32.4,27,25.2,15.3
"Monasterio, Andruw",655316,2026,29,63,1,19,7.9,".284",".418",".305",".334",".381","68.7",3.6,13,55.5,33.5,"18.8",45.7,6.5,6.5,45.7,"99.253132273","94.004791136",63.9,10.9,25.4,34.4,65.6,46.7,66.7,89.1,53.3,16.9,45.9,39.1,39.1,28.3,23.9,8.7
"Walls, Taylor",670764,2026,29,111,0,23.4,11.7,".179",".225",".273",".245",".244","67.3",3.2,12,51.3,33.9,"19.1",26.8,0,2.8,15.5,"93.26061875","90.664867031",63.6,11.8,25.6,38.6,61.4,51,73.5,88.2,49,20,44.3,31,42.3,29.6,18.3,9.9
"Refsnyder, Rob",608701,2026,35,61,2,26.2,9.8,".172",".312",".212",".271",".315","72",20.7,12.3,62.1,34.3,"22.5",28.2,7.7,5.1,35.9,"98.4467705","93.399100513",65.5,13.5,21.2,56,44,51.1,71.4,86.5,48.9,24.2,42.9,43.6,30.8,30.8,20.5,17.9
"Suárez, Eugenio",553993,2026,34,100,3,30,9,".201",".333",".300",".273",".347","70.9",10.8,16.6,46.5,38.2,"19.5",37.7,8.6,0,19.7,"96.595455172","92.371943793",63.5,23.3,28,51.7,48.3,52.3,76.2,76.7,47.7,32.6,44.9,49.2,37.7,24.6,26.2,11.5
"Norby, Connor",681393,2026,26,145,3,31,10.3,".196",".332",".324",".291",".350","70.1",5.8,17.3,35.1,40,"15.9",31.3,8.8,5,36.3,"97.593191","93.038933875",70.6,24.7,26.6,52.5,47.5,52.8,87.5,75.3,47.2,33,47.4,36.3,42.5,30,18.8,8.8
"France, Ty",664034,2026,31,73,4,17.8,2.7,".281",".539",".347",".363",".429","71.6",18.1,10.4,38.8,35.7,"8.8",35.1,14.3,1.8,49.1,"102.452126786","95.807679821",76.1,22.5,35.9,45.2,54.8,46.6,81,77.5,53.4,29.2,57.4,42.1,50.9,22.8,22.8,3.5
"Acuña Jr., Ronald",660670,2026,28,152,2,20.4,13.2,".267",".485",".335",".380",".427","75.5",57.5,10.9,57.5,38,"15.5",33.7,12.2,9.2,40.8,"101.392467143","94.926903367",72.9,22.6,25.3,40.2,59.8,57.4,85,77.4,42.6,28.2,45.6,41.8,41.8,26.5,23.5,8.2
"Lowe, Nathaniel",663993,2026,30,97,6,25.8,11.3,".271",".497",".368",".370",".467","74",38.3,7.9,56.2,30.3,"14.4",47.5,14,8.2,44.3,"101.563443103","95.174106667",65.1,22.4,26.6,31,69,53.2,63.3,77.6,46.8,25.1,44.6,45.9,39.3,26.2,31.1,3.3
"Isbel, Kyle",664728,2026,29,114,3,21.9,5.3,".245",".356",".326",".296",".343","71.7",16,2.4,39.9,25.5,"12.8",33.8,5,2.5,30,"97.448985135","92.79556863",62.7,8.3,34.5,38.2,61.8,53.3,75,91.7,46.7,19.8,47.7,27.5,43.8,18.8,27.5,10
"Freeman, Freddie",518692,2026,36,177,4,12.4,9.6,".294",".531",".349",".385",".406","70.5",10,8,44.2,42.5,"10.5",37.2,11.7,9.5,47.4,"101.382183478","95.134327299",76.3,15.3,30,32.1,67.9,52.7,86.7,84.7,47.3,20.4,51.9,31.4,42.3,29.2,25.5,2.9
"Vázquez, Christian",543877,2026,35,84,3,17.9,7.1,".207",".280",".333",".246",".261","65.6",1.5,9.2,62.1,27.5,"12.1",30.2,3.2,1.6,28.6,"96.350565484","92.285157705",59,12,33.9,32.8,67.2,53.6,60,88,46.4,20.3,45.5,41.3,50.8,23.8,22.2,3.2
"Taveras, Leody",665750,2026,27,119,2,21,13.4,".248",".382",".332",".330",".359","72.2",20.6,8.1,43.1,32.4,"16.8",37.2,5.1,6.4,32.1,"98.25651","93.128255",66.7,18.8,29.9,36,64,54.8,75,81.2,45.2,24.9,46.5,32.1,37.2,26.9,26.9,9
"Narváez, Carlos",665966,2026,27,89,2,27,5.6,".228",".362",".271",".289",".359","71.6",18.1,9.2,47.4,28.8,"13.8",36.2,8.6,3.4,39.7,"99.515021429","94.387663214",70,15.8,36.7,49.2,50.8,46.6,84.6,84.2,53.4,26.3,54.5,25.9,41.4,31,22.4,5.2
"Naylor, Josh",647304,2026,29,178,5,15.7,7.9,".278",".429",".302",".334",".364","70.2",7.2,11,54.3,29.1,"14.8",32.6,6.7,5.9,41.5,"99.30657597","93.81680194",76.1,14.9,36.6,34.2,65.8,54.8,81.1,85.1,45.2,22,54.5,48.9,41.5,21.5,23.7,13.3
"Rutschman, Adley",668939,2026,28,112,6,14.3,6.3,".271",".459",".386",".345",".374","71",11.4,8,45.2,33.9,"16.8",40.9,9.1,6.8,44.3,"99.620458864","94.022052386",58,8.4,27.5,23,77,49.6,62.9,91.6,50.4,13,42.9,38.6,35.2,29.5,29.5,5.7
"Simpson, Chandler",802415,2026,25,173,0,9.8,4.6,".257",".294",".308",".262",".268","65",0.9,2.8,35.5,28.6,"1.9",30.4,0,0,15,"93.011947","90.54552",63.1,6.6,32.3,17.6,82.4,49.6,76.9,93.4,50.4,10.3,47.6,24.3,60.1,12.2,23.6,4.1
"Turang, Brice",668930,2026,26,171,6,19.9,17,".291",".527",".405",".406",".458","70.7",10.1,8.8,53.7,36.8,"7.9",39.8,10.3,10.2,47.2,"101.811777547","95.80606019",62.1,14.4,21.4,25.6,74.4,51.3,73.6,85.6,48.7,17.3,41.2,27.8,47.2,23.1,27.8,1.9
"Montgomery, Colson",695657,2026,24,175,11,29.1,9.1,".218",".451",".362",".334",".424","76.3",65.4,12.6,53,33.8,"21.2",38.6,14.9,6.9,42.6,"101.748020588","95.126641089",73.3,24.3,28,61.9,38.1,53.3,75.9,75.7,46.7,35.7,49.2,52.5,33.7,34.7,20.8,10.9
"Durbin, Caleb",702332,2026,26,147,1,15.6,7.5,".215",".278",".229",".262",".259","68.3",1.5,8.8,65,27.7,"7.2",22.7,0.9,4.5,30.9,"96.702774815","92.383378426",58.4,10.6,26.2,29,71,49,65.9,89.4,51,16.2,42.6,40.9,59.1,15.5,17.3,8.2
"Lockridge, Brandon",663604,2026,29,96,0,26,10.4,".234",".284",".327",".277",".322","72.9",36.3,4.5,46.5,29.5,"1.2",19.7,1.7,4.9,32.8,"98.890063214","93.586164909",58,21,29.8,40.3,59.7,50.4,71.4,79,49.6,27.6,43.8,27.9,70.5,11.5,14.8,3.3
"Peters, Tristan",671976,2026,26,107,0,24.3,6.5,".233",".324",".301",".276",".328","69.5",4.6,13.5,62.1,30.3,"18.9",31.5,4.1,5.5,23.3,"97.349033226","92.770462581",75.6,23,35,32.9,67.1,49.9,93.3,77,50.1,26.1,55.4,47.9,43.8,21.9,26,8.2
"Lee, Brooks",686797,2026,25,154,5,18.2,7.1,".221",".323",".325",".271",".291","69.7",8.6,10.6,53.4,30.6,"11.4",32.5,4.4,5.3,29.8,"96.852665357","92.508857658",70.4,10.8,34.6,38.4,61.6,53.9,73,89.2,46.1,20.8,51.1,36,43.9,24.6,23.7,7.9
"Suzuki, Seiya",673548,2026,31,127,7,24.4,14.2,".264",".474",".384",".365",".436","73",32.4,9.8,53,31.5,"19.1",40.8,9.2,6.6,42.1,"101.021373947","94.682360921",59,15.6,22.8,54.8,45.2,52.2,59.5,84.4,47.8,27.3,40.1,35.5,31.6,31.6,26.3,10.5
"Freeland, Alex",690976,2026,24,112,2,28.6,9.8,".223",".356",".294",".292",".364","70.6",6,10.1,52,30,"7.1",36.2,8.7,4.3,36.2,"99.36612697","93.716903485",58.1,21.4,22.5,49,51,51.1,80.6,78.6,48.9,29.4,39.9,34.8,55.1,23.2,18.8,2.9