Rank,Name,FirstName,LastName,MLBAMID,PlayerSlug,Position,PrimaryPosition,Org,OrgID,CurrentTeam,CurrentTeamID,Level,ETA,Age,BirthDate,BirthCity,BirthCountry,Height,Weight,Bats,Throws,DraftYear,BioExcerpt,Source,SourceURL,ArticleURL,FetchedAtUTC
1,Jesús Made,Jesús,Made,815908,jesus-made-815908,SS,SS,Milwaukee Brewers,158,Biloxi Shuckers,5015,AA,2026,19,2007-05-08,San Cristobal,Dominican Republic,"6' 1""",221,S,R,,"Video scouting report » Scouting grades: Hit: 50 | Power: 55 | Run: 50 | Arm: 50 | Field: 55 | Overall: 55 Made is yet another intriguing shortstop prospect in this year’s class and has a chance to make an immediate impact on the organization that signs him. The switch-hitting infielder has above-average power potential from both sides of the plate and has a good feel for the strike zone. In the batter’s box, he has a slightly upward swinging motion and uses it to hit the ball hard into the gaps",MLB Pipeline Top 100,https://www.mlb.com/milb/prospects/2026/top100/,https://www.mlb.com/news/updated-top-100-prospects-list-may-2026,2026-05-14T18:11:54+00:00
2,Leo De Vries,Leo,De Vries,815888,leo-de-vries-815888,SS,SS,Athletics,133,Midland RockHounds,237,AA,2026,19,2006-10-11,Azua,Dominican Republic,"6' 0""",183,S,R,,"Video scouting report » Scouting grades: Hit: 55 | Power: 55 | Run: 55 | Arm: 55 | Field: 50 | Overall: 55 Bani, Dominican Republic has already produced one top-tier big league switch-hitting infielder in José Ramírez, and De Vries is looking to become the next. The teen models his game after Ramírez, a five-time MLB All-Star. Also a point guard on the basketball court, De Vries comes from a highly skilled athletic family, with his father having played for the Dominican national team. Boasting a",MLB Pipeline Top 100,https://www.mlb.com/milb/prospects/2026/top100/,https://www.mlb.com/news/updated-top-100-prospects-list-may-2026,2026-05-14T18:11:54+00:00
3,Seth Hernandez,Seth,Hernandez,815825,seth-hernandez-815825,RHP,P,Pittsburgh Pirates,134,Greensboro Grasshoppers,477,A+,2028,19,2006-06-28,Pomona,USA,"6' 4""",190,R,R,2025,"Video scouting report » Scouting grades: Fastball: 70 | Curveball: 60 | Slider: 55 | Changeup: 60 | Control: 55 | Overall: 60 On the radar for quite some time, Hernandez started making it clear as a junior, when he won National High School Invitational MVP honors after tossing a complete-game shutout to help his Corona High School team win the tournament, that he'd be the top high school arm in the Class of 2025. He cemented it by showing elite stuff at summer showcase events like USA Baseball's",MLB Pipeline Top 100,https://www.mlb.com/milb/prospects/2026/top100/,https://www.mlb.com/news/updated-top-100-prospects-list-may-2026,2026-05-14T18:11:54+00:00
4,Eli Willits,Eli,Willits,816113,eli-willits-816113,SS,SS,Washington Nationals,120,Fredericksburg Nationals,436,A,2028,18,2007-12-09,Lawton,USA,"6' 1""",180,S,R,2025,"Video scouting report » Scouting grades: Hit: 60 | Power: 45 | Run: 60 | Arm: 55 | Field: 55 | Overall: 60 Willits comes from a baseball family, with father Reggie playing in the big leagues before coaching with the Yankees and returning to his alma mater as the associate head coach at Oklahoma -- where Eli's brother, Jaxon, is starring as a sophomore. Willits also is committed to the Sooners but is unlikely to get to Norman because he's a slam-dunk early first-rounder after reclassifying from t",MLB Pipeline Top 100,https://www.mlb.com/milb/prospects/2026/top100/,https://www.mlb.com/news/updated-top-100-prospects-list-may-2026,2026-05-14T18:11:54+00:00
5,Trey Yesavage,Trey,Yesavage,702056,trey-yesavage-702056,RHP,P,Toronto Blue Jays,141,Toronto Blue Jays,141,MLB,2026,22,2003-07-28,Pottstown,USA,"6' 4""",225,R,R,2024,"Video scouting report » Scouting grades: Fastball: 60 | Curveball: 50 | Slider: 60 | Splitter: 60 | Control: 50 | Overall: 55 East Carolina will have a pitcher selected in the top two rounds for the third time in four Drafts, with Yesavage following in the footsteps of 2021 first-rounder Gavin Williams and 2022 second-rounder Carson Whisenhunt. A reliever as a freshman, he moved into the Pirates' rotation last spring and was a consensus second-team All-American. He dominated as a junior, finishi",MLB Pipeline Top 100,https://www.mlb.com/milb/prospects/2026/top100/,https://www.mlb.com/news/updated-top-100-prospects-list-may-2026,2026-05-14T18:11:54+00:00
6,Colt Emerson,Colt,Emerson,806068,colt-emerson-806068,SS,SS,Seattle Mariners,136,Tacoma Rainiers,529,AAA,2026,20,2005-07-20,Zanesville,USA,"6' 0""",195,L,R,2023,"Video scouting report » Scouting grades: Hit: 60 | Power: 50 | Run: 50 | Arm: 55 | Field: 50 | Overall: 50 Ohio hasn't had a high school position player drafted in the top three rounds since Derek Dietrich in 2007, though Emerson should end that drought as a potential first-rounder in July. He played well throughout the showcase circuit and hit .360 as the starting third baseman on the U.S. national team that won the 18-and-under World Cup in September. He was an all-state wide receiver as a jun",MLB Pipeline Top 100,https://www.mlb.com/milb/prospects/2026/top100/,https://www.mlb.com/news/updated-top-100-prospects-list-may-2026,2026-05-14T18:11:54+00:00
7,Kade Anderson,Kade,Anderson,807739,kade-anderson-807739,LHP,P,Seattle Mariners,136,Arkansas Travelers,574,AA,2027,21,2004-07-06,Slidell,USA,"6' 2""",179,L,L,2025,"Video scout ing report » Scouting grades: Fastball: 60 | Curveball: 55 | Slider: 55 | Changeup: 60 | Control: 55 | Overall: 60 Anderson had Tommy John surgery in April 2022 and missed his Louisiana high school senior season the following spring. Louisiana State eased him back into action last year as a midweek starter and weekend reliever before he became the best pitcher in college baseball and the possible No. 1 overall pick in 2025. He led the Tigers to the national championship, won Most Out",MLB Pipeline Top 100,https://www.mlb.com/milb/prospects/2026/top100/,https://www.mlb.com/news/updated-top-100-prospects-list-may-2026,2026-05-14T18:11:54+00:00
8,Max Clark,Max,Clark,703601,max-clark-703601,OF,OF,Detroit Tigers,116,Toledo Mud Hens,512,AAA,2026,21,2004-12-21,Franklin,USA,"5' 11""",205,L,L,2023,"Video scouting report » Scouting grades: Hit: 60 | Power: 50 | Run: 70 | Arm: 65 | Field: 60 | Overall: 60 Clark is the best prospect to come out of Indiana since Bryan Bullington went No. 1 overall in 2002 and the state's best prepster ever. Gatorade's National Baseball Player of the Year, he's a viable candidate for the Pirates with the top pick. Besides his physical ability, he has excellent makeup and a penchant for rising to the occasion, such as when he provided a clutch homer against Cana",MLB Pipeline Top 100,https://www.mlb.com/milb/prospects/2026/top100/,https://www.mlb.com/news/updated-top-100-prospects-list-may-2026,2026-05-14T18:11:54+00:00
9,Josue De Paula,Josue,De Paula,800543,josue-de-paula-800543,OF,CF,Los Angeles Dodgers,119,Tulsa Drillers,260,AA,2027,20,2005-05-24,Brooklyn,USA,"6' 3""",185,L,L,,"Scouting grades: Hit: 60 | Power: 55 | Run: 40 | Arm: 50 | Field: 45 | Overall: 50 Born in Brooklyn and a second cousin of former NBA guards Stephon Marbury and Sebastian Telfair, De Paula signed out of the Dominican Republic in January 2022 for $397,500. He was spectacular in his pro debut, batting .349/.448/.522 and finishing sixth in the Rookie-level Dominican Summer League batting race. Club officials rave about his hitting attributes, with one saying De Paula is their best international bat",MLB Pipeline Top 100,https://www.mlb.com/milb/prospects/2026/top100/,https://www.mlb.com/news/updated-top-100-prospects-list-may-2026,2026-05-14T18:11:54+00:00
10,Sebastian Walcott,Sebastian,Walcott,806964,sebastian-walcott-806964,SS/3B,SS,Texas Rangers,140,Frisco RoughRiders,540,AA,2027,20,2006-03-14,Nassau,Bahamas,"6' 4""",190,R,R,,"Scouting grades: Hit: 60 | Power: 50 | Run: 50 | Arm: 60 | Field: 55 | Overall: 55 The Bahamas has emerged as a hotbed for international talent in recent years, and Walcott is carrying on the tradition. In fact, some believe the long and lean shortstop could eventually rival Miami’s Jazz Chisholm as the best international prospect to come from the Bahamas because of his elite athleticism, physical projection and baseball IQ. At the plate, Walcott has a chance to hit for average with plus power p",MLB Pipeline Top 100,https://www.mlb.com/milb/prospects/2026/top100/,https://www.mlb.com/news/updated-top-100-prospects-list-may-2026,2026-05-14T18:11:54+00:00
11,Franklin Arias,Franklin,Arias,808265,franklin-arias-808265,SS,SS,Boston Red Sox,111,Portland Sea Dogs,546,AA,2027,20,2005-11-19,Caracas,Venezuela,"5' 11""",170,R,R,,"Scouting grades: Hit: 50 | Power: 45 | Run: 60 | Arm: 60 | Field: 60 | Overall: 50 The Red Sox gave the two highest bonuses in their 2023 international class to shortstops Yoeilin Cespedes ($1.4 million) and Franklin Arias ($525,000). Cespedes has the loftier offensive ceiling, but Arias is the superior defender and already ranks with the best infielders in the system. Arias, who signed out of Venezuela, has been one of Boston's better hitters in the Rookie-level Dominican Summer League during h",MLB Pipeline Top 100,https://www.mlb.com/milb/prospects/2026/top100/,https://www.mlb.com/news/updated-top-100-prospects-list-may-2026,2026-05-14T18:11:54+00:00
12,Walker Jenkins,Walker,Jenkins,805805,walker-jenkins-805805,OF,OF,Minnesota Twins,142,St. Paul Saints,1960,AAA,2026,21,2005-02-19,Wilmington,USA,"6' 3""",210,L,R,2023,"Video scouting report » Scouting grades: Hit: 60 | Power: 60 | Run: 55 | Arm: 60 | Field: 55 | Overall: 60 Jenkins has slipped past Indiana's Max Clark as the top high schooler in the 2023 Draft this spring and is North Carolina's best prep position prospect since Josh Hamilton went No. 1 overall in 1999. A hamate injury hampered him on the showcase circuit during the summer and prevented him from making the U.S. national 18-and-under team after he did so in 2021, but his physical ability was st",MLB Pipeline Top 100,https://www.mlb.com/milb/prospects/2026/top100/,https://www.mlb.com/news/updated-top-100-prospects-list-may-2026,2026-05-14T18:11:54+00:00
13,Travis Bazzana,Travis,Bazzana,683953,travis-bazzana-683953,2B,2B,Cleveland Guardians,114,Cleveland Guardians,114,MLB,2026,23,2002-08-28,Hornsby,Australia,"5' 11""",199,L,R,2024,"Video scouting report » Scouting grades: Hit: 65 | Power: 60 | Run: 60 | Arm: 50 | Field: 50 | Overall: 65 A native of Sydney, Australia, Bazzana came to the United States and immediately made an impact with a .902 OPS as a freshman. He upped that to 1.122 with 11 homers and 36 steals a year later, then raised his profile even more when he won the Cape Cod League batting title (.375) and MVP Award, putting him near the top of most Draft boards. The left-handed-hitting infielder is compact and st",MLB Pipeline Top 100,https://www.mlb.com/milb/prospects/2026/top100/,https://www.mlb.com/news/updated-top-100-prospects-list-may-2026,2026-05-14T18:11:54+00:00
14,Thomas White,Thomas,White,806258,thomas-white-806258,LHP,P,Miami Marlins,146,Jacksonville Jumbo Shrimp,564,AAA,2026,21,2004-09-29,Rowley,USA,"6' 5""",240,L,L,2023,"Video scouting report » Scouting grades: Fastball: 60 | Curveball: 55 | Changeup: 50 | Control: 50 | Overall: 50 There has never been a high school left-hander from Massachusetts taken in the first round of the Draft and the last time a prep pitcher of any kind from the Bay State went in the opening round was back in 2011, when the Blue Jays took Tyler Beede, who instead headed to Vanderbilt. White has at times been tough to scout as he’s been picky about which events to attend, but he did show ",MLB Pipeline Top 100,https://www.mlb.com/milb/prospects/2026/top100/,https://www.mlb.com/news/updated-top-100-prospects-list-may-2026,2026-05-14T18:11:54+00:00
15,Caleb Bonemer,Caleb,Bonemer,815352,caleb-bonemer-815352,3B/SS,SS,Chicago White Sox,145,Winston-Salem Dash,580,A+,2028,20,2005-10-05,Lansing,USA,"6' 1""",195,R,R,2024,"Video scouting report » Scouting grades: Hit: 45 | Power: 55 | Run: 50 | Arm: 55 | Field: 50 | Overall: 50 Gatorade's Michigan high school player of the year in both 2023 and 2024, Bonemer put on some monster performances on the showcase circuit last summer. He homered twice at Perfect Game National and went 6-for-11 with three doubles at the Area Code Games but struggled at other events, so opinions vary based on when scouts saw him. Once considered a potential first-rounder by some clubs, he h",MLB Pipeline Top 100,https://www.mlb.com/milb/prospects/2026/top100/,https://www.mlb.com/news/updated-top-100-prospects-list-may-2026,2026-05-14T18:11:54+00:00
16,Aidan Miller,Aidan,Miller,805795,aidan-miller-805795,SS,SS,Philadelphia Phillies,143,Lehigh Valley IronPigs,1410,AAA,2026,21,2004-06-09,Dunedin,USA,"6' 1""",205,R,R,2023,"Video scouting report » Scouting grades: Hit: 50 | Power: 60 | Run: 50 | Arm: 60 | Field: 50 | Overall: 55 In 2020, Jackson Miller came out of J.W. Mitchell High School in Florida as one of the better prep catchers in the class, going in the second round to the Reds. Now it’s his younger brother Aidan’s turn. After a strong summer on the showcase circuit -- highlighted by All-American Game MVP honors and a Home Run Derby title as part of the All-Star break in Los Angeles -- he has the chance to ",MLB Pipeline Top 100,https://www.mlb.com/milb/prospects/2026/top100/,https://www.mlb.com/news/updated-top-100-prospects-list-may-2026,2026-05-14T18:11:54+00:00
17,Ethan Holliday,Ethan,Holliday,815787,ethan-holliday-815787,SS,SS,Colorado Rockies,115,Fresno Grizzlies,259,A,2029,19,2007-02-23,Tucson,USA,"6' 2""",210,L,R,2025,"Video scouting report » Scouting grades: Hit: 50 | Power: 65 | Run: 50 | Arm: 55 | Field: 50 | Overall: 60 Ever since Jackson Holliday went No. 1 overall in the 2022 Draft, he has told people that his younger brother is better than he was at the same stage. Ethan is more physical and powerful than Jackson and much more closely resembles their father, the seven-time All-Star Matt. Both brothers scuffled on the showcase circuit entering their Draft years, but while Jackson was considered a second-",MLB Pipeline Top 100,https://www.mlb.com/milb/prospects/2026/top100/,https://www.mlb.com/news/updated-top-100-prospects-list-may-2026,2026-05-14T18:11:54+00:00
18,Bryce Eldridge,Bryce,Eldridge,805811,bryce-eldridge-805811,1B,DH,San Francisco Giants,137,San Francisco Giants,137,MLB,2026,21,2004-10-20,Fairfax,USA,"6' 7""",251,L,R,2023,"Video scouting report » Scouting grades: Hit: 50 | Power: 50 | Run: 50 | Arm: 60 | Field: 50 | Overall: 50 Scouting grades: Fastball: 55 | Slider: 55 | Changeup: 50 | Control: 50 | Overall: 50 Every Draft class has a fair share of interesting two-way players, with it typically being fairly clear whether that player’s future lies on the mound or in the batter’s box. There were some spirited discussions over the summer with Eldridge, however, with the Virginia high school product excelling both as",MLB Pipeline Top 100,https://www.mlb.com/milb/prospects/2026/top100/,https://www.mlb.com/news/updated-top-100-prospects-list-may-2026,2026-05-14T18:11:54+00:00
19,Luis Peña,Luis,Peña,821270,luis-pena-821270,INF,SS,Milwaukee Brewers,158,Wisconsin Timber Rattlers,572,A+,2028,19,2006-11-13,El Limon,Dominican Republic,"5' 11""",185,R,R,,"Scouting grades: Hit: 50 | Power: 50 | Run: 70 | Arm: 55 | Field: 45 | Overall: 45 Milwaukee’s 2024 international class was already considered solid when the organization added two of MLB Pipeline’s Top 25 prospects in the group in Jorge Quintana (No. 12) and Jesús Made (No. 22). Pena didn’t crack that initial ranking, but he did sign for $800,000 to give the Brewers another infield option at the lowest levels. The 5-foot-11 infielder took off in the Dominican Summer League, where he was the Pla",MLB Pipeline Top 100,https://www.mlb.com/milb/prospects/2026/top100/,https://www.mlb.com/news/updated-top-100-prospects-list-may-2026,2026-05-14T18:11:54+00:00
20,Zyhir Hope,Zyhir,Hope,814307,zyhir-hope-814307,OF,CF,Los Angeles Dodgers,119,Tulsa Drillers,260,AA,2027,21,2005-01-19,Chesapeake,USA,"5' 10""",193,L,L,2023,"Scouting grades: Hit: 50 | Power: 55 | Run: 70 | Arm: 65 | Field: 55 | Overall: 50 One of the most intriguing sleepers in the 2023 Draft, Hope went unselected in the first 10 rounds because he hadn't participated much on the showcase circuit and was thought to be strongly committed to attending college at North Carolina. The Dodgers planned to select the Virginia prep product in the 11th round, only to get beaten to the punch by the Cubs, who landed him for $400,000. Los Angeles landed him six m",MLB Pipeline Top 100,https://www.mlb.com/milb/prospects/2026/top100/,https://www.mlb.com/news/updated-top-100-prospects-list-may-2026,2026-05-14T18:11:54+00:00
21,George Lombard Jr.,George,Lombard Jr.,806146,george-lombard-jr-806146,INF,SS,New York Yankees,147,Scranton/Wilkes-Barre RailRiders,531,AAA,2027,20,2005-06-02,Miami,USA,"6' 2""",190,R,R,2023,"Video scouting report » Scouting grades: Hit: 50 | Power: 55 | Run: 50 | Arm: 55 | Field: 50 | Overall: 50 George Lombard was an exciting high school product in the Atlanta area who was taken by his hometown team, the Braves, in the second round of the 1994 Draft and went on to play parts of six big league seasons in a 16-year professional career. Now the bench coach for the Detroit Tigers, he’ll get to see if his son can beat his Draft spot as Lombard Junior showed off some intriguing tools on ",MLB Pipeline Top 100,https://www.mlb.com/milb/prospects/2026/top100/,https://www.mlb.com/news/updated-top-100-prospects-list-may-2026,2026-05-14T18:11:54+00:00
22,Ryan Sloan,Ryan,Sloan,815549,ryan-sloan-815549,RHP,P,Seattle Mariners,136,Arkansas Travelers,574,AA,2028,20,2006-01-29,Aurora,USA,"6' 5""",220,R,R,2024,"Video scouting report » Scouting grades : Fastball: 60 | Slider: 55 | Changeup: 60 | Control: 50 | Overall: 55 The Illinois high school ranks produced a pair of first-round pitchers (Owen Murphy, Noah Schultz) in 2022 and another arm who got first-round money (Blake Wolters) in 2023. Sloan has a better combination of stuff and polish than any of them and should become a first-rounder in July. He dominated throughout the summer showcase circuit while getting swings-and-misses with three different",MLB Pipeline Top 100,https://www.mlb.com/milb/prospects/2026/top100/,https://www.mlb.com/news/updated-top-100-prospects-list-may-2026,2026-05-14T18:11:54+00:00
23,Liam Doyle,Liam,Doyle,824604,liam-doyle-824604,LHP,P,St. Louis Cardinals,138,Springfield Cardinals,440,AA,2027,21,2004-06-03,Boston,USA,"6' 2""",220,R,L,2025,"Video scouting report » Scouting grades: Fastball: 75 | Slider: 55 | Cutter: 55 | Splitter: 55 | Control: 50 | Overall: 55 Doyle was Coastal Carolina's most effective starter as a freshman in 2023, then filled the same role at Mississippi last spring. He averaged 13.7 strikeouts per nine innings, which would have ranked 13th in NCAA Division I (behind four 2023 first-rounders) if he hadn't fallen an inning shy of qualifying. The 2025 Southeastern Conference Pitcher of the Year, he led D-I in str",MLB Pipeline Top 100,https://www.mlb.com/milb/prospects/2026/top100/,https://www.mlb.com/news/updated-top-100-prospects-list-may-2026,2026-05-14T18:11:54+00:00
24,Braden Montgomery,Braden,Montgomery,695731,braden-montgomery-695731,OF,OF,Chicago White Sox,145,Charlotte Knights,494,AAA,2026,23,2003-04-16,Des Moines,USA,"6' 2""",220,S,R,2024,"Video scouting report » Scouting grades: Fastball: 55 | Curveball: 55 | Changeup: 50 | Control: 50 | Overall: 50 Scouting grades: Hit: 55 | Power: 50 | Run: 50 | Arm: 60 | Field: 50 | Overall: 50 Montgomery could get drafted as either a hitter or a pitcher, with most teams valuing his bat more but some thinking he's better and has more untapped potential on the mound. He's also the rare Stanford commit from the Deep South, so his signability could be tricky. Gatorade's Mississippi high school pl",MLB Pipeline Top 100,https://www.mlb.com/milb/prospects/2026/top100/,https://www.mlb.com/news/updated-top-100-prospects-list-may-2026,2026-05-14T18:11:54+00:00
25,Rainiel Rodriguez,Rainiel,Rodriguez,823787,rainiel-rodriguez-823787,C,C,St. Louis Cardinals,138,Springfield Cardinals,440,AA,2028,19,2007-01-04,Pimentel,Dominican Republic,"5' 10""",197,R,R,,"Scouting grades: Hit: 45 | Power: 60 | Run: 40 | Arm: 50 | Field: 40 | Overall: 40 Rodriguez may have signed for $300,000 out of the Dominican Republic back in April, but by the time Dominican Summer League play began two months later, he was already looking like a potentially major addition as part of St. Louis’ 2024 international class. The 17-year-old backstop was named a DSL midseason All-Star in late July and won the circuit’s Player of the Month Award the same month after he slashed .404/.",MLB Pipeline Top 100,https://www.mlb.com/milb/prospects/2026/top100/,https://www.mlb.com/news/updated-top-100-prospects-list-may-2026,2026-05-14T18:11:54+00:00
26,Alfredo Duno,Alfredo,Duno,806957,alfredo-duno-806957,C,C,Cincinnati Reds,113,Dayton Dragons,459,A+,2028,20,2006-01-07,Miranda,Venezuela,"6' 2""",210,R,R,,"Scouting grades: Hit: 50 | Power: 50 | Run: 50 | Arm: 60 | Field: 60 | Overall: 55 Duno is making a case to be the top overall player in the class, and it’s easy to see why. The teen has a chance to have at least three above-average tools -- field, arm and power – as he develops and emerges as one of the most interesting prospects in the class. Here’s what scouts like: He runs well for a catcher, and he already shows elite bat speed. There’s a chance he will have plus power, and he projects to b",MLB Pipeline Top 100,https://www.mlb.com/milb/prospects/2026/top100/,https://www.mlb.com/news/updated-top-100-prospects-list-may-2026,2026-05-14T18:11:54+00:00
27,Noah Schultz,Noah,Schultz,702273,noah-schultz-702273,LHP,P,Chicago White Sox,145,Chicago White Sox,145,MLB,2026,22,2003-08-05,Naperville,USA,"6' 10""",240,L,L,2022,"Video scouting report » Scouting grades: Fastball: 55 | Slider: 65 | Changeup: 50 | Control: 50 | Overall: 50 With his 6-foot-9 frame and low three-quarters arm slot, Schultz conjures physical comparisons to Randy Johnson. He can't match the power in the Hall of Famer's arsenal, but Schultz is a lot more polished than Johnson was as a teenager. He's also difficult to figure out because he barely pitched as a high school senior and is strongly committed to Vanderbilt. Schultz's biggest weapon is ",MLB Pipeline Top 100,https://www.mlb.com/milb/prospects/2026/top100/,https://www.mlb.com/news/updated-top-100-prospects-list-may-2026,2026-05-14T18:11:54+00:00
28,Robby Snelling,Robby,Snelling,702281,robby-snelling-702281,LHP,P,Miami Marlins,,Miami Marlins,146,MLB,2026,22,2003-12-19,Reno,USA,"6' 3""",210,R,L,2022,"Video scouting report » Scouting grades: Fastball: 55 | Curveball: 60 | Changeup: 45 | Control: 50 | Overall: 55 Last summer, Snelling hit the showcase circuit as a big, strong left-handed pitcher who was also a big-time football recruit. Originally planning on heading to Arizona to play both sports, he changed gears when Jay Johnson was named Louisiana State's head coach. Snelling switched his commitment, and with it, the chance to play football at the next level. This spring, he’s continued to",MLB Pipeline Top 100,https://www.mlb.com/milb/prospects/2026/top100/,https://www.mlb.com/news/updated-top-100-prospects-list-may-2026,2026-05-14T18:11:54+00:00
29,Jamie Arnold,Jamie,Arnold,701364,jamie-arnold-701364,LHP,P,Athletics,133,Midland RockHounds,237,AA,2027,22,2004-03-21,Tampa,USA,"6' 1""",188,L,L,2025,"Video scouting report » Scouting grades : Fastball: 60 | Slider: 65 | Changeup: 50 | Control: 55 | Overall: 60 Arnold made it clear he’d be a high-end Draft prospect in 2025 after turning in an outstanding sophomore season with Florida State last spring, finishing third among all Division I pitchers in strikeouts, trailing only 2024 first-round picks Chase Burns and Hagen Smith. The Golden Spikes Award semifinalist also finished with a sub-3.00 ERA and an impressive 159/26 K/BB ratio while helpi",MLB Pipeline Top 100,https://www.mlb.com/milb/prospects/2026/top100/,https://www.mlb.com/news/updated-top-100-prospects-list-may-2026,2026-05-14T18:11:54+00:00
30,Lazaro Montes,Lazaro,Montes,703155,lazaro-montes-703155,OF,OF,Seattle Mariners,136,Arkansas Travelers,574,AA,2027,21,2004-10-22,Havana,Cuba,"6' 5""",210,L,R,,"Video scouting report » Scouting grades: Hit: 50 | Power: 60 | Run: 50 | Arm: 50 | Field: 50 | Overall: 55 Montes has power and tons of athleticism. It's this combination, along with large frame and projectable body, that make him one of the most interesting prospects on the market. The teen is the perfect example of a prospect that developed quickly and transformed from a one-tool player -- in his case, it was power -- to an all-around talent because of his emerging athleticism. Montes will sta",MLB Pipeline Top 100,https://www.mlb.com/milb/prospects/2026/top100/,https://www.mlb.com/news/updated-top-100-prospects-list-may-2026,2026-05-14T18:11:54+00:00
31,Josuar Gonzalez,Josuar,Gonzalez,829034,josuar-gonzalez-829034,SS,SS,San Francisco Giants,137,ACL Giants,408,ROK,2029,18,2007-10-16,San Cristobal,Dominican Republic,"5' 10""",178,S,R,,"Video scouting report » Scouting grades: Hit: 60 | Power: 60 | Run: 50 | Arm: 55 | Field: 50 | Overall: 60 Switch-hitting shortstops with a polished approach at the plate from a young age are sure to draw lofty comparisons, and there’s no shortage of them with it comes to De Jesus, whose ceiling has been held in the same regard as All-Stars Francisco Lindor and José Reyes. A year ago, Leodalis De Vries drew similar hype en route to being ranked as the top international prospect, and he quickly t",MLB Pipeline Top 100,https://www.mlb.com/milb/prospects/2026/top100/,https://www.mlb.com/news/updated-top-100-prospects-list-may-2026,2026-05-14T18:11:54+00:00
32,JoJo Parker,JoJo,Parker,828098,jojo-parker-828098,SS,SS,Toronto Blue Jays,141,Dunedin Blue Jays,424,A,2029,19,2006-08-08,Hattiesburg,USA,"6' 2""",200,L,R,2025,"Video scouting report » Scouting grades: Hit: 60 | Power: 55 | Run: 50 | Arm: 55 | Field: 50 | Overall: 55 The Parker twins are the best high school position prospects in Mississippi. Outfielder Jacob has more raw pop, but infielder JoJo offers a more enticing package with superior hitting ability and athleticism and has played his way into the top 10 picks with a strong senior season that earned him Gatorade state player of the year accolades. Multiple scouts have compared him to a more powerfu",MLB Pipeline Top 100,https://www.mlb.com/milb/prospects/2026/top100/,https://www.mlb.com/news/updated-top-100-prospects-list-may-2026,2026-05-14T18:11:54+00:00
33,Ryan Waldschmidt,Ryan,Waldschmidt,814439,ryan-waldschmidt-814439,OF,CF,Arizona Diamondbacks,109,Arizona Diamondbacks,109,MLB,2026,23,2002-10-07,Sarasota,USA,"6' 0""",205,R,R,2024,"Video scouting report » Scouting grades: Hit: 55 | Power: 55 | Run: 55 | Arm: 40 | Field: 45 | Overall: 50 Waldschmidt was lightly recruited and scouted as a Florida high schooler because he injured his arm in a home-plate collision as a freshman catcher, could only DH as a sophomore and lost most of his junior season to the pandemic shutdown. He posted a 1.043 OPS in his first college season at Charleston Southern, then dipped to .872 in 2023 after transferring to Kentucky. He was off to a hot ",MLB Pipeline Top 100,https://www.mlb.com/milb/prospects/2026/top100/,https://www.mlb.com/news/updated-top-100-prospects-list-may-2026,2026-05-14T18:11:54+00:00
34,A.J. Ewing,A.J.,Ewing,805999,a-j-ewing-805999,OF/2B,CF,New York Mets,121,New York Mets,121,MLB,2027,21,2004-08-10,Kettering,USA,"5' 10""",160,L,R,2023,"Scouting grades : Hit: 45 | Power: 45 | Run: 50 | Arm: 45 | Field: 50 | Overall: 40 The Mets received the 134th pick in the 2023 Draft as compensation for losing Jacob deGrom to the Rangers in free agency, and the club used that selection to take Ewing out of Springboro (Ohio) High School. The Alabama commit signed for well-above slot with a $675,000 bonus, roughly equal to slot money in the third round. New York slow-played the teenager in his first full season, opening him in the Florida Compl",MLB Pipeline Top 100,https://www.mlb.com/milb/prospects/2026/top100/,https://www.mlb.com/news/updated-top-100-prospects-list-may-2026,2026-05-14T18:11:54+00:00
35,Aiva Arquette,Aiva,Arquette,804109,aiva-arquette-804109,SS,SS,Miami Marlins,146,Beloit Sky Carp,554,A+,2028,22,2003-10-17,Honolulu,USA,"6' 5""",220,R,R,2025,"Video scouting report » Scouting grades: Hit: 50 | Power: 45 | Run: 45 | Arm: 50 | Field: 50 | Overall: 40 There have been a grand total of eight high school position players from Hawaii to be taken in the top 10 rounds of the Draft since the turn of the century, with just one so far, Isiah Kiner-Falefa, to post a positive WAR. Arquette, an infielder like Kiner-Falefa, hopes to be the next after impressing scouts at events like the Area Code Games last summer and Perfect Game's WWBA World Champi",MLB Pipeline Top 100,https://www.mlb.com/milb/prospects/2026/top100/,https://www.mlb.com/news/updated-top-100-prospects-list-may-2026,2026-05-14T18:11:54+00:00
36,Jonah Tong,Jonah,Tong,804636,jonah-tong-804636,RHP,P,New York Mets,121,Syracuse Mets,552,AAA,2026,22,2003-06-19,Markham,Canada,"6' 1""",180,R,R,2022,"Scouting grades: Fastball: 65 | Curveball: 55 | Slider: 50 | Changeup: 45 | Control: 45 | Overall: 45 A native of Ontario, Tong headed to the Georgia Premier Academy for 2022 and earned a trip to the MLB Draft League, though his performance for Frederick wasn’t stellar (14 earned runs in 11 2/3 innings). The Mets still took the right-hander in the seventh round that July and signed him for full slot at $226,000 to get him away from a North Dakota State commitment. Tong only made 10 appearances (",MLB Pipeline Top 100,https://www.mlb.com/milb/prospects/2026/top100/,https://www.mlb.com/news/updated-top-100-prospects-list-may-2026,2026-05-14T18:11:54+00:00
37,Edward Florentino,Edward,Florentino,821273,edward-florentino-821273,OF/1B,OF,Pittsburgh Pirates,134,Greensboro Grasshoppers,477,A+,2028,19,2006-11-11,Los Alcarrizos,Dominican Republic,"6' 3""",200,L,R,,"Scouting grades : Hit: 45 | Power: 50 | Run: 40 | Arm: 50 | Field: 50 | Overall: 40 The Pirates gave out a pair of seven-figure bonuses at the start of the 2024 international signing period to outfielder Brayln Brazoban and infielder Adbiel Feliz. Florentino, a big left-handed hitter from the Dominican Republic, was among several prospects who received six figures, getting $395,000 to join the organization. He made his professional debut in the Dominican Summer League this year. Florentino has t",MLB Pipeline Top 100,https://www.mlb.com/milb/prospects/2026/top100/,https://www.mlb.com/news/updated-top-100-prospects-list-may-2026,2026-05-14T18:11:54+00:00
38,Eduardo Quintero,Eduardo,Quintero,808234,eduardo-quintero-808234,OF,OF,Los Angeles Dodgers,119,Great Lakes Loons,456,A+,2028,20,2005-09-16,Ocumare del Tuy,Venezuela,"6' 1""",175,R,R,,"Scouting grades: Hit: 55 | Power: 50 | Run: 60 | Arm: 60 | Field: 55 | Overall: 45 Signed for $297,500 out of Venezuela, Quintero looks like one of the bigger bargains from the 2023 international market. Though he was a talented catcher as an amateur, the Dodgers made him a full-time center fielder in order to take full advantage of his athleticism. He was the top 17-year-old performer in the Rookie-level Dominican Summer League in his pro debut, batting .359/.472/.618 and starring in the playof",MLB Pipeline Top 100,https://www.mlb.com/milb/prospects/2026/top100/,https://www.mlb.com/news/updated-top-100-prospects-list-may-2026,2026-05-14T18:11:54+00:00
39,Kaelen Culpepper,Kaelen,Culpepper,701785,kaelen-culpepper-701785,SS,SS,Minnesota Twins,142,St. Paul Saints,1960,AAA,2027,23,2002-12-29,Memphis,USA,"5' 10""",185,R,R,2024,"Video scouting report » Scouting grades: Hit: 55 | Power: 45 | Run: 50 | Arm: 60 | Field: 50 | Overall: 50 Culpepper might go from an unheralded Tennessee high schooler to Kansas State's first-ever first-round position player. Bothered by a hamate injury for much of his sophomore season, he starred at the Big 12 Conference tournament and was the top hitter (.471/.526/.853) on the U.S. collegiate national team during the summer. He moved from third base to shortstop as a junior, batting .474 in t",MLB Pipeline Top 100,https://www.mlb.com/milb/prospects/2026/top100/,https://www.mlb.com/news/updated-top-100-prospects-list-may-2026,2026-05-14T18:11:54+00:00
40,Travis Sykora,Travis,Sykora,805809,travis-sykora-805809,RHP,P,Washington Nationals,120,Harrisburg Senators,547,AA,2028,22,2004-04-28,Round Rock,USA,"6' 6""",232,R,R,2023,"Video scouting report » Scouting grades: Fastball: 70 | Slider: 55 | Splitter: 60 | Control: 50 | Overall: 50 Texas hasn't placed a prep pitcher in the first round since 2018, but Sykora could put an end to that dry spell. He has the biggest fastball in the high school class, reaching triple digits on the showcase circuit while showing he was more than just a flamethrower. He was arguably the most dominant pitcher at both the PDP League and the Area Code Games. Sykora's fastball not only parks a",MLB Pipeline Top 100,https://www.mlb.com/milb/prospects/2026/top100/,https://www.mlb.com/news/updated-top-100-prospects-list-may-2026,2026-05-14T18:11:54+00:00
41,Gage Jump,Gage,Jump,695611,gage-jump-695611,LHP,P,Athletics,133,Las Vegas Aviators,400,AAA,2026,23,2003-04-12,Aliso Viejo,USA,"6' 0""",200,L,L,2024,"Video scouting report » Scouting grades: Fastball: 50 | Curveball: 55 | Slider: 55 | Changeup: 50 | Control: 55 | Overall: 50 JSerra Catholic High School in Southern California has produced a good amount of talented players, most notably former No. 1 overall pick Royce Lewis. While the 2021 roster doesn’t have anyone who will go in that neck of the woods, it is deep with a pair of Top 100 prospects and some others of interest. Jump, an undersized and athletic lefty who threw well at a variety of",MLB Pipeline Top 100,https://www.mlb.com/milb/prospects/2026/top100/,https://www.mlb.com/news/updated-top-100-prospects-list-may-2026,2026-05-14T18:11:54+00:00
42,Mike Sirota,Mike,Sirota,701527,mike-sirota-701527,OF,CF,Los Angeles Dodgers,119,Great Lakes Loons,456,A+,2027,22,2003-06-16,Mineola,USA,"6' 2""",188,R,R,2024,"Video scouting report » Scouting grades: Hit: 50 | Power: 45 | Run: 60 | Arm: 55 | Field: 55 | Overall: 50 Relatively unknown in high school, Sirota was selected late in the 2021 Draft out of the Connecticut high school ranks by the Dodgers, but went on to play for Mike Glavine at Northeastern University in Boston. He had hit everywhere he’d been, from his first two seasons in college (1.060 OPS) to back-to-back turns in the Cape Cod League (.942 OPS), making the grand-nephew of Whitey Ford the ",MLB Pipeline Top 100,https://www.mlb.com/milb/prospects/2026/top100/,https://www.mlb.com/news/updated-top-100-prospects-list-may-2026,2026-05-14T18:11:54+00:00
43,Theo Gillen,Theo,Gillen,815394,theo-gillen-815394,OF,OF,Tampa Bay Rays,139,Bowling Green Hot Rods,2498,A+,2028,20,2005-09-12,Chicago,USA,"6' 2""",195,L,R,2024,"Video scouting report » Scouting grades: Hit: 60 | Power: 55 | Run: 60 | Arm: 40 | Field: 50 | Overall: 50 Gillen emerged as one of the top talents in Texas' 2024 high school class three years ago, only to be slowed by a torn labrum that required shoulder surgery as a sophomore and a knee injury as a junior. Finally healthy again this spring outside of a minor groin ailment, he has pushed his way ahead of the rest of the Lone Star State prepsters. He projects to become the first first-rounder fr",MLB Pipeline Top 100,https://www.mlb.com/milb/prospects/2026/top100/,https://www.mlb.com/news/updated-top-100-prospects-list-may-2026,2026-05-14T18:11:54+00:00
44,Joe Mack,Joe,Mack,691788,joe-mack-691788,C,C,Miami Marlins,146,Miami Marlins,146,MLB,2026,23,2002-12-27,Williamsville,USA,"6' 0""",210,L,R,2021,"Video scouting report » Scouting grades: Hit: 55 | Power: 50 | Run: 40 | Arm: 60 | Field: 50 | Overall: 50 In 2018, Charles Mack was a high school player outside of Buffalo, New York, who attracted a lot of attention from scouts and eventually signed an above-slot deal with the Twins as a sixth-rounder in that year's Draft. His brother, Joe, was a freshman on that team and even back then, scouts knew he'd be someone they'd be back to see three years later. After standing out at events like the E",MLB Pipeline Top 100,https://www.mlb.com/milb/prospects/2026/top100/,https://www.mlb.com/news/updated-top-100-prospects-list-may-2026,2026-05-14T18:11:54+00:00
45,Eduardo Tait,Eduardo,Tait,806953,eduardo-tait-806953,C,C,Minnesota Twins,142,Cedar Rapids Kernels,492,A+,2028,19,2006-08-27,Panama City,Panama,"6' 0""",175,L,R,,"Scouting grades: Hit: 50 | Power: 50 | Run: 40 | Arm: 60 | Field: 45 | Overall: 40 Staryln Caba may have been the star of the Phillies’ haul on the international market in 2023, getting $3 million to join the organization. But he’s not alone among position players making an early name for themselves from the signing class. Tait got just $90,000 to sign out of Panama and if early returns in the Dominican Summer League are any indication, they may have gotten a huge bargain. Still only 16 years ol",MLB Pipeline Top 100,https://www.mlb.com/milb/prospects/2026/top100/,https://www.mlb.com/news/updated-top-100-prospects-list-may-2026,2026-05-14T18:11:54+00:00
46,Bryce Rainer,Bryce,Rainer,800614,bryce-rainer-800614,SS,SS,Detroit Tigers,116,West Michigan Whitecaps,582,A+,2028,20,2005-07-03,Simi Valley,USA,"6' 3""",195,L,R,2024,"Video scouting report » Scouting grades: Hit: 55 | Power: 60 | Run: 55 | Arm: 60 | Field: 50 | Overall: 60 Before the 2024 high season began, people looked at Rainer as an exciting two-way player. The Harvard-Westlake standout showed off skills in the box and on the mound during the summer showcase circuit and performed double duty for USA Baseball’s 18U team in international competition. The consensus was that while Rainer seemed to want to hit, scouts thought he had tremendous upside on the mo",MLB Pipeline Top 100,https://www.mlb.com/milb/prospects/2026/top100/,https://www.mlb.com/news/updated-top-100-prospects-list-may-2026,2026-05-14T18:11:54+00:00
47,Angel Genao,Angel,Genao,694197,angel-genao-694197,SS,3B,Cleveland Guardians,114,Columbus Clippers,445,AAA,2026,21,2004-05-19,Castillo,Dominican Republic,"5' 11""",150,S,R,,"Video » A switch-hitting shortstop from the northern region of the island, Genao is one of many talented shortstops from the Dominican Republic is this year’s class. Long and lean, the teenager has shown the ability to hit in games and make consistent, hard contact. He also projects to stay at shortstop as he grows into his body. Here’s why: Genao has soft hands, solid footwork and an average arm now that projects to be above average. He’s instinctual and shows some polish on defense. Consistent",MLB Pipeline Top 100,https://www.mlb.com/milb/prospects/2026/top100/,https://www.mlb.com/news/updated-top-100-prospects-list-may-2026,2026-05-14T18:11:54+00:00
48,Michael Arroyo,Michael,Arroyo,703197,michael-arroyo-703197,2B/OF,SS,Seattle Mariners,136,Arkansas Travelers,574,AA,2026,21,2004-11-03,Cartagena,Colombia,"5' 10""",160,R,R,,"Video scouting report » Scouting grades: Hit: 55 | Power: 45 | Run: 50 | Arm: 50 | Field: 50 | Overall: 50 Arroyo reminds some scouts of Blue Jays prospect Manuel Beltre, an offensive-minded infielder with a ton of amateur at-bats and one of the top players in the international class of 2020-2021. Like Beltre, Arroyo played in several tournaments in his home country and starred in showcases and private workouts for teams. He’s known more for his hitting ability than his power potential, but ther",MLB Pipeline Top 100,https://www.mlb.com/milb/prospects/2026/top100/,https://www.mlb.com/news/updated-top-100-prospects-list-may-2026,2026-05-14T18:11:54+00:00
49,Cam Caminiti,Cam,Caminiti,807284,cam-caminiti-807284,LHP,P,Atlanta Braves,144,Rome Emperors,432,A+,2027,19,2006-08-08,Scottsdale,USA,"6' 2""",195,L,L,2024,"Video scouting report » Scouting grades: Fastball: 60 | Curveball: 50 | Slider: 55 | Changeup: 55 | Control: 50 | Overall: 55 A cousin of Ken Caminiti, Cam Caminiti was thought to be one of the best players in the 2025 Draft class when he reclassified for 2024. That made him one of the youngest players in the class, one who will still be 17 years old at the time of the Draft. A solid two-way player who could be a prospect as a hitter, he separated himself on the mound with strong performances on",MLB Pipeline Top 100,https://www.mlb.com/milb/prospects/2026/top100/,https://www.mlb.com/news/updated-top-100-prospects-list-may-2026,2026-05-14T18:11:54+00:00
50,Hagen Smith,Hagen,Smith,696146,hagen-smith-696146,LHP,P,Chicago White Sox,145,Charlotte Knights,494,AAA,2026,22,2003-08-19,Bullard,USA,"6' 3""",235,L,L,2024,"Video scouting report » Scouting grades: Fastball: 50 | Slider: 55 | Changeup: 50 | Control: 50 | Overall: 45 Smith was establishing himself as one of the top prep left-handers for the 2021 Draft before he had Tommy John surgery in 2019. That sidelined him for all of last season as well as the showcase circuit, but he has reclaimed his status this spring. He threw three straight no-hitters and four in a span of five starts in March, finishing the season with a total of seven no-nos as his stuff ",MLB Pipeline Top 100,https://www.mlb.com/milb/prospects/2026/top100/,https://www.mlb.com/news/updated-top-100-prospects-list-may-2026,2026-05-14T18:11:54+00:00
51,Tyler Bremner,Tyler,Bremner,803285,tyler-bremner-803285,RHP,P,Los Angeles Angels,108,Tri-City Dust Devils,460,A+,2026,22,2004-04-20,San Diego,USA,"6' 2""",190,R,R,2025,"Video scouting report » Scouting grades: Fastball: 50 | Curveball: 50 | Changeup: 55 | Control: 55 | Overall: 40 In a less-than-deep year for high school talent in the San Diego area this year, Bremner has stood out. The only player from the area to compete in the Area Code Games last summer, Bremner also made the All-Tournament team at Perfect Game's WWBA World Championship in Jupiter, Florida, last fall. While some prep pitchers wow by lighting up the radar gun, Bremner has stood out more for ",MLB Pipeline Top 100,https://www.mlb.com/milb/prospects/2026/top100/,https://www.mlb.com/news/updated-top-100-prospects-list-may-2026,2026-05-14T18:11:54+00:00
52,Ethan Salas,Ethan,Salas,806956,ethan-salas-806956,C,C,San Diego Padres,135,San Antonio Missions,510,AA,2027,19,2006-06-01,Kissimmee,USA,"6' 1""",185,L,R,,"Scouting grades: Hit: 60 | Power: 50 | Run: 50 | Arm: 60 | Field: 55 | Overall: 55 The top player in the class is one of the best catching prospects in recent history. His strong skills on the field are matched by his notable family ties, as his grandfather, father and uncle all played professionally. He is the younger brother of Twins prospect Jose Salas, and he could end up being the best player in the family. The athletic Salas has a good feel for the strike zone and shows the ability to hit ",MLB Pipeline Top 100,https://www.mlb.com/milb/prospects/2026/top100/,https://www.mlb.com/news/updated-top-100-prospects-list-may-2026,2026-05-14T18:11:54+00:00
53,Billy Carlson,Billy,Carlson,815814,billy-carlson-815814,SS,SS,Chicago White Sox,145,Kannapolis Cannon Ballers,487,A,2029,19,2006-07-29,Mission Viejo,USA,"6' 1""",185,R,R,2025,"Video scouting report » Scouting grades: Hit: 50 | Power: 50 | Run: 55 | Arm: 65 | Field: 70 | Overall: 55 The 2025 Draft class is deep in southern California and Corona High School has been a regular stop all spring, with three potential early-round picks on the team that won USA Baseball's National High School Invitational last year. Carlson's skills at shortstop that were on display at a variety of summer showcase events, including the Area Code Games and Major League Baseball's High School A",MLB Pipeline Top 100,https://www.mlb.com/milb/prospects/2026/top100/,https://www.mlb.com/news/updated-top-100-prospects-list-may-2026,2026-05-14T18:11:54+00:00
54,Emmanuel Rodriguez,Emmanuel,Rodriguez,691181,emmanuel-rodriguez-691181,OF,CF,Minnesota Twins,142,St. Paul Saints,1960,AAA,2026,23,2003-02-28,Santiago,Dominican Republic,"5' 11""",210,L,L,,"2019 Scouting grades: Hit: 50 | Power: 50 | Run: 55 | Arm: 55 | Field: 55 | Overall: 45 The Twins have long been active on the international amateur player market and the 2019-20 signing period has proven to be no different. The organization handed out seven six-figures or better bonuses at the start of the new signing period, a group topped by Rodriguez. The talented outfielder was ranked No. 8 on MLB Pipeline's Top 30 international prospects list and got $2.5 million to sign. Rodriguez has the",MLB Pipeline Top 100,https://www.mlb.com/milb/prospects/2026/top100/,https://www.mlb.com/news/updated-top-100-prospects-list-may-2026,2026-05-14T18:11:54+00:00
55,Blake Mitchell,Blake,Mitchell,805810,blake-mitchell-805810,C,C,Kansas City Royals,118,Quad Cities River Bandits,565,A+,2027,21,2004-08-03,Clear Lake,USA,"6' 0""",202,L,R,2023,"Video scouting report » Scouting grades: Hit: 55 | Power: 55 | Run: 35 | Arm: 70 | Field: 50 | Overall: 55 Although the high school catching demographic scares clubs in the first round, it's otherwise hard to find fault with Mitchell, who could go in the top 15 picks come July. He has tools on both sides of the ball, a fallback option as a pitcher and a long track record of performance. He played for the U.S. junior team the last two summers, winning the gold-medal game at the 18-and-under World",MLB Pipeline Top 100,https://www.mlb.com/milb/prospects/2026/top100/,https://www.mlb.com/news/updated-top-100-prospects-list-may-2026,2026-05-14T18:11:54+00:00
56,Arjun Nimmala,Arjun,Nimmala,805796,arjun-nimmala-805796,SS,SS,Toronto Blue Jays,141,New Hampshire Fisher Cats,463,AA,2028,20,2005-10-16,Tampa,USA,"6' 0""",190,R,R,2023,"Video scouting report » Scouting grades: Hit: 50 | Power: 55 | Run: 50 | Arm: 55 | Field: 50 | Overall: 55 The area in and around Tampa has long been a hotbed in terms of producing premium high school Draft talent, and this year is no different, with hitters like Aidan Miller and Nimmala high on most teams’ boards. Nimmala’s age and offensive upside were on display all summer, including at Major League Baseball’s High School All-American Game, and he's poised to become the first draftee ever fro",MLB Pipeline Top 100,https://www.mlb.com/milb/prospects/2026/top100/,https://www.mlb.com/news/updated-top-100-prospects-list-may-2026,2026-05-14T18:11:54+00:00
57,Emil Morales,Emil,Morales,815896,emil-morales-815896,SS,SS,Los Angeles Dodgers,119,Ontario Tower Buzzers,6482,A,2029,19,2006-09-22,Las Palmas de Gran Canaria,Spain,"6' 3""",191,R,R,,"Video scouting report » Scouting grades: Hit: 55 | Power: 55 | Run: 50 | Arm: 50 | Field: 50 | Overall: 55 Morales is a big-bodied prospect with the potential to develop into a difference-making power bat. He’s shown the ability to manage the strike zone and is patient enough to draw walks consistently. When he gets his pitch, he turns on it quickly and drives the ball to all fields with authority. He flashes home run power and more is on the way. Like most teenage prospects, he’s working on rep",MLB Pipeline Top 100,https://www.mlb.com/milb/prospects/2026/top100/,https://www.mlb.com/news/updated-top-100-prospects-list-may-2026,2026-05-14T18:11:54+00:00
58,Luis Hernández,Luis,Hernández,836582,luis-hernandez-836582,SS,SS,San Francisco Giants,137,ACL Giants,408,ROK,2030,17,2008-12-13,San Juan de los Morros,Venezuela,"5' 10""",172,R,R,,"Video scouting report » Scouting grades : Hit: 65 | Power: 60 | Run: 60 | Arm: 50 | Field: 60 | Overall: 65 Carlos Guillén played 14 seasons in the big leagues and collected more than 1,300 hits en route to earning three All-Star appearances. Now a trainer (and member of MLB’s Trainer Partnership Program) in his native Venezuela, his star pupil of the 2026 class is Hernández, one of the most heralded players on the international scene in the past few years. Gifted with immense physical projectio",MLB Pipeline Top 100,https://www.mlb.com/milb/prospects/2026/top100/,https://www.mlb.com/news/updated-top-100-prospects-list-may-2026,2026-05-14T18:11:54+00:00
59,Ralphy Velazquez,Ralphy,Velazquez,806252,ralphy-velazquez-806252,1B/OF,1B,Cleveland Guardians,114,Akron RubberDucks,402,AA,2027,20,2005-05-28,San Pedro,USA,"6' 1""",240,L,R,2023,"Video scouting report » Scouting grades: Hit: 55 | Power: 55 | Run: 40 | Arm: 55 | Field: 45 | Overall: 50 Huntington Beach High School in California has produced its fair share of Draft talent, headlined by former first-rounders Nick Pratto in 2017 and Hank Conger in 2006. Velazquez has the chance to be next in that line of potential bats, and after a modest summer, he had a big up arrow next to his name with strong performances this spring, especially in front of a lot of evaluators at both th",MLB Pipeline Top 100,https://www.mlb.com/milb/prospects/2026/top100/,https://www.mlb.com/news/updated-top-100-prospects-list-may-2026,2026-05-14T18:11:54+00:00
60,Jett Williams,Jett,Williams,702518,jett-williams-702518,3B/SS/OF,SS,Milwaukee Brewers,158,Nashville Sounds,556,AAA,2026,22,2003-11-03,Dallas,USA,"5' 7""",179,R,R,2022,"Video scouting report » Scouting grades: Hit: 55 | Power: 45 | Run: 60 | Arm: 50 | Field: 50 | Overall: 50 At 5-foot-8, Williams might be the smallest player on our Draft Top 250, but he's also a favorite gut-feel guy for a lot of scouts. One crosschecker called him the best hitter on the summer showcase circuit, where he raked despite an injury to his right shoulder. The Mississippi State recruit could factor into the middle of the first round, especially to a club that thinks he can stay at sh",MLB Pipeline Top 100,https://www.mlb.com/milb/prospects/2026/top100/,https://www.mlb.com/news/updated-top-100-prospects-list-may-2026,2026-05-14T18:11:54+00:00
61,JR Ritchie,JR,Ritchie,702275,jr-ritchie-702275,RHP,P,Atlanta Braves,144,Atlanta Braves,144,MLB,2026,22,2003-06-26,Seattle,USA,"6' 2""",185,R,R,2022,"Video scouting report » Scouting grades: Fastball: 60 | Curveball: 50 | Slider: 55 | Changeup: 50 | Control: 50 | Overall: 50 Bainbridge Island in Washington state can be found across Elliott Bay from Seattle and is home to roughly 25,000 people. A player hasn’t been drafted from the island since Brian Coleman went in Round 55 back in 1990. Ritchie, an athletic right-hander who first stood out as an underclassman on the summer showcase circuit in 2020, should have the combination of stuff and fe",MLB Pipeline Top 100,https://www.mlb.com/milb/prospects/2026/top100/,https://www.mlb.com/news/updated-top-100-prospects-list-may-2026,2026-05-14T18:11:54+00:00
62,Jarlin Susana,Jarlin,Susana,703186,jarlin-susana-703186,RHP,P,Washington Nationals,120,Harrisburg Senators,547,AA,2027,22,2004-03-23,Villa Isabela,Dominican Republic,"6' 6""",235,R,R,,"Video scouting report » Scouting grades: Fastball: 55 | Slider: 50 | Changeup: 50 | Curveball: 50 | Overall: 50 The top pitcher in this class, Susana has the right mix of pitches and the type of repeatable delivery that could land him in a big league starting rotation one day. Beginning with his body frame, a sturdy 6-foot-6 and 225 pounds, Susana already has the look of a Major League starter. There is still room for lots of development, but it’s easy to see why scouts love his potential. The r",MLB Pipeline Top 100,https://www.mlb.com/milb/prospects/2026/top100/,https://www.mlb.com/news/updated-top-100-prospects-list-may-2026,2026-05-14T18:11:54+00:00
63,Elmer Rodríguez,Elmer,Rodríguez,695684,elmer-rodriguez-695684,RHP,P,New York Yankees,147,Scranton/Wilkes-Barre RailRiders,531,AAA,2026,22,2003-08-18,Trujillo Alto,Puerto Rico,"6' 4""",177,L,R,2021,"Scouting grades: Fastball: 55 | Curveball: 55 | Slider: 50 | Changeup: 50 | Control: 50 | Overall: 40 One of the younger and more projectable pitchers in the 2021 Draft, Rodriguez-Cruz didn't turn 18 until a month after the Red Sox made him a fourth-round pick out of a Puerto Rican academy. Because of his youth and the need to add strength to his frame, Boston waited until this summer to have him make his pro debut in the Rookie-level Florida Complex League. Rodriguez-Cruz has a four-pitch mix h",MLB Pipeline Top 100,https://www.mlb.com/milb/prospects/2026/top100/,https://www.mlb.com/news/updated-top-100-prospects-list-may-2026,2026-05-14T18:11:54+00:00
64,Jhonny Level,Jhonny,Level,815929,jhonny-level-815929,SS,SS,San Francisco Giants,137,San Jose Giants,476,A,2029,19,2007-03-29,Cumana,Venezuela,"5' 8""",186,S,R,,"Video scouting report » Scouting grades: Hit: 50 | Power: 50 | Run: 50 | Arm: 55 | Field: 50 | Overall: 50 Level is an athletic, switch-hitting infield prospect with fluid swinging mechanics and a natural feel for hitting. He has the potential to hit for both power and contact -- from both sides of the plate. Scouts have been impressed with his elite bat speed. A twitchy athlete with good reaction times, Level has enough range to stick in the infield with improved footwork. To back that assertio",MLB Pipeline Top 100,https://www.mlb.com/milb/prospects/2026/top100/,https://www.mlb.com/news/updated-top-100-prospects-list-may-2026,2026-05-14T18:11:54+00:00
65,Steele Hall,Steele,Hall,829162,steele-hall-829162,SS,SS,Cincinnati Reds,113,ACL Reds,3430,ROK,2029,18,2007-07-24,Mobile,USA,"5' 10""",180,R,R,2025,Video scouting report » Scouting grades: Hit: 50 | Power: 45 | Run: 70 | Arm: 55 | Field: 60 | Overall: 55 Hall's decision to reclassify for the 2025 Draft last November keeps looking better and better. He has added 15-20 pounds of strength during his third year of high school while improving both offensively and defensively. He won't turn 18 until 11 days after the Draft and should become the first Alabama prep middle infielder to go in the first round since Condredge Holloway went fourth overa,MLB Pipeline Top 100,https://www.mlb.com/milb/prospects/2026/top100/,https://www.mlb.com/news/updated-top-100-prospects-list-may-2026,2026-05-14T18:11:54+00:00
66,Cooper Pratt,Cooper,Pratt,806198,cooper-pratt-806198,SS,SS,Milwaukee Brewers,158,Nashville Sounds,556,AAA,2026,21,2004-08-18,Hialeah,USA,"6' 4""",210,R,R,2023,"Video scouting report » Scouting grades: Hit: 55 | Power: 50 | Run: 50 | Arm: 55 | Field: 55 | Overall: 50 Gunnar Henderson went 42nd overall in the 2019 Draft and quickly developed into one of the best young players in the big leagues. Scouts see a lot of similarities between Henderson and Pratt, who finished the showcase circuit as one of the top performers at the World Wood Bat Association World Series in October. They both played at private high schools in the Deep South and had tall, projec",MLB Pipeline Top 100,https://www.mlb.com/milb/prospects/2026/top100/,https://www.mlb.com/news/updated-top-100-prospects-list-may-2026,2026-05-14T18:11:54+00:00
67,Josue Briceño,Josue,Briceño,800522,josue-briceno-800522,C/1B,C,Detroit Tigers,116,Erie SeaWolves,106,AA,2027,21,2004-09-23,Maracay,Venezuela,"6' 4""",200,L,R,,"Scouting grades: Hit: 50 | Power: 55 | Run: 40 | Arm: 40 | Field: 40 | Overall: 45 Born in Miguel Cabrera’s hometown of Maracay, Venezuela, Briceno signed with the Tigers for an $800,000 bonus as part of their 2022 international class. After mixed results in the Dominican Summer League that year, Briceno’s offensive potential emerged in the Florida Complex League last summer with impressive power, including 13 doubles and seven home runs in 169 at-bats. A late-August move to Single-A Lakeland sh",MLB Pipeline Top 100,https://www.mlb.com/milb/prospects/2026/top100/,https://www.mlb.com/news/updated-top-100-prospects-list-may-2026,2026-05-14T18:11:54+00:00
68,Joshua Báez,Joshua,Báez,695491,joshua-baez-695491,OF,RF,St. Louis Cardinals,138,Memphis Redbirds,235,AAA,2026,22,2003-06-28,Boston,USA,"6' 3""",220,R,R,2021,"Scouting grades: Hit: 45 | Power: 60 | Run: 50 | Arm: 70 | Field: 50 | Overall: 50 Video scouting report » Massachusetts high school baseball doesn’t tend to produce a ton of early-round talent. The last time a prep talent from the state went in the top three rounds was when the D-backs took right-hander Matt Tabor in 2017 and Isan Diaz is the most recent position player taken that high, a second rounder -- also by Arizona -- in 2014. Báez, who had his raw power on display at a number of summer ",MLB Pipeline Top 100,https://www.mlb.com/milb/prospects/2026/top100/,https://www.mlb.com/news/updated-top-100-prospects-list-may-2026,2026-05-14T18:11:54+00:00
69,Nate George,Nate,George,825582,nate-george-825582,OF,OF,Baltimore Orioles,110,Frederick Keys,493,A+,2028,19,2006-06-04,Joliet,USA,"6' 0""",200,R,R,2024,"Scouting grades: Hit: 50 | Power: 45 | Run: 65 | Arm: 50 | Field: 60 | Overall: 45 The Orioles were very college heavy in the 2024 Draft, with 18 of their 21 selections that July coming from that demographic. They did roll the dice on a few high schoolers, and if the early returns mean anything, they might have scored big in taking George from the Illinois prep ranks in the 16th round. A multi-sport standout in high school, George signed for an over-slot $455,000 to join the organization with pl",MLB Pipeline Top 100,https://www.mlb.com/milb/prospects/2026/top100/,https://www.mlb.com/news/updated-top-100-prospects-list-may-2026,2026-05-14T18:11:54+00:00
70,Dax Kilby,Dax,Kilby,828076,dax-kilby-828076,SS,SS,New York Yankees,147,Tampa Tarpons,587,A,2028,19,2006-11-17,Newnan,USA,"6' 2""",190,L,R,2025,"Video scouting report » Scouting grades: Hit: 55 | Power: 50 | Run: 55 | Arm: 50 | Field: 45 | Overall: 50 One of the more polished high school bats available, Kilby has a track record of producing against quality competition on the showcase circuit. There are questions about his long-term defensive home, but his hitting ability could land him as high as the second round if he's signable away from a Clemson commitment. He led Newnan HS to the Georgia state 5-A championship this spring, the Couga",MLB Pipeline Top 100,https://www.mlb.com/milb/prospects/2026/top100/,https://www.mlb.com/news/updated-top-100-prospects-list-may-2026,2026-05-14T18:11:54+00:00
71,Gage Wood,Gage,Wood,805906,gage-wood-805906,RHP,P,Philadelphia Phillies,143,Clearwater Threshers,566,A,2027,22,2003-12-15,Newport,USA,"6' 0""",205,R,R,2025,"Video scouting report » Scouting grades: Fastball: 70 | Curveball: 55 | Slider: 45 | Changeup: 45 | Control: 55 | Overall: 50 After Wood became Arkansas' closer as a freshman in 2023 and then continued to log high-leverage relief innings as a sophomore, scouts looked forward to him joining the rotation this spring. He came down with a shoulder impingement after his second start and missed two months before coming back for the stretch run. Though his command was sporadic at times following his re",MLB Pipeline Top 100,https://www.mlb.com/milb/prospects/2026/top100/,https://www.mlb.com/news/updated-top-100-prospects-list-may-2026,2026-05-14T18:11:54+00:00
72,Anthony Eyanson,Anthony,Eyanson,809254,anthony-eyanson-809254,RHP,P,Boston Red Sox,111,Portland Sea Dogs,546,AA,2027,21,2004-10-09,Long Beach,USA,"6' 2""",208,R,R,2025,Video scouting report » Scouting grades: Fastball: 50 | Curveball: 55 | Slider: 65 | Changeup: 50 | Control: 50 | Overall: 50 Eyanson served UC San Diego as a solid starter for two seasons before electing to transfer to LSU. He showed top-two-rounds potential last summer by working with a 93-97 mph fastball and a hammer curveball while with the U.S. collegiate national team and in the Cape Cod League. His stuff wasn't as sharp early in his junior season but he came on strong in the final two mon,MLB Pipeline Top 100,https://www.mlb.com/milb/prospects/2026/top100/,https://www.mlb.com/news/updated-top-100-prospects-list-may-2026,2026-05-14T18:11:54+00:00
73,Cooper Ingle,Cooper,Ingle,694876,cooper-ingle-694876,C,C,Cleveland Guardians,114,Columbus Clippers,445,AAA,2026,24,2002-02-23,Asheville,USA,"5' 8""",190,L,R,2023,"Video scouting report » Scouting grades: Hit: 55 | Power: 30 | Run: 50 | Arm: 50 | Field: 50 | Overall: 40 After going 1-for-16 as a freshman in 2021, Ingle has been one of Clemson's best hitters the past two seasons. He has started games at five different positions: catcher, both outfield corners, DH and second base. Scouts love his makeup and appreciate his bat-to-ball skills, but they wonder whether he's physical enough to handle a full-time workload behind the plate. Ingle does a fine job of",MLB Pipeline Top 100,https://www.mlb.com/milb/prospects/2026/top100/,https://www.mlb.com/news/updated-top-100-prospects-list-may-2026,2026-05-14T18:11:54+00:00
74,Jonny Farmelo,Jonny,Farmelo,806071,jonny-farmelo-806071,OF,OF,Seattle Mariners,136,Everett AquaSox,403,A+,2028,21,2004-09-09,Centreville,USA,"6' 1""",205,L,R,2023,"Video scouting report » Scouting grades: Hit: 50 | Power: 50 | Run: 60 | Arm: 50 | Field: 50 | Overall: 50 Westfield High School in Virginia has had just one player get drafted and sign out of the school -- 2005 first-round pick Brandon Snyder, though big leaguer Justin Bour did go there before heading to George Mason University. Farmelo, who showed off his tools at events like the PDP League and East Coast Professional Showcase over the summer, has the chance to be the next. Farmelo is a physic",MLB Pipeline Top 100,https://www.mlb.com/milb/prospects/2026/top100/,https://www.mlb.com/news/updated-top-100-prospects-list-may-2026,2026-05-14T18:11:54+00:00
75,Charlie Condon,Charlie,Condon,809707,charlie-condon-809707,1B/OF,OF,Colorado Rockies,115,Albuquerque Isotopes,342,AAA,2026,23,2003-04-14,Atlanta,USA,"6' 5""",216,R,R,2024,"Video scouting report » Scouting grades : Hit: 60 | Power: 70 | Run: 40 | Arm: 55 | Field: 50 | Overall: 65 Scouts and college recruiters took little notice of Condon when he was a physically underdeveloped Georgia high schooler, and he wound up going to Georgia as a walk-on. He redshirted in 2022 as he continued to gain strength, then earned national freshman of the year honors last spring by slashing .386/.484/.800 with a Southeastern Conference freshman-record 25 homers. He won the Golden Spi",MLB Pipeline Top 100,https://www.mlb.com/milb/prospects/2026/top100/,https://www.mlb.com/news/updated-top-100-prospects-list-may-2026,2026-05-14T18:11:54+00:00
76,Carlos Lagrange,Carlos,Lagrange,801739,carlos-lagrange-801739,RHP,P,New York Yankees,147,Scranton/Wilkes-Barre RailRiders,531,AAA,2026,22,2003-05-25,Bayaguana,Dominican Republic,"6' 7""",248,R,R,,"Scouting grades: Fastball: 70 | Slider: 55 | Changeup: 45 | Control: 45 | Overall: 40 Four months after signing for a mere $10,000 out of the Dominican Republic in February 2022, Lagrange was blowing up the Rookie-level Dominican Summer League with upper-90s fastballs. He continued to light up radar guns during his U.S. debut this summer, when he led the Rookie-level Florida Complex League with 63 strikeouts in 41 2/3 innings. Lagrange sits at 94-97 mph and peaks at 100 with his fastball, usuall",MLB Pipeline Top 100,https://www.mlb.com/milb/prospects/2026/top100/,https://www.mlb.com/news/updated-top-100-prospects-list-may-2026,2026-05-14T18:11:54+00:00
77,Caden Scarborough,Caden,Scarborough,807291,caden-scarborough-807291,RHP,P,Texas Rangers,140,Hub City Spartanburgers,6324,A+,2027,21,2005-04-01,Kissimmee,USA,"6' 5""",185,R,R,2023,"Scouting grades: Fastball: 55 | Curveball: 50 | Slider: 55 | Changeup: 45 | Control: 50 | Overall: 45 More of a basketball player as a Florida high schooler, Scarborough didn’t attend many showcase events and flew under the scouting radar for most of his prep career. The Rangers loved his athleticism, projectability and delivery metrics enough to draft him in 2023’s sixth round and sign him away from a Dallas Baptist commitment for an over-slot $515,000. A strained lat delayed his pro debut unti",MLB Pipeline Top 100,https://www.mlb.com/milb/prospects/2026/top100/,https://www.mlb.com/news/updated-top-100-prospects-list-may-2026,2026-05-14T18:11:54+00:00
78,Didier Fuentes,Didier,Fuentes,800311,didier-fuentes-800311,RHP,P,Atlanta Braves,144,Atlanta Braves,144,MLB,2026,20,2005-06-17,Tolu,Colombia,"6' 0""",170,R,R,,"Scouting grades: Fastball: 50 | Slider: 50 | Splitter: 45 | Control: 50 | Overall: 40 The Braves handed out a pair of seven-figure bonuses at the start of the 2022 international signing period to hitters Diego Benitez and Douglas Glod. They may have found a bargain on the mound when they inked Fuentes out of Colombia for $75,000, the second largest bonus they gave to a pitcher that year. After making a strong first impression in the Dominican Summer League, he made his United States debut with f",MLB Pipeline Top 100,https://www.mlb.com/milb/prospects/2026/top100/,https://www.mlb.com/news/updated-top-100-prospects-list-may-2026,2026-05-14T18:11:54+00:00
79,Kendry Chourio,Kendry,Chourio,830402,kendry-chourio-830402,RHP,P,Kansas City Royals,118,Columbia Fireflies,3705,A,2029,18,2007-10-01,Maracaibo,Venezuela,"6' 0""",160,R,R,,"Scouting grades: Fastball: 60 | Curveball: 55 | Changeup: 50 | Control: 60 | Overall: 50 The Royals had some notable international additions to begin 2025 with catcher Moises Marchán (No. 31), shortstop Warren Calcaño (No. 38) and shortstop Ramcell Medina (No. 49) all ranking among MLB Pipeline's Top 50 prospects in the class. But it's Chourio who is popping up most in the group's first summer of pro ball. The 6-foot right-hander signed for $247,500 (the seventh-highest bonus given out by Kansas",MLB Pipeline Top 100,https://www.mlb.com/milb/prospects/2026/top100/,https://www.mlb.com/news/updated-top-100-prospects-list-may-2026,2026-05-14T18:11:54+00:00
80,Kevin Alvarez,Kevin,Alvarez,829037,kevin-alvarez-829037,OF,OF,Houston Astros,117,Fayetteville Woodpeckers,3712,A,2029,18,2008-01-13,Colon,Cuba,"6' 3""",184,L,L,,"Video scouting report » Scouting grades: Hit: 65 | Power: 60 | Run: 50 | Arm: 45 | Field: 50 | Overall: 55 Alvarez was born in Cuba but relocated to the Dominican Republic with his father in December 2021 to begin training for the opening of this year’s international signing period. He draws rave reviews from scouts who have seen his game mature and develop considerably over the past few years, as he has continually improved his all-around skill set. Alvarez trains with Javier Rodríguez at La Al",MLB Pipeline Top 100,https://www.mlb.com/milb/prospects/2026/top100/,https://www.mlb.com/news/updated-top-100-prospects-list-may-2026,2026-05-14T18:11:54+00:00
81,River Ryan,River,Ryan,689981,river-ryan-689981,RHP,P,Los Angeles Dodgers,119,Oklahoma City Comets,238,AAA,2026,27,1998-08-17,Charlotte,USA,"6' 2""",195,R,R,2021,"Scouting grades: Fastball: 60 | Curveball: 55 | Cutter: 55 | Changeup: 55 | Control: 45 | Overall: 50 A two-way star at NCAA Division II UNC Pembroke, Ryan batted .349 with nine homers as a second baseman while posting a 3.66 ERA with six saves as a fifth-year redshirt junior in 2021. Though teams preferred him as a pitcher, the Padres granted his wish and allowed him to focus on hitting in his pro debut after signing him for $100,000 as an 11th-rounder. He impressed on the mound during instruct",MLB Pipeline Top 100,https://www.mlb.com/milb/prospects/2026/top100/,https://www.mlb.com/news/updated-top-100-prospects-list-may-2026,2026-05-14T18:11:54+00:00
82,Roldy Brito,Roldy,Brito,821041,roldy-brito-821041,OF/2B,3B,Colorado Rockies,115,Fresno Grizzlies,259,A,2028,19,2007-04-08,Bonao,Dominican Republic,"5' 11""",183,S,R,,"Scouting grades: Hit: 50 | Power: 40 | Run: 60 | Arm: 50 | Field: 50 | Overall: 45 The Rockies' prize acquisition at the start of the 2024 international signing period was shortstop Ashly Andujar, who signed for $1.7 million and is off to a solid start in his pro career. It's possible, though, that he's been passed by Brito, another Dominican infielder who received $420,000 to join the organization at the same time. After a solid, albeit unspectacular debut that summer in the Dominican Summer Le",MLB Pipeline Top 100,https://www.mlb.com/milb/prospects/2026/top100/,https://www.mlb.com/news/updated-top-100-prospects-list-may-2026,2026-05-14T18:11:54+00:00
83,Logan Henderson,Logan,Henderson,701656,logan-henderson-701656,RHP,P,Milwaukee Brewers,158,Milwaukee Brewers,158,MLB,2026,24,2002-03-02,Houston,USA,"6' 0""",209,R,R,2021,"Video scouting report » Scouting grades: Fastball: 50 | Curveball: 50 | Changeup: 60 | Control: 55 | Overall: 40 A true freshman, Henderson pitched McLennan (Texas) CC to the second Junior College World Series championship in school history. He took MVP honors at the Series after winning two eight-inning starts, striking out 14 against Florence-Darlington (S.C.) Tech in the first round and 17 against Central Arizona in the finals. That capped a season in which he led all national juco pitchers i",MLB Pipeline Top 100,https://www.mlb.com/milb/prospects/2026/top100/,https://www.mlb.com/news/updated-top-100-prospects-list-may-2026,2026-05-14T18:11:54+00:00
84,Kayson Cunningham,Kayson,Cunningham,815617,kayson-cunningham-815617,SS,SS,Arizona Diamondbacks,109,Visalia Rawhide,516,A,2029,19,2006-06-25,Tucson,USA,"5' 10""",182,L,R,2025,"Video scouting report » Scouting grades: Hit: 60 | Power: 45 | Run: 60 | Arm: 55 | Field: 50 | Overall: 55 A slightly bigger and lefty-swinging version of Jett Williams, a Texas prep shortstop who went 14th overall to the Mets in 2022, Cunningham is a better pure hitter at the same stage and perhaps the best in the 2025 prep class. He led Team USA with a .417 average at an 18-and-under World Cup qualifier in Panama last August, won USA Baseball's player of the year award in 2024 and Gatorade sta",MLB Pipeline Top 100,https://www.mlb.com/milb/prospects/2026/top100/,https://www.mlb.com/news/updated-top-100-prospects-list-may-2026,2026-05-14T18:11:54+00:00
85,Jefferson Rojas,Jefferson,Rojas,800473,jefferson-rojas-800473,SS,SS,Chicago Cubs,112,Knoxville Smokies,553,AA,2027,21,2005-04-25,Puerto Plata,Dominican Republic,"5' 11""",150,R,R,,"Scouting grades: Hit: 55 | Power: 50 | Run: 50 | Arm: 60 | Field: 50 | Overall: 50 The Cubs viewed Rojas as one of the more advanced hitters in the 2022 international class and signed him out of the Dominican Republic for $1 million, the third-highest bonus in their crop. After a strong debut in the Rookie-level Dominican Summer League, he needed just one game in the Rookie-level Arizona Complex League this June before earning a promotion to Low-A at age 18. Since his arrival in Myrtle Beach, he",MLB Pipeline Top 100,https://www.mlb.com/milb/prospects/2026/top100/,https://www.mlb.com/news/updated-top-100-prospects-list-may-2026,2026-05-14T18:11:54+00:00
86,Brody Hopkins,Brody,Hopkins,811315,brody-hopkins-811315,RHP,P,Tampa Bay Rays,139,Durham Bulls,234,AAA,2026,24,2002-01-18,Summerville,USA,"6' 4""",200,R,R,2023,"Scouting grades : Fastball: 55 | Slider: 55 | Changeup: 40 | Control: 40 | Overall: 40 The brother of former Red and current Giant T.J. Hopkins, Brody Hopkins was a two-way player, starting at College of Charleston, where he pitched very sparingly over two years. He moved to Winthrop and got the chance to play the outfield and start, showing enough on the mound for the Mariners to take him in the sixth round of the 2023 Draft and signing him for an under-slot bonus of $225,000 with the intent to",MLB Pipeline Top 100,https://www.mlb.com/milb/prospects/2026/top100/,https://www.mlb.com/news/updated-top-100-prospects-list-may-2026,2026-05-14T18:11:54+00:00
87,Pedro Ramírez,Pedro,Ramírez,699393,pedro-ramirez-699393,3B/2B,2B,Chicago Cubs,112,Iowa Cubs,451,AAA,2026,22,2004-04-01,Temblador,Venezuela,"5' 9""",165,S,R,,"Scouting grades: Hit: 55 | Power: 40 | Run: 60 | Arm: 50 | Field: 55 | Overall: 45 Chicago invested most of its 2021 international bonus pool in shortstop Cristian Hernandez ($3 million) and catcher Moises Ballesteros ($1.2 million) but also found a $75,000 steal in Ramirez, who trained with Ballesteros in Venezuela. He led the Rookie-level Dominican Summer League in hits (70) and total bases (98) while finishing third in batting (.359) during his 2021 pro debut. He came to the United States las",MLB Pipeline Top 100,https://www.mlb.com/milb/prospects/2026/top100/,https://www.mlb.com/news/updated-top-100-prospects-list-may-2026,2026-05-14T18:11:54+00:00
88,Kyson Witherspoon,Kyson,Witherspoon,804817,kyson-witherspoon-804817,RHP,P,Boston Red Sox,111,Greenville Drive,428,A+,2027,21,2004-08-12,Kansas City,USA,"6' 2""",206,R,R,2025,"Video scouting report » Scouting grades: Fastball: 65 | Curveball: 60 | Slider: 60 | Cutter: 60 | Changeup: 45 | Control: 50 | Overall: 55 Scouts have followed the Witherspoon twins since high school, with the Diamondbacks trying to sign Malachi to an over-slot bonus as a 12th-rounder in 2022. Though they have similar stuff, Kyson since has surpassed him as a prospect after performing significantly better in their time at Northwest Florida State JC and Oklahoma. He has much more of a starter loo",MLB Pipeline Top 100,https://www.mlb.com/milb/prospects/2026/top100/,https://www.mlb.com/news/updated-top-100-prospects-list-may-2026,2026-05-14T18:11:54+00:00
89,Jurrangelo Cijntje,Jurrangelo,Cijntje,701388,jurrangelo-cijntje-701388,RHP,P,St. Louis Cardinals,138,Springfield Cardinals,440,AA,2026,22,2003-05-31,Gravenhage,Netherlands,"5' 11""",200,S,S,2024,"Video scouting report » Scouting grades: Fastball: 55 | Curveball: 45 | Slider: 55 | Control: 50 | Overall: 45 If you’re looking for perhaps the most unique player in the 2022 Draft class, Cijntje might be it. The native of Curacao, who pitched for his home country in the Little League World Series in 2016, now calls southern Florida home and is a legitimate pitching prospect from both sides. He showed improvement both left-handed and right-handed over the course of the summer, finishing off wit",MLB Pipeline Top 100,https://www.mlb.com/milb/prospects/2026/top100/,https://www.mlb.com/news/updated-top-100-prospects-list-may-2026,2026-05-14T18:11:54+00:00
90,Jaxon Wiggins,Jaxon,Wiggins,694393,jaxon-wiggins-694393,RHP,P,Chicago Cubs,112,Iowa Cubs,451,AAA,2026,24,2001-10-03,Roland,USA,"6' 6""",225,R,R,2023,"Video scouting report » Scouting grades: Fastball: 65 | Curveball: 50 | Slider: 55 | Changeup: 55 | Control: 40 | Overall: 45 Wiggins has flashed first-round stuff since his days as an Oklahoma high schooler and looked ready to take a step forward after pitching for the U.S. collegiate national team following his freshman season in 2021. Instead, he struggled as Arkansas' Sunday starter last year and barely pitched in the last month while giving up 12 runs in his final five innings. He looked li",MLB Pipeline Top 100,https://www.mlb.com/milb/prospects/2026/top100/,https://www.mlb.com/news/updated-top-100-prospects-list-may-2026,2026-05-14T18:11:54+00:00
91,Nathan Flewelling,Nathan,Flewelling,807083,nathan-flewelling-807083,C,C,Tampa Bay Rays,139,Bowling Green Hot Rods,2498,A+,2028,19,2006-11-11,Red Deer,Canada,"6' 2""",200,L,R,2024,"Video scouting report » Scouting grades: Hit: 50 | Power: 45 | Run: 40 | Arm: 50 | Field: 45 | Overall: 40 While the Canadian province of Alberta has produced some big league arms like Mike Soroka and Chris Reitsma, there has never been a high school hitter to be drafted and signed from the area to make it to the highest level. Flewelling, a young catcher who helped offset a relative lack of exposure by performing well at the MLB Draft Combine in June, hopes to be the first. Flewelling checks of",MLB Pipeline Top 100,https://www.mlb.com/milb/prospects/2026/top100/,https://www.mlb.com/news/updated-top-100-prospects-list-may-2026,2026-05-14T18:11:54+00:00
92,Ronny Cruz,Ronny,Cruz,826723,ronny-cruz-826723,INF,SS,Washington Nationals,120,Wilmington Blue Rocks,426,A+,2029,19,2006-08-24,Santo Domingo,Dominican Republic,"6' 2""",170,R,R,2024,"Scouting grades: Hit: 45 | Power: 50 | Run: 55 | Arm: 60 | Field: 55 | Overall: 40 Born in the Dominican Republic, Cruz had teams interested in signing him when he became eligible on the international market in 2022. He moved to Florida for his final two years of high school and was hard to scout this spring because he had knee surgery in November 2023 and wasn't completely healthy until late in his senior year. Though he was a surprise third-round selection in July, the Cubs had second-round gr",MLB Pipeline Top 100,https://www.mlb.com/milb/prospects/2026/top100/,https://www.mlb.com/news/updated-top-100-prospects-list-may-2026,2026-05-14T18:11:54+00:00
93,Kruz Schoolcraft,Kruz,Schoolcraft,828244,kruz-schoolcraft-828244,LHP,P,San Diego Padres,135,Lake Elsinore Storm,103,A,2029,19,2007-04-18,Albuquerque,USA,"6' 8""",229,L,L,2025,"Video scouting report » Scouting grades: Fastball: 60 | Slider: 60 | Changeup: 55 | Control: 50 | Overall: 55 Schoolcraft was originally slated to be part of the Class of 2026, but he reclassified back in December 2023 to join this crop. A legitimate two-way standout as a left-handed pitcher and a first baseman, most teams likely prefer him on the hill after he excelled at events like the Area Code Games over the summer. He has the chance to be the next in the line of Oregon prep arms to go in t",MLB Pipeline Top 100,https://www.mlb.com/milb/prospects/2026/top100/,https://www.mlb.com/news/updated-top-100-prospects-list-may-2026,2026-05-14T18:11:54+00:00
94,Ike Irish,Ike,Irish,702610,ike-irish-702610,OF/1B,C,Baltimore Orioles,110,Frederick Keys,493,A+,2028,22,2003-11-26,Grand Rapids,USA,"6' 2""",201,L,R,2025,"Video scouting report » Scouting grades : Hit: 45 | Power: 50 | Run: 40 | Arm: 60 | Field: 55 | Overall: 45 Part of a loaded 2021 St. Mary's Prep (Orchard Lake) team that went 43-1 and won the Michigan Division 2 state championship, Irish was overshadowed by teammates Alex Mooney (a top-two-rounds talent who's now at Duke), Brock Porter (a potential first-rounder in 2022) and Nolan Schubart. He raised his profile on the showcase circuit during the summer, particularly at East Coast Pro, but his ",MLB Pipeline Top 100,https://www.mlb.com/milb/prospects/2026/top100/,https://www.mlb.com/news/updated-top-100-prospects-list-may-2026,2026-05-14T18:11:54+00:00
95,Wei-En Lin,Wei-En,Lin,827734,wei-en-lin-827734,LHP,P,Athletics,133,Midland RockHounds,237,AA,2027,20,2005-11-04,Taoyuen,Taiwan,"6' 2""",179,L,L,,"Scouting grades: Fastball: 50 | Curveball: 50 | Slider: 45 | Changeup: 50 | Splitter: 45 | Control: 55 | Overall: 40 The A’s were very aggressive in acquiring talent on the international amateur market during the 2024 signing period, handing out three seven-figure bonuses. Two hitters, Venezuelan outfielder Jose Ramos and Dominican shortstop Edgar Montero, each got $1.2 million at the start of the period in January, but then the A’s went to the Far East to sign Lin, a Taiwanese left-hander for $",MLB Pipeline Top 100,https://www.mlb.com/milb/prospects/2026/top100/,https://www.mlb.com/news/updated-top-100-prospects-list-may-2026,2026-05-14T18:11:54+00:00
96,Luis Lara,Luis,Lara,800325,luis-lara-800325,OF,CF,Milwaukee Brewers,158,Nashville Sounds,556,AAA,2026,21,2004-11-17,San Felipe,Venezuela,"5' 7""",169,S,R,,"Scouting grades: Hit: 50 | Power: 40 | Run: 60 | Arm: 50 | Field: 55 | Overall: 45 The Brewers signed three players to seven-figure bonuses when the international window opened last January -- Venezuelan shortstop Johan Barrios ($1.385 million), Dominican shortstop Jhonny Severino ($1.23 million) and Venezuelan outfielder Lara ($1.1 million). Lara has begun his career in the Dominican Summer League, where he’s been an impressive early performer through his first 40 games. Standing at just 5-foot",MLB Pipeline Top 100,https://www.mlb.com/milb/prospects/2026/top100/,https://www.mlb.com/news/updated-top-100-prospects-list-may-2026,2026-05-14T18:11:54+00:00
97,Josh Hammond,Josh,Hammond,815843,josh-hammond-815843,SS/3B,SS,Kansas City Royals,118,Columbia Fireflies,3705,A,2029,19,2006-09-21,Greensboro,USA,"6' 1""",210,R,R,2025,"Video scouting report » Scouting grades: Hit: 50 | Power: 55 | Run: 50 | Arm: 65 | Field: 50 | Overall: 50 The son of High Point coach Joey Hammond, Josh is a two-way player reminiscent of fellow North Carolina prep product Nolan McLean, who went on to play both ways at Oklahoma State before signing with the Mets as a third-rounder in 2023. The consensus was that Hammond was better on the mound and he focused mainly on pitching with the U.S. 18-and-under team last summer, but he wants to play ev",MLB Pipeline Top 100,https://www.mlb.com/milb/prospects/2026/top100/,https://www.mlb.com/news/updated-top-100-prospects-list-may-2026,2026-05-14T18:11:54+00:00
98,Justin Gonzales,Justin,Gonzales,821100,justin-gonzales-821100,OF,OF,Boston Red Sox,111,Greenville Drive,428,A+,2028,19,2006-12-31,Bani,Dominican Republic,"6' 5""",210,R,R,,"Scouting grades: Hit: 55 | Power: 55 | Run: 45 | Arm: 70 | Field: 45 | Overall: 50 Gonzales already stood 6-foot-4 and 210 pounds when he signed out of the Dominican Republic for $250,000 in January 2024, and he has grown taller and stronger since. He broke into pro ball by winning the Red Sox's Latin program player of the year award by slashing .320/.391/.517 with 20 extra-base hits and eight steals in 47 games in Rookie-level Dominican Summer League. He also led the DSL Red Sox Red to the leag",MLB Pipeline Top 100,https://www.mlb.com/milb/prospects/2026/top100/,https://www.mlb.com/news/updated-top-100-prospects-list-may-2026,2026-05-14T18:11:54+00:00
99,Charles Davalan,Charles,Davalan,804560,charles-davalan-804560,OF,OF,Los Angeles Dodgers,119,Great Lakes Loons,456,A+,2028,22,2003-12-16,Waterloo,Canada,"5' 9""",190,L,R,2025,"Video scouting report » Scouting grades: Hit: 60 | Power: 50 | Run: 55 | Arm: 45 | Field: 55 | Overall: 50 Davalan moved from Montreal to Florida for his high school senior season in 2023, attracting some scouting attention but not enough to divert him from attending Florida Gulf Coast. After transferring to Arkansas this spring, he has become one of the most productive hitters in the Southeastern Conference as a sophomore. He's giving off some Drew Gilbert vibes, though he won't quite go in the",MLB Pipeline Top 100,https://www.mlb.com/milb/prospects/2026/top100/,https://www.mlb.com/news/updated-top-100-prospects-list-may-2026,2026-05-14T18:11:54+00:00
100,Xavier Neyens,Xavier,Neyens,815832,xavier-neyens-815832,3B/SS,SS,Houston Astros,117,Fayetteville Woodpeckers,3712,A,2029,19,2006-10-29,Everett,USA,"6' 3""",210,L,R,2025,"Video scouting report » Scouting grades: Hit: 50 | Power: 65 | Run: 45 | Arm: 60 | Field: 50 | Overall: 50 There have been nine high school hitters to be drafted in the first round and signed out of the state of Washington in the history of the Draft, the best of which came in 2019 in the form of Corbin Carroll. Long known for his bat, Neyens' increase in power has helped him make the jump to a top-level prospect, one who was extremely busy on the summer showcase circuit, playing in events inclu",MLB Pipeline Top 100,https://www.mlb.com/milb/prospects/2026/top100/,https://www.mlb.com/news/updated-top-100-prospects-list-may-2026,2026-05-14T18:11:54+00:00
