Eno,Name,Arp 15,24-Mar,18-Mar,MLBAM id,Team,LG,Proj STM$,Proj IP,Health,26 K-BB,ppERA,ppK%,ppWHIP,Stuff+,Location+,Pitching+,26 ERA,26 SIERA,
1,Paul Skenes,2,2,2,694973,PIT,NL,47,189,91%,26.49%,2.87,29.30%,1.07,99,115,113,1.98,2.64,
2,Cristopher Sánchez,3,4,4,650911,PHI,NL,38.2,192,94%,22.46%,3,25.00%,1.12,118,97,113,2.11,2.66,
3,Chris Sale,7,10,10,519242,ATL,NL,39.3,159,63%,23.04%,2.96,29.70%,1.08,115,107,117,2.2,2.96,
4,Jacob deGrom,10,17,17,594798,TEX,AL,34.9,151,53%,28.16%,3.23,28.60%,1.06,110,115,123,2.62,2.61,
5,Jacob Misiorowski,25,23,24,694819,MIL,NL,22.5,161,74%,31.19%,2.98,31.60%,1.21,125,98,122,2.12,2.24,
6,Shohei Ohtani,12,20,20,660271,LAD,NL,23.8,137,66%,22.81%,2.99,29.20%,1.08,114,101,113,0.82,2.93,
7,Yoshinobu Yamamoto,5,5,5,808967,LAD,NL,21.9,158,85%,19.49%,3.34,26.70%,1.13,102,108,111,3.6,3.37,
8,Max Fried,6,7,7,608331,NYY,AL,21.3,172,87%,12.92%,3.43,22.60%,1.18,106,102,110,3.21,3.99,
9,Cam Schlittler,20,28,29,693645,NYY,AL,12.1,155,77%,24.75%,3.42,25.60%,1.23,113,108,117,1.35,2.69,
10,Nolan McLean,18,26,27,690997,NYM,NL,22.1,164,79%,25.71%,3.47,24.60%,1.27,108,103,116,2.78,2.65,
11,Logan Gilbert,9,8,8,669302,SEA,AL,28,169,88%,20.59%,3.11,26.90%,1.05,106,107,112,3.78,3.27,
12,Chase Burns,26,25,26,695505,CIN,NL,16.7,149,72%,17.39%,3.32,29.00%,1.14,111,102,114,2.11,3.57,
13,Dylan Cease,19,22,23,656302,TOR,AL,30.4,179,90%,24.88%,3.38,28.50%,1.2,107,100,108,2.41,2.8,
14,George Kirby,13,11,11,669923,SEA,AL,26.1,172,86%,14.10%,3.27,23.40%,1.1,100,113,112,2.84,3.61,
15,Bryan Woo,8,9,9,693433,SEA,AL,25.1,173,87%,17.54%,3.24,25.10%,1.05,110,109,115,3.91,3.88,
16,Drew Rasmussen,22,30,22,656876,TBR,AL,19.6,152,72%,21.18%,3.49,23.40%,1.15,104,116,118,3.16,3.1,
17,Blake Snell,,56,54,605483,LAD,NL,18.4,105,65%,16.67%,3.05,30.50%,1.18,119,93,105,12,3.06,
18,Zack Wheeler,,39,40,554430,PHI,NL,33.9,139,67%,16.84%,3.47,26.90%,1.12,105,104,110,2.55,3.5,
19,Joe Ryan,17,19,19,657746,MIN,AL,22.1,166,88%,17.68%,3.65,25.90%,1.12,107,105,109,3.43,3.61,
20,Braxton Ashcraft,32,44,46,677952,PIT,NL,9.4,148,77%,19.37%,3.63,23.10%,1.26,102,101,103,2.77,3.32,
21,Shane McClanahan,61,67,67,663556,TBR,AL,23.4,139,#N/A,16.35%,3.55,25.00%,1.17,107,96,105,2.27,3.72,
22,Kevin Gausman,23,38,43,592332,TOR,AL,16.3,179,86%,18.66%,3.94,22.80%,1.22,101,110,108,3.86,3.49,
23,Freddy Peralta,24,18,18,642547,NYM,NL,19.2,170,86%,14.76%,3.85,25.10%,1.23,96,106,102,3.1,3.87,
24,Gavin Williams,31,42,44,668909,CLE,AL,11.4,171,83%,19.56%,3.68,25.40%,1.28,105,101,103,3.74,3.36,
25,José Soriano,37,74,76,667755,LAA,AL,14.1,172,83%,19.07%,3.59,23.00%,1.33,102,106,111,1.66,3.34,
26,Carlos Rodón,,55,53,607074,NYY,AL,13.4,128,77%,-4.76%,3.88,24.50%,1.23,109,71,79,6.23,6.52,
27,Jesús Luzardo,21,27,28,666200,PHI,NL,30.7,183,78%,23.68%,3.3,27.70%,1.14,112,101,112,5.77,2.74,
28,Shota Imanaga,51,60,58,684007,CHC,NL,19.4,168,92%,21.80%,4.15,22.90%,1.16,95,106,102,2.32,3.17,
29,Nathan Eovaldi,33,32,33,543135,TEX,AL,19.8,143,61%,18.50%,3.7,22.80%,1.19,98,108,107,4.15,3.31,
30,Payton Tolle,,,,801139,BOS,AL,,128,,24.14%,3.69,26.90%,1.22,111,92,100,2.78,2.92,
31,Ryan Weathers,48,61,61,677960,NYY,AL,12.2,127,65%,22.65%,3.75,24.30%,1.23,99,114,111,3,3,
32,Trey Yesavage,,,,702056,TOR,AL,,118,,17.54%,3.73,26.90%,1.24,111,89,96,0.68,3.8,
33,Will Warren,44,64,64,701542,NYY,AL,10,161,89%,23.74%,3.66,24.60%,1.23,109,108,118,3.42,2.88,
34,Kyle Harrison,47,80,81,690986,MIL,NL,6.6,139,80%,20.00%,3.74,25.50%,1.24,105,112,113,2.41,3.33,
35,Parker Messick,57,73,75,800048,CLE,AL,11.7,164,81%,21.46%,3.9,22.60%,1.28,98,109,109,2.35,3.08,
36,Kyle Bradish,30,15,15,680694,BAL,AL,14.4,149,57%,13.11%,3.69,25.20%,1.24,100,99,101,4.21,4.04,
37,Framber Valdez,15,13,13,664285,DET,AL,17.9,181,90%,11.21%,3.63,21.80%,1.26,107,100,107,4.32,4.02,
38,Connelly Early,42,66,134,813349,BOS,AL,3.5,133,78%,11.86%,4.07,23.00%,1.33,103,96,98,3.16,4.25,
39,Michael King,35,41,37,650633,SDP,NL,16.8,153,76%,13.66%,4,24.00%,1.26,94,96,91,2.63,3.98,
40,Eury Pérez,29,14,14,691587,MIA,NL,9.7,163,65%,14.01%,3.64,27.10%,1.19,116,92,104,4.94,4.08,
41,Bryce Miller,,85,93,682243,SEA,AL,2.1,105,81%,8.00%,3.81,22.20%,1.2,114,120,132,3.38,4.87,
42,Nick Lodolo,,29,30,666157,CIN,NL,10.8,111,83%,9.30%,3.72,24.40%,1.19,107,94,98,8.68,4.56,
43,Sonny Gray,34,37,42,543243,BOS,AL,16.2,170,83%,9.35%,3.88,24.00%,1.23,101,99,103,3.18,4.4,
44,Connor Prielipp,,,,687570,MIN,AL,,109,,17.72%,3.8,24.80%,1.28,105,106,104,3.32,3.7,
45,Robbie Ray,38,49,50,592662,SFG,NL,6,171,71%,14.29%,4.11,24.80%,1.28,101,96,95,3.04,4.21,
46,Logan Henderson,,117,114,701656,MIL,NL,6.6,101,76%,28.57%,3.71,26.50%,1.16,107,113,115,4.15,2.68,
47,Spencer Strider,,,,675911,ATL,NL,,121,,17.50%,3.75,28.10%,1.22,93,87,78,2.89,3.92,
48,Edward Cabrera,54,33,34,665795,CHC,NL,7.2,143,72%,14.58%,3.84,24.50%,1.27,95,105,99,3.88,3.84,
49,Emmet Sheehan,39,24,25,686218,LAD,NL,16.8,129,65%,21.71%,3.65,27.80%,1.16,93,110,104,4.79,3.08,
50,Landen Roupp,59,82,90,694738,SFG,NL,6,158,81%,18.08%,3.74,23.80%,1.33,99,109,108,3.09,3.4,
51,Clay Holmes,62,78,79,605280,NYM,NL,4.2,169,82%,10.94%,3.73,20.50%,1.33,101,104,103,1.86,3.94,
52,Emerson Hancock,65,105,120,676106,SEA,AL,2.3,137,80%,22.16%,3.94,20.60%,1.26,103,108,104,3.21,3.06,
53,Ranger Suárez,56,59,57,624133,BOS,AL,13.5,161,91%,14.86%,4.15,21.00%,1.3,93,106,103,2.77,3.9,
54,Jack Leiter,53,70,71,683004,TEX,AL,1.1,163,84%,16.58%,3.99,24.40%,1.28,104,96,102,4.85,3.68,
55,Tanner Bibee,60,45,47,676440,CLE,AL,11,173,96%,13.92%,3.82,23.00%,1.21,104,97,100,4.17,3.99,
56,Christian Scott,,174,165,681035,NYM,NL,#N/A,85,#N/A,15.71%,3.69,24.80%,1.18,108,99,104,3.45,3.94,
57,MacKenzie Gore,28,36,38,669022,TEX,AL,16.8,163,87%,15.20%,3.81,26.00%,1.25,98,102,100,4.5,3.95,
58,Michael Soroka,64,135,127,647336,ARI,NL,4.3,141,62%,18.92%,4.07,23.20%,1.3,94,107,99,3.53,3.38,
59,Joey Cantillo,45,65,65,676282,CLE,AL,4.2,147,88%,11.17%,4.01,23.20%,1.32,97,91,89,2.98,4.32,
60,Reid Detmers,66,71,72,672282,LAA,AL,10.7,149,#N/A,16.90%,3.76,25.90%,1.22,104,109,111,4.38,3.67,
61,Max Meyer,71,79,80,676974,MIA,NL,9.5,152,66%,18.23%,4.09,22.50%,1.3,97,109,107,3.21,3.49,
62,Ryne Nelson,58,77,78,669194,ARI,NL,0.2,163,85%,15.10%,4.15,20.80%,1.25,105,105,109,5.4,4.25,
63,Kris Bubic,52,50,59,663460,KCR,AL,9.3,145,72%,12.83%,4.14,22.10%,1.32,93,101,98,3.5,4.17,
64,Luis Castillo,36,47,49,622491,SEA,AL,13.4,170,88%,13.48%,3.8,22.50%,1.19,97,112,108,6.57,4.11,
65,Sandy Alcantara,40,46,48,645261,MIA,NL,2.2,176,70%,7.85%,4.21,19.60%,1.3,100,102,101,3.9,4.65,
66,Trevor Rogers,27,32,60,669432,BAL,AL,2,153,84%,11.04%,4.36,19.90%,1.31,99,100,98,5.77,4.4,
67,Bryce Elder,113,169,204,693821,ATL,NL,-1.8,156,92%,15.21%,4.47,19.50%,1.36,86,101,90,1.81,3.83,
68,Aaron Nola,41,51,51,605400,PHI,NL,15.9,162,81%,15.85%,4.03,23.30%,1.22,105,98,102,5.14,3.75,
69,Janson Junk,68,146,139,676083,MIA,NL,-2.1,149,80%,12.71%,4.22,18.00%,1.27,101,111,110,3.25,4.07,
70,Bubba Chandler,50,35,36,696149,PIT,NL,-6.3,144,73%,4.05%,4.06,22.70%,1.34,105,100,107,4.62,5.45,
71,Mitch Keller,80,91,91,656605,PIT,NL,2,172,93%,10.95%,4.2,20.40%,1.31,93,105,99,3.59,4.32,
72,Davis Martin,124,198,191,663436,CHW,AL,3.4,143,84%,21.88%,4.26,20.10%,1.33,89,103,93,1.62,3.08,
73,Carmen Mlodzinski,72,101,180,669387,PIT,NL,-0.9,121,75%,15.82%,3.92,21.40%,1.31,93,107,100,4.5,3.58,
74,Griffin Jax,,,,643377,TBR,AL,,109,,4.04%,3.13,27.70%,1.17,105,102,109,3.91,5.01,
75,Ben Brown,,164,157,676962,CHC,NL,7.8,103,78%,15.79%,3.44,25.80%,1.18,107,98,103,1.82,3.21,
76,Randy Vásquez,83,138,190,681190,SDP,NL,-8.1,165,90%,16.02%,4.42,18.50%,1.34,99,101,95,3.05,3.75,
77,Foster Griffin,104,132,189,656492,WSN,NL,8.5,151,#N/A,14.21%,4.36,21.00%,1.3,98,102,100,2.12,3.93,
78,Shane Baz,55,69,63,669358,BAL,AL,1,153,74%,9.60%,4.25,22.30%,1.31,99,98,100,5.48,4.55,
79,Noah Schultz,77,,,702273,CHW,AL,-6.5,109,#N/A,4.00%,4.17,22.10%,1.32,98,95,92,4.91,5.42,
80,Jack Flaherty,67,69,70,656427,DET,AL,10.1,160,86%,8.24%,3.98,24.90%,1.27,99,89,89,5.73,4.91,
81,Braxton Garrett,,89,89,666129,MIA,NL,5,101,#N/A,#N/A,4.1,20.90%,1.28,#N/A,#N/A,#N/A,#N/A,,
82,Dustin May,79,99,83,669160,STL,NL,1.8,148,60%,11.73%,4.26,20.20%,1.32,104,99,102,4.85,4.2,
83,Brandon Sproat,78,100,137,687075,MIL,NL,-4.3,135,75%,10.39%,4.06,21.70%,1.33,100,93,94,5.75,4.42,
84,Nick Martinez,86,163,156,607259,TBR,AL,-2.5,172,89%,10.88%,4.11,19.00%,1.25,100,105,104,1.7,4.39,
85,Zebby Matthews,,121,116,805673,MIN,AL,2.2,95,77%,#N/A,3.96,22.60%,1.22,#N/A,#N/A,#N/A,#N/A,5.56,
86,Tyler Mahle,97,111,117,641816,SFG,NL,3.4,136,57%,12.09%,4.33,20.20%,1.32,90,112,104,5.18,4.16,
87,Sean Burke,98,197,188,680732,CHW,AL,-7.4,158,85%,14.53%,4.43,21.90%,1.36,96,107,101,3.68,3.85,
88,Michael Wacha,85,161,154,608379,KCR,AL,-0.4,164,79%,12.44%,4.69,18.60%,1.33,98,101,99,2.63,4.31,
89,Zac Gallen,63,76,96,668678,ARI,NL,1.4,181,90%,7.77%,4.35,20.80%,1.32,88,108,99,5.65,4.56,
90,Spencer Arrighetti,87,126,119,681293,HOU,AL,-2.3,131,78%,10.40%,4.3,23.50%,1.35,96,92,92,1.88,4.51,
91,Mike Burrows,93,72,74,681347,HOU,AL,3.6,153,81%,14.43%,4.33,22.40%,1.28,94,99,95,5.04,3.97,
92,Cade Cavalli,96,88,88,676917,WSN,NL,4.1,133,56%,13.68%,4.06,21.10%,1.35,101,91,91,4.02,3.99,
93,Trevor McDonald,,188,176,686790,SFG,NL,-6.5,71,78%,20.00%,4.23,19.20%,1.38,101,104,107,2.92,2.37,
94,Grant Holmes,89,105,106,656550,ATL,NL,-0.8,128,78%,7.34%,4.26,22.70%,1.34,91,98,91,4.35,4.78,
95,Roki Sasaki,114,145,138,808963,LAD,NL,-1.7,109,68%,9.55%,4.62,20.60%,1.36,102,95,101,5.88,4.56,
96,Seth Lugo,94,149,142,607625,KCR,AL,-0.8,167,82%,12.22%,4.82,18.70%,1.38,87,106,93,3.76,4.21,
97,Jameson Taillon,121,152,145,592791,CHC,NL,0,143,74%,12.90%,4.6,19.00%,1.26,94,100,99,3.94,4.27,
98,Andrew Abbott,100,80,100,671096,CIN,NL,-2.4,166,90%,6.40%,4.75,20.40%,1.3,93,98,92,4.47,4.87,
99,Chase Dollander,126,156,150,801403,COL,NL,-17.6,133,76%,16.67%,4.52,23.20%,1.44,106,97,102,3.35,3.33,
100,David Peterson,90,92,95,656849,NYM,NL,5.9,134,88%,13.26%,3.94,20.30%,1.34,89,102,95,5.49,3.63,
101,J.T. Ginn,106,157,151,669372,ATH,AL,0.1,129,81%,10.29%,4.3,20.70%,1.35,96,104,103,3.12,4.23,
102,Slade Cecconi,75,98,101,677944,CLE,AL,-2.7,145,86%,10.24%,4.37,19.50%,1.27,93,99,89,5.6,4.41,
103,Griffin Canning,,,,656288,SDP,NL,-0.6,105,74%,17.07%,4.28,20.60%,1.34,96,94,96,6.75,3.56,
104,Michael McGreevy,122,155,149,700241,STL,NL,3.7,174,87%,13.69%,4.6,16.00%,1.32,81,111,94,2.18,3.96,
105,Colin Rea,127,,,607067,CHC,NL,-5.7,132,81%,12.37%,4.44,19.00%,1.3,94,102,96,4.68,3.86,
106,Matthew Liberatore,81,81,82,669461,STL,NL,-3.6,164,90%,7.88%,4.41,19.50%,1.33,100,99,97,4.4,4.77,
107,Andrew Painter,76,131,124,691725,PHI,NL,-7.2,124,#N/A,12.79%,4.6,20.20%,1.41,100,103,103,6.21,4.09,5.79
108,Walbert Urena,,,,700712,LAA,AL,,104,,7.56%,4.86,17.20%,1.52,98,103,106,3.29,4.74,
109,Kyle Leahy,116,106,,681517,STL,AL,-4.9,128,,8.33%,4.4,19.10%,1.36,89,104,97,4.31,4.43,
110,Brayan Bello,105,101,102,678394,BOS,AL,-7.1,169,88%,6.59%,4.52,18.90%,1.4,93,101,95,6.46,4.5,
111,Jeffrey Springs,112,153,146,605488,ATH,AL,-1.5,157,73%,14.08%,4.75,20.00%,1.31,98,104,101,4.22,4.13,
112,Noah Cameron,84,136,129,702070,KCR,AL,-2.1,147,88%,10.98%,4.82,18.90%,1.36,92,106,101,5.55,4.51,
113,Stephen Kolek,,200,193,663568,KCR,AL,-7.1,89,80%,13.33%,4.71,16.10%,1.42,88,113,106,6.75,4.09,
114,Bailey Ober,129,166,148,641927,MIN,AL,6.6,161,93%,11.48%,4.61,20.30%,1.24,93,90,86,3.46,4.42,
115,Merrill Kelly,103,130,123,518876,ARI,NL,0.5,151,79%,1.61%,4.64,19.50%,1.34,88,98,93,7.62,5.66,
116,Brady Singer,82,125,118,663903,CIN,NL,-1.8,173,94%,8.67%,4.56,19.90%,1.32,91,99,91,5.79,4.63,
117,JR Ritchie,,142,,702275,ATL,NL,-10.5,94,,2.15%,4.82,19.30%,1.34,92,97,95,3.32,5.54,
118,Jake Irvin,111,,,663623,WSN,NL,-5.4,121,97%,12.89%,4.75,18.60%,1.36,97,99,95,5.91,4.14,
119,Chris Bassitt,107,129,122,605135,BAL,AL,-2.3,149,84%,4.47%,4.45,20.00%,1.34,97,101,96,5.21,4.95,
120,Lance McCullers Jr.,99,165,158,621121,HOU,AL,-1.5,95,43%,12.21%,4.42,22.30%,1.42,97,97,97,6.86,4.23,
121,Luis Severino,109,134,126,622663,ATH,AL,-2.7,166,74%,8.53%,4.29,20.60%,1.34,108,100,107,4.07,4.69,
122,Andre Pallante,128,162,155,669467,STL,NL,-7.4,149,92%,7.53%,4.39,17.30%,1.43,95,97,94,4.46,4.52,
123,Justin Wrobleski,101,115,111,680736,LAD,NL,-5.6,129,#N/A,6.21%,4.55,19.00%,1.32,92,109,101,2.42,4.99,
124,Kumar Rocker,92,104,152,677958,TEX,AL,-0.5,120,75%,7.83%,4.05,21.20%,1.29,93,97,93,4.34,4.57,
125,Adrian Houser,117,196,187,605288,SFG,NL,-8,115,78%,4.76%,4.55,16.50%,1.4,92,111,105,5.79,4.97,
126,Jack Kochanowicz,118,158,177,686799,LAA,AL,-16.9,141,84%,3.50%,4.78,14.90%,1.48,95,97,95,3.97,4.81,
127,Eduardo Rodriguez,120,201,194,593958,ARI,NL,-3.2,137,73%,5.50%,4.83,18.90%,1.4,90,104,97,2.25,5,
128,Tatsuya Imai,,55,35,837227,HOU,AL,-11,141,84%,3.08%,4.72,21.00%,1.83,87,96,85,9.24,5.63,
129,Rhett Lowder,123,179,201,695076,CIN,NL,-10.2,95,#N/A,5.42%,4.89,17.50%,1.39,85,103,92,5.4,5.01,
130,Luis Gil,102,114,107,661563,NYY,AL,-7.6,109,72%,-2.35%,4.62,21.60%,1.37,96,86,86,6.05,6.1,
131,Anthony Kay,88,116,128,641743,CHW,AL,-5.9,123,#N/A,4.91%,4.38,19.80%,1.37,104,102,106,4.89,5.01,
132,Javier Assad,115,,,665871,CHC,NL,-8.3,0,78%,6.00%,4.51,18.40%,1.37,97,104,105,6,4.8,
133,Jacob Lopez,125,151,144,682052,ATH,AL,-6.7,134,83%,2.40%,4.86,21.80%,1.37,92,99,94,6.11,5.71,
134,Reynaldo López,69,108,105,625643,ATL,NL,5.5,129,59%,9.48%,4.25,23.00%,1.29,88,98,86,3.71,4.54,
135,Chad Patrick,95,87,87,694477,MIL,NL,-3.1,131,83%,6.12%,4.27,21.80%,1.27,98,95,95,3.06,4.99,
,Aaron Ashby,,,,,#N/A,,#N/A,0,#N/A,#N/A,#N/A,#N/A,#N/A,#N/A,#N/A,#N/A,#N/A,#N/A,
,Aaron Civale,,,,650644,ATH,AL,-5.9,0,83%,11.05%,4.83,19.30%,1.33,97,113,107,2.59,4.54,
,Adam Mazur,,,,800049,MIA,NL,#N/A,0,79%,#N/A,#N/A,#N/A,#N/A,#N/A,#N/A,#N/A,#N/A,#N/A,
,Adam Oller,,,,670124,#N/A,,#N/A,0,#N/A,#N/A,#N/A,#N/A,#N/A,#N/A,#N/A,#N/A,#N/A,#N/A,
,AJ Blubaugh,,206,200,805123,HOU,AL,#N/A,71,78%,4.27%,4.55,21.10%,1.36,100,93,94,5.19,5.14,
,Albert Suárez,,,,544150,BAL,AL,#N/A,0,#N/A,0.00%,#N/A,#N/A,#N/A,85,99,86,3.45,6.02,
,Alec Marsh,,,,679525,#N/A,,#N/A,0,#N/A,#N/A,#N/A,#N/A,#N/A,#N/A,#N/A,#N/A,#N/A,#N/A,
,Alek Manoah,,209,205,666201,LAA,AL,#N/A,71,#N/A,-8.00%,5.88,15.40%,1.54,67,79,57,0,7.08,
,Alex Cobb,,,,502171,,,#N/A,0,#N/A,#N/A,#N/A,#N/A,#N/A,#N/A,#N/A,#N/A,#N/A,#N/A,
,Alex Wood,,,,622072,#N/A,,#N/A,0,#N/A,#N/A,#N/A,#N/A,#N/A,#N/A,#N/A,#N/A,#N/A,#N/A,
,Antonio Senzatela,,,,622608,COL,NL,-13.8,0,63%,17.00%,5.14,17.00%,1.52,102,110,109,1.32,3.28,
,Austin Gomber,,,,596295,0,,#N/A,0,82%,#N/A,#N/A,#N/A,#N/A,#N/A,#N/A,#N/A,#N/A,#N/A,
,Bailey Falter,,,,663559,KCR,AL,-7.8,0,85%,10.00%,5.39,16.10%,1.42,88,84,77,13.5,4.25,
,Ben Casparius,,171,,676508,LAD,NL,#N/A,0,#N/A,0.00%,4.33,22.40%,1.31,101,100,105,9.64,5.71,
,Ben Lively,,,,594902,#N/A,,#N/A,0,76%,#N/A,#N/A,#N/A,#N/A,#N/A,#N/A,#N/A,#N/A,#N/A,
,Blade Tidwell,,178,168,694918,SFG,NL,#N/A,62,74%,14.89%,4.14,21.60%,1.35,113,93,101,3,3.58,
,Bobby Miller,,,,676272,LAD,NL,#N/A,0,68%,#N/A,4.87,21.90%,1.38,#N/A,#N/A,#N/A,#N/A,#N/A,
,Brad Lord,,,,695418,WSN,NL,-0.5,0,85%,12.61%,4.49,18.00%,1.37,94,104,94,3.21,3.19,
,Brandon Pfaadt,,154,147,694297,ARI,NL,1.8,176,97%,9.35%,4.18,20.90%,1.26,97,98,94,5.29,4.23,
,Brandon Young,,,,687064,BAL,AL,-6.7,0,78%,6.96%,4.42,20.60%,1.31,96,106,102,4.15,5.01,
,Bryse Wilson,,,,669060,#N/A,,#N/A,0,81%,#N/A,4.85,17.00%,1.39,#N/A,#N/A,#N/A,#N/A,#N/A,
,Caden Dana,,202,195,702674,LAA,AL,-12,96,80%,#N/A,4.92,20.60%,1.4,#N/A,#N/A,#N/A,#N/A,#N/A,
,Cal Quantrill,,,,615698,,,-7.3,0,81%,10.00%,5.01,17.40%,1.45,88,108,95,3.77,4.28,
,Carlos Carrasco,,,,471911,ATL,NL,#N/A,0,59%,25.00%,5.08,15.90%,1.43,84,108,95,0,1.95,
,Carson Fulmer,,,,608334,#N/A,,#N/A,0,#N/A,#N/A,4.84,17.30%,1.45,#N/A,#N/A,#N/A,#N/A,#N/A,
,Carson Spiers,,,,686730,#N/A,,#N/A,0,70%,#N/A,#N/A,#N/A,#N/A,#N/A,#N/A,#N/A,#N/A,#N/A,
,Carson Whisenhunt,,,,687931,SFG,NL,-7.5,0,78%,#N/A,4.35,20.80%,1.35,#N/A,#N/A,#N/A,#N/A,#N/A,
,Casey Kelly,,,,543391,#N/A,,#N/A,0,#N/A,#N/A,#N/A,#N/A,#N/A,#N/A,#N/A,#N/A,#N/A,#N/A,
,Charlie Morton,,193,184,450203,,,#N/A,48,68%,#N/A,#N/A,#N/A,#N/A,#N/A,#N/A,#N/A,#N/A,#N/A,
,Chayce McDermott,,184,,694646,BAL,AL,#N/A,0,74%,#N/A,4.63,23.60%,1.44,#N/A,#N/A,#N/A,#N/A,#N/A,
,Chris Flexen,,,,623167,#N/A,,#N/A,0,#N/A,#N/A,#N/A,#N/A,#N/A,#N/A,#N/A,#N/A,#N/A,#N/A,
,Chris Paddack,,,,663978,MIA,NL,#N/A,0,73%,11.64%,4.77,17.70%,1.33,90,111,101,7.63,4.25,
,Cody Bradford,,207,202,674003,TEX,AL,#N/A,84,#N/A,#N/A,4.35,19.90%,1.23,#N/A,#N/A,#N/A,#N/A,#N/A,
,Cole Irvin,,,,608344,#N/A,,#N/A,0,#N/A,#N/A,5.33,13.70%,1.44,#N/A,#N/A,#N/A,#N/A,#N/A,
,Colton Gordon,,,,676467,HOU,AL,#N/A,0,85%,16.00%,4.57,19.60%,1.27,98,106,102,11.57,3.55,
,Connor Gillispie,,,,687362,#N/A,,#N/A,0,79%,#N/A,5.58,16.50%,1.44,#N/A,#N/A,#N/A,#N/A,#N/A,
,Cooper Criswell,,,,681867,NYM,NL,#N/A,0,#N/A,18.18%,3.87,19.60%,1.28,100,114,111,2,2.95,
,Dakota Hudson,,,,641712,#N/A,,#N/A,0,#N/A,#N/A,#N/A,#N/A,#N/A,#N/A,#N/A,#N/A,#N/A,#N/A,
,Dane Dunning,,,,641540,SEA,AL,#N/A,0,#N/A,#N/A,4.51,18.60%,1.31,#N/A,#N/A,#N/A,#N/A,#N/A,
,Darren McCaughan,,,,670766,#N/A,,#N/A,0,#N/A,#N/A,5.26,17.40%,1.4,#N/A,#N/A,#N/A,#N/A,#N/A,
,David Festa,,195,186,701581,MIN,AL,#N/A,55,77%,#N/A,4.12,24.10%,1.28,#N/A,#N/A,#N/A,#N/A,#N/A,
,DJ Herz,,,,687792,WSN,NL,#N/A,0,#N/A,#N/A,4.3,23.70%,1.39,#N/A,#N/A,#N/A,#N/A,#N/A,
,DL Hall,,,,669084,MIL,NL,#N/A,0,#N/A,8.86%,3.98,23.10%,1.35,103,92,95,1.89,4.44,
,Drew Anderson,,173,164,623454,DET,AL,#N/A,71,#N/A,17.31%,3.83,24.40%,1.3,97,99,98,5.48,3.25,
,Drew Thorpe,,,,689672,CHW,AL,#N/A,0,#N/A,#N/A,4.77,17.60%,1.39,#N/A,#N/A,#N/A,#N/A,#N/A,
,Easton Lucas,,,,687922,#N/A,,#N/A,0,75%,#N/A,#N/A,#N/A,#N/A,#N/A,#N/A,#N/A,#N/A,#N/A,
,Elvin Rodriguez,,,,660730,#N/A,,#N/A,0,74%,#N/A,#N/A,#N/A,#N/A,#N/A,#N/A,#N/A,#N/A,#N/A,
,Eric Lauer,,,,641778,TOR,AL,#N/A,0,78%,6.17%,5.02,19.00%,1.32,87,100,84,6.69,5.31,
,Erick Fedde,,,,607200,CHW,AL,-15.7,0,84%,6.78%,4.96,17.00%,1.42,90,106,97,3.77,4.85,
,German Marquez,,,,608566,0,,-9,0,59%,5.47%,5.05,16.70%,1.42,87,101,89,5.76,5.25,
,Gunnar Hoglund,,,,680684,ATH,AL,#N/A,0,72%,#N/A,4.88,17.00%,1.36,#N/A,#N/A,#N/A,#N/A,#N/A,
,Hogan Harris,,,,663687,ATH,AL,#N/A,0,#N/A,6.06%,4.47,21.90%,1.41,104,93,96,2.57,4.72,
,Hunter Barco,,110,73,682995,PIT,NL,#N/A,99,#N/A,-1.67%,4.19,20.90%,1.39,102,88,91,7.71,5.61,
,Hunter Dobbins,,199,192,690928,STL,NL,-7.5,90,71%,-5.26%,4.68,16.60%,1.42,96,83,81,6.23,7.05,
,Ian Seymour,,140,132,693855,TBR,AL,4.9,89,83%,17.86%,3.8,23.70%,1.19,106,104,106,5.59,3.27,
,Jack Perkins,,191,182,678022,ATH,AL,#N/A,56,73%,23.61%,3.96,24.60%,1.31,103,104,103,3.86,2.57,
,Jacob Latz,,118,85,656641,TEX,AL,3.6,95,#N/A,15.19%,4.05,23.10%,1.33,105,98,103,2.08,3.62,
,Jakob Junis,,,,596001,0,,#N/A,0,#N/A,5.48%,4.32,19.20%,1.27,91,112,102,1.89,4.74,
,Jason Alexander,,210,206,669920,HOU,AL,-8.3,52,78%,2.94%,4.62,16.80%,1.39,94,83,77,14.21,4.87,
,Joe Ross,,,,605452,0,,#N/A,0,#N/A,-9.09%,#N/A,#N/A,#N/A,84,89,80,19.64,6.69,
,Joey Estes,,,,683155,ATH,AL,#N/A,0,85%,#N/A,5.56,15.80%,1.38,#N/A,#N/A,#N/A,#N/A,#N/A,
,Joey Wentz,,,,666214,ATL,NL,#N/A,67,86%,#N/A,#N/A,#N/A,#N/A,#N/A,#N/A,#N/A,#N/A,#N/A,
,Jon Gray,,,,592351,0,,#N/A,0,#N/A,#N/A,#N/A,#N/A,#N/A,#N/A,#N/A,#N/A,#N/A,#N/A,
,Jonathan Cannon,,,,686563,CHW,AL,-10.9,0,88%,#N/A,4.94,16.30%,1.4,#N/A,#N/A,#N/A,#N/A,#N/A,
,Jordan Montgomery,,208,203,656756,TEX,AL,-7.4,0,#N/A,#N/A,4.59,18.60%,1.36,#N/A,#N/A,#N/A,#N/A,#N/A,
,Jordan Wicks,,,,696136,CHC,NL,#N/A,0,#N/A,#N/A,4.19,20.00%,1.28,#N/A,#N/A,#N/A,#N/A,#N/A,
,Jose Quintana,,,,500779,COL,NL,-28.7,0,84%,0.00%,6.04,14.10%,1.58,80,103,85,3.97,6.02,
,José Ureña,,,,570632,,,#N/A,0,69%,#N/A,#N/A,#N/A,#N/A,#N/A,#N/A,#N/A,#N/A,#N/A,
,Jose Urquidy,,,,#N/A,PIT,NL,#N/A,0,#N/A,#N/A,#N/A,#N/A,#N/A,#N/A,#N/A,#N/A,#N/A,#N/A,
,Josiah Gray,,,,680686,WSN,NL,-11.3,0,#N/A,#N/A,4.91,20.10%,1.41,#N/A,#N/A,#N/A,#N/A,#N/A,
,JP Sears,,190,179,676664,SDP,NL,#N/A,124,93%,#N/A,4.65,19.00%,1.27,#N/A,#N/A,#N/A,#N/A,#N/A,
,Kai-Wei Teng,,186,174,678906,HOU,AL,-3.7,33,79%,14.42%,4.14,23.10%,1.34,99,98,99,3.12,3.64,
,Keaton Winn,,,,676775,SFG,NL,#N/A,0,#N/A,13.24%,3.87,21.30%,1.3,105,107,113,2.45,3.68,
,Keider Montero,,167,159,672456,DET,AL,-6.1,81,87%,13.55%,4.58,19.20%,1.33,93,104,96,3.18,4.45,
,Kenta Maeda,,,,628317,#N/A,,#N/A,0,#N/A,#N/A,#N/A,#N/A,#N/A,#N/A,#N/A,#N/A,#N/A,#N/A,
,Kutter Crawford,,205,199,676710,BOS,AL,#N/A,62,#N/A,#N/A,4.47,22.30%,1.27,#N/A,#N/A,#N/A,#N/A,#N/A,
,Kyle Freeland,,,,607536,COL,NL,-14.7,0,82%,14.71%,5.32,17.00%,1.43,92,105,96,6,3.88,
,Kyle Hart,,,,606996,SDP,NL,#N/A,0,76%,5.88%,4.3,19.00%,1.32,107,91,97,5.4,4.24,
,Kyle Hendricks,,,,543294,,,#N/A,0,90%,#N/A,#N/A,#N/A,#N/A,#N/A,#N/A,#N/A,#N/A,#N/A,
,Lance Lynn,,,,458681,#N/A,,#N/A,0,#N/A,#N/A,#N/A,#N/A,#N/A,#N/A,#N/A,#N/A,#N/A,#N/A,
,Landon Knack,,,,689017,LAD,NL,#N/A,0,81%,#N/A,5.15,20.10%,1.38,#N/A,#N/A,#N/A,#N/A,#N/A,
,Logan Allen,,211,207,671106,CLE,AL,-6.9,94,94%,#N/A,4.67,18.50%,1.4,#N/A,#N/A,#N/A,#N/A,#N/A,
,Lucas Giolito,,,,608337,,,-6,0,72%,#N/A,4.99,18.70%,1.44,#N/A,#N/A,#N/A,#N/A,#N/A,
,Luis F. Castillo,,,,622379,#N/A,,#N/A,0,75%,#N/A,#N/A,#N/A,#N/A,#N/A,#N/A,#N/A,#N/A,#N/A,
,Luis Medina,,,,665622,ATH,AL,#N/A,71,#N/A,12.70%,4.35,21.70%,1.39,102,88,91,1.72,3.88,
,Luis Morales,,175,166,806960,ATH,AL,-13.1,138,77%,-9.09%,5.1,19.40%,1.43,94,79,75,14.46,7.38,
,Marcus Stroman,,,,573186,0,,#N/A,0,74%,#N/A,#N/A,#N/A,#N/A,#N/A,#N/A,#N/A,#N/A,#N/A,
,Martín Pérez,,,,527048,ATL,NL,-7.8,0,64%,10.95%,4.98,17.10%,1.41,90,101,93,2.31,4.14,
,Mason Black,,,,696131,KCR,AL,#N/A,0,#N/A,13.64%,5.25,17.70%,1.48,90,105,101,0,3.97,
,Matt Waldron,,,,663362,SDP,NL,#N/A,0,82%,10.68%,4.39,19.10%,1.23,93,107,102,9.28,4.25,
,Michael Lorenzen,,,,547179,COL,NL,-20.1,0,73%,8.06%,5.49,17.10%,1.5,88,100,89,6.55,4.45,
,Miles Mikolas,,,,571945,WSN,NL,-7.5,0,82%,6.79%,5.03,15.70%,1.35,90,113,101,7,4.43,
,Mitch Spence,,,,687765,KCR,AL,#N/A,0,88%,-9.52%,5.07,15.60%,1.42,88,79,72,13.5,7.05,
,Mitchell Parker,,,,680730,WSN,NL,-3.4,0,96%,13.41%,4.76,18.10%,1.37,96,100,93,4.95,3.71,
,Nestor Cortes,,187,175,641482,,,#N/A,0,70%,#N/A,#N/A,#N/A,#N/A,#N/A,#N/A,#N/A,#N/A,#N/A,
,Nick Nastrini,,,,680897,#N/A,,#N/A,0,#N/A,#N/A,5.65,18.70%,1.61,#N/A,#N/A,#N/A,#N/A,#N/A,
,Osvaldo Bido,,,,674370,TBR,AL,#N/A,0,79%,1.23%,4.59,21.10%,1.36,98,89,85,6.27,5.44,
,Patrick Corbin,,,,571578,,,-3.2,0,85%,8.16%,4.73,17.60%,1.39,92,101,95,3.93,4.7,
,Paul Blackburn,,,,621112,NYY,AL,#N/A,0,61%,2.53%,4.47,18.40%,1.34,91,99,93,4.08,4.92,
,Paxton Schultz,,,,687606,TOR,AL,#N/A,0,#N/A,19.40%,4.61,20.40%,1.36,93,112,106,2.3,3.23,
,Ricky Tiedemann,,,,694357,TOR,AL,#N/A,40,#N/A,#N/A,4.35,22.80%,1.4,#N/A,#N/A,#N/A,#N/A,#N/A,
,Roddery Muñoz,,,,682610,HOU,AL,#N/A,0,#N/A,0.00%,#N/A,#N/A,#N/A,86,80,69,15.75,5.99,
,Ross Stripling,,,,548389,#N/A,,#N/A,0,#N/A,#N/A,#N/A,#N/A,#N/A,#N/A,#N/A,#N/A,#N/A,#N/A,
,Ryan Bergert,,204,198,686701,KCR,AL,#N/A,84,78%,#N/A,#N/A,#N/A,#N/A,#N/A,#N/A,#N/A,#N/A,#N/A,
,Ryan Feltner,,,,663372,COL,NL,-14.1,0,74%,10.23%,5.22,18.40%,1.51,94,97,94,6.3,4.43,
,Ryan Gusto,,,,687473,MIA,NL,-7.3,0,79%,33.33%,4.2,20.30%,1.33,112,123,126,0,1.66,
,Ryan Weiss,,177,121,680802,HOU,AL,#N/A,90,#N/A,7.63%,4.6,21.90%,1.59,101,91,93,7.62,4.65,
,Ryan Yarbrough,,,,642232,NYY,AL,#N/A,0,82%,13.85%,4.6,18.20%,1.3,99,106,99,3.45,3.72,
,Sawyer Gipson-Long,,,,687830,DET,AL,#N/A,67,63%,#N/A,4.33,19.30%,1.26,#N/A,#N/A,#N/A,#N/A,#N/A,
,Sean Manaea,,122,94,640455,NYM,NL,9.4,78,73%,13.39%,4.05,23.10%,1.24,100,92,88,6.56,3.76,
,Sean Newcomb,,185,173,656794,CHW,AL,#N/A,86,#N/A,15.00%,3.66,22.90%,1.31,108,102,107,3.04,3.19,
,Shane Smith,,139,131,681343,CHW,AL,-5.1,161,83%,4.08%,4.41,21.60%,1.34,97,93,91,10.8,5.41,
,Shinnosuke Ogasawara,,,,,#N/A,,#N/A,0,#N/A,#N/A,#N/A,#N/A,#N/A,#N/A,#N/A,#N/A,#N/A,#N/A,
,Simeon Woods Richardson,,176,167,680573,MIN,AL,-12.2,97,91%,0.00%,4.95,18.20%,1.38,87,95,87,7.71,5.91,
,Sixto Sánchez,,,,664350,#N/A,,#N/A,0,#N/A,#N/A,#N/A,#N/A,#N/A,#N/A,#N/A,#N/A,#N/A,#N/A,
,Spencer Turnbull,,,,605513,0,,#N/A,0,62%,#N/A,#N/A,#N/A,#N/A,#N/A,#N/A,#N/A,#N/A,#N/A,
,Taijuan Walker,,,,592836,PHI,NL,-12.2,0,68%,5.22%,5.38,15.80%,1.45,88,94,82,9.13,5.02,
,Thomas Harrington,,,,802419,PIT,NL,#N/A,0,79%,#N/A,4.83,17.80%,1.4,#N/A,#N/A,#N/A,#N/A,#N/A,
,Tobias Myers,,,,668964,MIL,NL,0.4,52,84%,16.49%,4.11,20.50%,1.24,104,100,104,3.28,3.44,
,Tommy Henry,,,,674072,#N/A,,#N/A,0,#N/A,#N/A,5.27,16.70%,1.5,#N/A,#N/A,#N/A,#N/A,#N/A,
,Tomoyuki Sugano,,,,608372,COL,NL,-23.6,0,82%,6.94%,5.92,14.20%,1.5,80,104,88,4.07,4.87,
,Trevor Williams,,,,592866,WSN,NL,#N/A,0,75%,#N/A,4.75,18.20%,1.4,#N/A,#N/A,#N/A,#N/A,#N/A,
,Triston McKenzie,,192,183,663474,SDP,NL,#N/A,0,#N/A,#N/A,#N/A,#N/A,#N/A,#N/A,#N/A,#N/A,#N/A,#N/A,
,Ty Blach,,,,621389,#N/A,,#N/A,0,#N/A,#N/A,5.41,12.50%,1.45,#N/A,#N/A,#N/A,#N/A,#N/A,
,Tyler Alexander,,,,641302,TEX,AL,-5.9,0,#N/A,11.11%,4.55,18.80%,1.28,97,104,100,2.14,3.81,
,Tyler Anderson,,,,542881,,,#N/A,0,87%,#N/A,#N/A,#N/A,#N/A,#N/A,#N/A,#N/A,#N/A,#N/A,
,Tyler Phillips,,,,663969,MIA,NL,#N/A,0,#N/A,11.32%,4.4,18.20%,1.38,99,97,99,1.08,3.98,
,Tyler Wells,,203,196,669330,BAL,AL,#N/A,71,53%,16.05%,4.48,21.70%,1.23,97,104,103,3.26,3.73,
,Valente Bellozo,,,,678368,#N/A,,#N/A,0,#N/A,2.08%,6.27,14.50%,1.53,85,88,75,7.59,5.5,
,Walker Buehler,,170,161,621111,SDP,NL,-7.9,101,70%,12.03%,4.62,18.40%,1.42,95,97,92,5.2,4.03,
,Xzavion Curry,,,,675540,#N/A,,#N/A,0,#N/A,#N/A,5.92,13.50%,1.49,#N/A,#N/A,#N/A,#N/A,#N/A,
,Yariel Rodríguez,,,,684320,TOR,AL,#N/A,0,#N/A,33.33%,3.57,26.20%,1.28,115,101,109,0,4.33,
,Yoendrys Gomez,,,,672782,TBR,AL,#N/A,0,81%,3.45%,4.1,23.00%,1.29,110,82,91,5.68,5.45,
,Zack Littell,,181,170,641793,,,-7.7,0,91%,2.38%,5.19,15.50%,1.33,83,97,84,6.94,5.49,
,,,,,,,,,0,,#N/A,#N/A,#N/A,#N/A,#N/A,#N/A,#N/A,#N/A,#N/A,
,,,,,,,,,0,,#N/A,#N/A,#N/A,#N/A,#N/A,#N/A,#N/A,#N/A,#N/A,