Name,Team,POS,ADP,IP,rPTS,PTS,aPOS,Dollars,NameASCII,PlayerId,MLBAMID
"Paul Skenes ","PIT","SP",9.649999618530273,146,838.9000000000002,90.99458364714924,-51.03832574246225,48.73996243496593,"Paul Skenes","33677",694973
"Cristopher Sánchez ","PHI","SP",24.75,155,834.1,83.97007307913954,-51.03832574246225,40.34703756595644,"Cristopher Sanchez","20778",650911
"Griffin Jax ","TBR","SP",149.2100067138672,110,629.6,80.7313875766605,-51.03832574246225,36.47743785029136,"Griffin Jax","20253",643377
"Garrett Crochet ","BOS","SP",12.239999771118164,122,678.3000000000002,80.61572023728627,-51.03832574246225,36.33923786044619,"Garrett Crochet","27463",676979
"Chris Sale ","ATL","SP",39.36000061035156,124,684,80.190725384614,-51.03832574246225,35.831451612043566,"Chris Sale","10603",519242
"Tarik Skubal ","DET","SP",7.019999980926514,93,546.1,78.4595488401052,-51.03832574246225,33.76303210688645,"Tarik Skubal","22267",669373
"Jacob Misiorowski ","MIL","SP",114.13999938964844,121,649.3000000000001,76.43808032157821,-51.03832574246225,31.347770112929176,"Jacob Misiorowski","31623",694819
"Jesús Luzardo ","PHI","SP",70.58999633789062,143,733.1,75.30546573442551,-51.03832574246225,29.994515812365112,"Jesus Luzardo","19959",666200
"Logan Webb ","SFG","SP",57.189998626708984,158,794.6999999999999,75.28259664904063,-51.03832574246225,29.967191700087128,"Logan Webb","17995",657277
"Jacob deGrom ","TEX","SP",50.0099983215332,131,680.7,74.79996641354877,-51.03832574246225,29.390542371030282,"Jacob deGrom","10954",594798
"Logan Gilbert ","SEA","SP",37.150001525878906,125,642.8,72.5829870436681,-51.03832574246225,26.741682908523327,"Logan Gilbert","22250",669302
"Mason Miller ","SDP","RP",27.860000610351562,52,492.19999999999993,2.3871886979562342,33.45580642733732,26.090096587705492,"Mason Miller","31757",695243
"Zack Wheeler ","PHI","SP",110.48999786376953,135,680.5,72.00253528687685,-51.03832574246225,26.048155873768813,"Zack Wheeler","10310",554430
"Shohei Ohtani ","LAD","SP",1.2699999809265137,95,514.9000000000001,71.83967567303795,-51.03832574246225,25.85357028806685,"Shohei Ohtani","19755",660271
"Chase Burns ","CIN","SP",109.72000122070312,103,547.1,71.7177953451487,-51.03832574246225,25.707946984481378,"Chase Burns","35333",695505
"Bryan Woo ","SEA","SP",34.77000045776367,144,715.3,71.62618681236425,-51.03832574246225,25.598492592523943,"Bryan Woo","30279",693433
"Yoshinobu Yamamoto ","LAD","SP",26.639999389648438,119,610.9,71.3733049606809,-51.03832574246225,25.296347929011013,"Yoshinobu Yamamoto","33825",808967
"Tyler Glasnow ","LAD","SP",113.73999786376953,104,545.4,70.74143080958501,-51.03832574246225,24.541381127342493,"Tyler Glasnow","14374",607192
"Dylan Cease ","TOR","SP",74.7699966430664,133,664.6000000000001,70.71512475183017,-51.03832574246225,24.509950501080557,"Dylan Cease","18525",656302
"Grant Taylor ","CHW","SP/RP",506.67999267578125,73,477.20000000000005,-0.13105451927748707,33.45580642733732,24.32732633564188,"Grant Taylor","33927",691799
"Max Fried ","NYY","SP",50.04999923706055,144,704.4000000000001,69.7962634078411,-51.03832574246225,23.41208978175039,"Max Fried","13743",608331
"George Kirby ","SEA","SP",64.58000183105469,131,647.1000000000001,69.15910160694521,-51.03832574246225,22.650805266260356,"George Kirby","25436",669923
"Blake Snell ","LAD","SP",178.41000366210938,103,527.6,68.44407916274483,-51.03832574246225,21.796492414748826,"Blake Snell","13543",605483
"Cole Ragans ","KCR","SP",48.15999984741211,118,582.6000000000001,67.31318306177717,-51.03832574246225,20.445291371176776,"Cole Ragans","21846",666142
"Drew Rasmussen ","TBR","SP",132.36000061035156,123,602.3000000000001,67.16565763235808,-51.03832574246225,20.269027155557055,"Drew Rasmussen","25385",656876
"Cade Smith ","CLE","RP",39.90999984741211,53,441.70000000000005,-6.090896800064006,33.45580642733732,20.15543673909132,"Cade Smith","27867",671922
"Jhoan Duran ","PHI","RP",41.84000015258789,52,439.9,-6.393085986132068,33.45580642733732,19.943904308843678,"Jhoan Duran","21029",661395
"Framber Valdez ","DET","SP",81.13999938964844,148,700.1,66.31051246845855,-51.03832574246225,19.24729488777588,"Framber Valdez","17295",664285
"Hunter Brown ","HOU","SP",36.189998626708984,95,481.4,66.21559915454925,-51.03832574246225,19.13389192468014,"Hunter Brown","25880",686613
"Nolan McLean ","NYM","SP",87.29000091552734,125,597.3000000000001,64.94431595139241,-51.03832574246225,17.61495557914738,"Nolan McLean","33703",690997
"Shane McClanahan ","TBR","SP",182.99000549316406,123,587.8,64.73135585569878,-51.03832574246225,17.360509654986693,"Shane McClanahan","21483",663556
"Ian Seymour ","TBR","SP",521.1400146484375,74,385.6,64.64265553030441,-51.03832574246225,17.254530005631196,"Ian Seymour","27932",693855
"José Soriano ","LAA","SP",321.80999755859375,134,632.0999999999999,64.56796747687983,-51.03832574246225,17.1652922979025,"Jose Soriano","22100",667755
"Aroldis Chapman ","BOS","RP",64.55000305175781,47,399.2,-11.153028336061332,33.45580642733732,16.61194466389319,"Aroldis Chapman","10233",547973
"Andrés Muñoz ","SEA","RP",41.189998626708984,49,407.00000000000006,-11.22546913832085,33.45580642733732,16.561236102311533,"Andres Munoz","20373",662253
"Ben Brown ","CHC","SP/RP",733.6500244140625,71,409,-11.580667013633569,33.45580642733732,16.31259758959263,"Ben Brown","23590",676962
"Gavin Williams ","CLE","SP",144.74000549316406,127,598.8000000000002,63.81421299789474,-51.03832574246225,16.264702192648567,"Gavin Williams","30122",668909
"Joe Ryan ","MIN","SP",78.52999877929688,121,571.4000000000001,63.36000388007767,-51.03832574246225,15.722010575382226,"Joe Ryan","21390",657746
"Devin Williams ","NYM","RP",59.470001220703125,49,397.5,-12.820356509235564,33.45580642733732,15.444814942671233,"Devin Williams","15816",642207
"Nathan Eovaldi ","TEX","SP",132.50999450683594,134,621.3999999999999,62.77162064858643,-51.03832574246225,15.0190069698954,"Nathan Eovaldi","9132",543135
"Braxton Ashcraft ","PIT","SP",239.36000061035156,116,547.0000000000001,62.71847976809683,-51.03832574246225,14.955513945989459,"Braxton Ashcraft","23793",677952
"Hunter Greene ","CIN","SP",444.32000732421875,63,328.4000000000001,62.64035474230238,-51.03832574246225,14.862169724276935,"Hunter Greene","22182",668881
"Abner Uribe ","MIL","RP",167.27999877929688,56,396.1000000000001,-13.746356180454574,33.45580642733732,14.796615172817924,"Abner Uribe","25327",682842
"Daniel Palencia ","CHC","RP",91.05999755859375,50,395.5,-13.847085909143939,33.45580642733732,14.72610436273537,"Daniel Palencia","27914",694037
"Cam Schlittler ","NYY","SP",116.62999725341797,98,471.29999999999995,62.447091142113564,-51.03832574246225,14.631257284101256,"Cam Schlittler","32095",693645
"MacKenzie Gore ","TEX","SP",164.82000732421875,131,607.1,62.44378636098857,-51.03832574246225,14.627308712962797,"MacKenzie Gore","22201",669022
"Emmet Sheehan ","LAD","SP",111.20999908447266,107,507.0000000000002,62.221837260635056,-51.03832574246225,14.362122675305656,"Emmet Sheehan","29839",686218
"Bryan Baker ","TBR","RP",999,51,391.2000000000001,-14.56898229808426,33.45580642733732,14.220776890477147,"Bryan Baker","19804",641329
"Riley O'Brien ","STL","RP",264.0400085449219,50,387.40000000000003,-15.20693724645015,33.45580642733732,13.774208426621023,"Riley O'Brien","20348",676617
"David Bednar ","NYY","RP",64.05999755859375,51,385.6000000000001,-15.509126432518192,33.45580642733732,13.562675996373393,"David Bednar","19569",670280
"Kyle Bradish ","BAL","SP",72.95999908447266,111,518.7000000000002,61.42221241963521,-51.03832574246225,13.406726402650195,"Kyle Bradish","24586",680694
"Eury Pérez ","MIA","SP",78.6500015258789,102,480.79999999999995,61.2781239625861,-51.03832574246225,13.234568701014425,"Eury Perez","27768",691587
"Josh Hader ","HOU","RP",124.38999938964844,44,357.8,-16.030488702794827,33.45580642733732,13.19772240717975,"Josh Hader","14212",623352
"Raisel Iglesias ","ATL","RP",100.62000274658203,51,382.4000000000001,-16.046351652194723,33.45580642733732,13.186618342599822,"Raisel Iglesias","17130",628452
"Sonny Gray ","BOS","SP",138.08999633789062,128,586.6000000000001,61.075078210267414,-51.03832574246225,12.991968490269066,"Sonny Gray","12768",543243
"Jared Jones ","PIT","SP",714.77001953125,92,437.70000000000005,60.95200816117325,-51.03832574246225,12.84492370107383,"Jared Jones","27863",683003
"Will Warren ","NYY","SP",285.04998779296875,110,509.5999999999999,60.585441838790565,-51.03832574246225,12.406948190398687,"Will Warren","30182",701542
"Reid Detmers ","LAA","SP",350.4599914550781,119,545.0999999999999,60.326611381082216,-51.03832574246225,12.09769609883653,"Reid Detmers","27468",672282
"Jacob Latz ","TEX","SP/RP",730.9299926757812,66,372.80000000000007,-17.65802731122432,33.45580642733732,12.058445381279103,"Jacob Latz","21306",656641
"Grayson Rodriguez ","LAA","SP",397.1099853515625,73,355.1000000000001,60.21319129287304,-51.03832574246225,11.962181137365588,"Grayson Rodriguez","24492",680570
"Edward Cabrera ","CHC","SP",174.72000122070312,113,518.9000000000001,60.07386172064388,-51.03832574246225,11.795709378169144,"Edward Cabrera","21690",665795
"Nick Lodolo ","CIN","SP",127.94999694824219,115,525.2,59.74959659666098,-51.03832574246225,11.408275578066021,"Nick Lodolo","26378",666157
"Spencer Strider ","ATL","SP",124.86000061035156,120,545.5,59.702800895931254,-51.03832574246225,11.352363810745768,"Spencer Strider","27498",675911
"Freddy Peralta ","NYM","SP",56.36000061035156,133,599.0000000000001,59.70200774846129,-51.03832574246225,11.351416153672574,"Freddy Peralta","18679",642547
"Louis Varland ","TOR","RP",999,52,362.09999999999997,-19.45437413951774,33.45580642733732,10.80100260147371,"Louis Varland","27691",686973
"Landen Roupp ","SFG","SP",690.0999755859375,109,496.6999999999998,59.11071630958006,-51.03832574246225,10.644937805583943,"Landen Roupp","30076",694738
"Shane Bieber ","TOR","SP",474.0400085449219,99,455,59.0196365417757,-51.03832574246225,10.536115185008759,"Shane Bieber","19427",669456
"Aaron Ashby ","MIL","SP/RP",999,60,357.3,-20.260211969032525,33.45580642733732,10.236916120813357,"Aaron Ashby","23550",676879
"Trey Yesavage ","TOR","SP",194.2899932861328,99,452.5000000000001,58.59992933890342,-51.03832574246225,10.034646650427687,"Trey Yesavage","35456",702056
"Carmen Mlodzinski ","PIT","SP",745.6199951171875,94,431.9,58.59636017528843,-51.03832574246225,10.03038219359815,"Carmen Mlodzinski","27572",669387
"Kyle Harrison ","MIL","SP",446.55999755859375,103,468.60000000000014,58.53898917495883,-51.03832574246225,9.96183499863498,"Kyle Harrison","27758",690986
"Adrian Morejon ","SDP","RP",735.8499755859375,52,354.59999999999997,-20.713495748134612,33.45580642733732,9.919617475441902,"Adrian Morejon","20039",670970
"Taj Bradley ","MIN","SP",492.4599914550781,115,516.7,58.322592106895186,-51.03832574246225,9.703282560490289,"Taj Bradley","22543",671737
"Gregory Soto ","PIT","RP",728.4099731445312,51,351.1000000000001,-21.301085832155795,33.45580642733732,9.50830441662707,"Gregory Soto","19677",642397
"Ryan Helsley ","BAL","RP",85.58999633789062,38,300,-21.588337407538944,33.45580642733732,9.307228313858866,"Ryan Helsley","18138",664854
"Pete Fairbanks ","MIA","RP",111.45999908447266,38,294.40000000000003,-22.528481541972873,33.45580642733732,8.649127419755118,"Pete Fairbanks","17998",664126
"Tanner Bibee ","CLE","SP",188.6300048828125,137,601.8000000000002,57.4082252652361,-51.03832574246225,8.610791897908415,"Tanner Bibee","30134",676440
"Jose A. Ferrer ","SEA","RP",999,51,343.00000000000006,-22.66093716946202,33.45580642733732,8.556408480512713,"Jose A. Ferrer","24017",678606
"Jack Flaherty ","DET","SP",209,123,543.5,57.29414422080181,-51.03832574246225,8.474487222209662,"Jack Flaherty","17479",656427
"Connor Prielipp ","MIN","SP",999,73,334.1000000000001,56.68765078874582,-51.03832574246225,7.749845446884381,"Connor Prielipp","31857",687570
"Tanner Scott ","LAD","RP",712.8099975585938,49,332,-23.816685224489564,33.45580642733732,7.747384841993433,"Tanner Scott","17586",656945
"Jeff Hoffman ","TOR","RP",99.63999938964844,49,331,-23.98456810563848,33.45580642733732,7.6298668251891915,"Jeff Hoffman","17432",656546
"Kris Bubic ","KCR","SP",190.69000244140625,125,547.2,56.53338360583174,-51.03832574246225,7.5655261461422025,"Kris Bubic","21455",663460
"Parker Messick ","CLE","SP",294.17999267578125,104,459.80000000000007,56.37065618323782,-51.03832574246225,7.371098503285758,"Parker Messick","31986",800048
"Joe Boyle ","TBR","SP/RP",713.1400146484375,68,332.1,-24.490860573985213,33.45580642733732,7.275462097346479,"Joe Boyle","29608",671212
"Clay Holmes ","NYM","SP",330.6300048828125,116,508.70000000000005,56.28856542009332,-51.03832574246225,7.273015996207027,"Clay Holmes","13649",605280
"Justin Steele ","CHC","SP",605.5,54,252.8,56.16708166593918,-51.03832574246225,7.127866521158285,"Justin Steele","17312",657006
"Kevin Gausman ","TOR","SP",112.94999694824219,139,602.5000000000002,56.14381600681928,-51.03832574246225,7.100068580343653,"Kevin Gausman","14107",592332
"Lucas Erceg ","KCR","RP",490.70001220703125,50,330.3,-24.793049760053265,33.45580642733732,7.063929667098844,"Lucas Erceg","19360",668674
"Joey Cantillo ","CLE","SP",270.80999755859375,104,458.19999999999993,56.10204357339953,-51.03832574246225,7.050158641153822,"Joey Cantillo","23335",676282
"Carlos Rodón ","NYY","SP",202.3000030517578,124,539.5999999999999,55.94843734671049,-51.03832574246225,6.866629054639394,"Carlos Rodon","16137",607074
"Seranthony Domínguez ","CHW","RP",194.19000244140625,49,324.40000000000003,-25.092595121221322,33.45580642733732,6.854247914281203,"Seranthony Dominguez","19249",622554
"Paul Sewald ","ARI","RP",389.9100036621094,49,324,-25.159748273680894,33.45580642733732,6.807240707559503,"Paul Sewald","13892",623149
"Michael Soroka ","ARI","SP",710.3599853515625,112,489.60000000000014,55.84585694059122,-51.03832574246225,6.744065406502478,"Michael Soroka","18383",647336
"Logan Henderson ","MIL","SP",413.3999938964844,82,365.9000000000001,55.80765367078648,-51.03832574246225,6.698419924142199,"Logan Henderson","31475",701656
"Jack Leiter ","TEX","SP",230.7100067138672,112,488.5000000000002,55.66118577132741,-51.03832574246225,6.523419251286801,"Jack Leiter","30146",683004
"Nick Pivetta ","SDP","SP",96.01000213623047,37,179.70000000000005,55.64122489333259,-51.03832574246225,6.499569881610714,"Nick Pivetta","15454",601713
"Connelly Early ","BOS","SP",266.4800109863281,93,409.4000000000001,55.50995898704838,-51.03832574246225,6.342732635992059,"Connelly Early","33666",813349
"Christian Scott ","NYM","SP",748.5700073242188,49,228.30000000000007,55.508769265843455,-51.03832574246225,6.341311150382296,"Christian Scott","30107",681035
"Zebby Matthews ","MIN","SP",488.6400146484375,67,301.29999999999995,55.32687411272458,-51.03832574246225,6.123981794922844,"Zebby Matthews","31827",805673
"Luis Castillo ","SEA","SP",171.0500030517578,115,498.4000000000001,55.25033538187004,-51.03832574246225,6.032532887356672,"Luis Castillo","15689",622491
"Ryan Weathers ","NYY","SP",232.55999755859375,85,374.79999999999995,55.22892040018019,-51.03832574246225,6.006946146379643,"Ryan Weathers","23796",677960
"Aaron Nola ","PHI","SP",205.52999877929688,137,588.6000000000001,55.192171234070386,-51.03832574246225,5.9630380353202055,"Aaron Nola","16149",605400
"Corbin Burnes ","ARI","SP",738.0999755859375,31,152.29999999999998,55.18701577551552,-51.03832574246225,5.956878264344375,"Corbin Burnes","19361",669203
"Matthew Boyd ","CHC","SP",212.75999450683594,100,436.20000000000005,55.17247473856555,-51.03832574246225,5.939504551335176,"Matthew Boyd","15440",571510
"Trevor Megill ","MIL","RP",137.6999969482422,50,320.4,-26.45509028342754,33.45580642733732,5.900501300736852,"Trevor Megill","17722",656730
"Bubba Chandler ","PIT","SP",150.00999450683594,115,497.70000000000005,55.13281736506579,-51.03832574246225,5.892121697673961,"Bubba Chandler","29868",696149
"Michael King ","SDP","SP",129.55999755859375,125,538.6999999999999,55.10637911606593,-51.03832574246225,5.860533128566448,"Michael King","19853",650633
"Bryan Abreu ","HOU","RP",181.6999969482422,49,315.90000000000003,-26.519599610987104,33.45580642733732,5.855344771445153,"Bryan Abreu","16609",650556
"Kenley Jansen ","DET","RP",133.02000427246094,46,302.10000000000014,-26.763492458010514,33.45580642733732,5.684619778528766,"Kenley Jansen","3096",445276
"Clayton Beeter ","WSN","RP",307.1400146484375,41,280.40000000000003,-26.95173279088931,33.45580642733732,5.552851545513611,"Clayton Beeter","27494",690925
"Garrett Cleavinger ","TBR","RP",505.4800109863281,49,312.90000000000003,-27.023248254433856,33.45580642733732,5.502790721032428,"Garrett Cleavinger","17897",664076
"Spencer Schwellenbach ","ATL","SP",743.1900024414062,38,178.7,54.78237837457311,-51.03832574246225,5.473415214154506,"Spencer Schwellenbach","31846",680885
"Ryan Walker ","SFG","RP",144.55999755859375,46,300.20000000000005,-27.08246993219347,33.45580642733732,5.461335546600697,"Ryan Walker","20423",676254
"Gerrit Cole ","NYY","SP",232.89999389648438,117,503.3000000000002,54.69103422427866,-51.03832574246225,5.364276707888145,"Gerrit Cole","13125",543037
"Bryce Miller ","SEA","SP",341.6000061035156,108,466.1,54.66446378403382,-51.03832574246225,5.332530195935116,"Bryce Miller","29837",682243
"Dylan Lee ","ATL","RP",999,49,311.40000000000003,-27.27507257615723,33.45580642733732,5.326513695826066,"Dylan Lee","19996",669276
"Payton Tolle ","BOS","SP/RP",673,66,313.9000000000001,-27.54632901089547,33.45580642733732,5.136634191509298,"Payton Tolle","35466",801139
"Garrett Whitlock ","BOS","RP",624.97998046875,54,313,-27.69742360392951,33.45580642733732,5.03086797638547,"Garrett Whitlock","20191",676477
"Alex Vesia ","LAD","RP",743.4199829101562,48,304.5,-27.74250081847421,33.45580642733732,4.999313926204179,"Alex Vesia","25007",681911
"Jack Perkins ","ATH","RP",999,51,312.2000000000001,-27.83172990884863,33.45580642733732,4.93685356294209,"Jack Perkins","31468",678022
"Tyler Rogers ","TOR","RP",743.280029296875,57,311.99999999999994,-27.865306485078438,33.45580642733732,4.913349959581222,"Tyler Rogers","15541",643511
"David Peterson ","NYM","SP",452.0400085449219,98,422.80000000000007,54.30477140639116,-51.03832574246225,4.902767713228002,"David Peterson","20302",656849
"Yusei Kikuchi ","LAA","SP",506.57000732421875,68,299.30000000000007,54.300144712816234,-51.03832574246225,4.897239713634242,"Yusei Kikuchi","20633",579328
"Joe Musgrove ","SDP","SP",385.6199951171875,50,224.39999999999998,54.16306239175212,-51.03832574246225,4.733452982812015,"Joe Musgrove","12970",605397
"Graham Ashcraft ","CIN","RP",999,50,310.3,-28.150707383031584,33.45580642733732,4.713569331014019,"Graham Ashcraft","27552",668933
"Ranger Suarez ","BOS","SP",183.97999572753906,130,553.3,54.10265099278742,-51.03832574246225,4.661273102401333,"Ranger Suarez","17277",624133
"Kodai Senga ","NYM","SP",223.52000427246094,74,322.50000000000006,54.04924572980783,-51.03832574246225,4.597464192804326,"Kodai Senga","31838",673540
"Jeremiah Estrada ","SDP","RP",623.5800170898438,48,301.00000000000006,-28.330090902495414,33.45580642733732,4.588000867389338,"Jeremiah Estrada","22210",669093
"Max Meyer ","MIA","SP",281.45001220703125,112,478.8000000000002,54.03272182418292,-51.03832574246225,4.577721337112143,"Max Meyer","27474",676974
"Robbie Ray ","SFG","SP",166.44000244140625,133,564.7,53.94362492505345,-51.03832574246225,4.4712678592199,"Robbie Ray","11486",592662
"Robert Suarez ","ATL","RP",214.39999389648438,51,307.8,-28.57041458590387,33.45580642733732,4.419774289003418,"Robert Suarez","30115",663158
"Sean Manaea ","NYM","SP",423.3599853515625,106,452.30000000000007,53.729607299399866,-51.03832574246225,4.215558392294968,"Sean Manaea","15873",640455
"Ryan Zeferjahn ","LAA","RP",999,49,301.40000000000003,-28.953901387646393,33.45580642733732,4.1513335277836525,"Ryan Zeferjahn","25420",666171
"Kumar Rocker ","TEX","SP",720.72998046875,109,464.1,53.63773438412544,-51.03832574246225,4.105788114646485,"Kumar Rocker","31843",677958
"Noah Schultz ","CHW","SP",999,74,319.6,53.56238537447596,-51.03832574246225,4.015760692690238,"Noah Schultz","32056",702273
"Tobias Myers ","NYM","SP/RP",999,64,303.90000000000003,-29.225157822384645,33.45580642733732,3.9614540234668785,"Tobias Myers","22191",668964
"Eduard Bazardo ","SEA","RP",999,51,303.00000000000006,-29.376252415418662,33.45580642733732,3.855687808343066,"Eduard Bazardo","20997",660825
"José Alvarado ","PHI","RP",746.0700073242188,47,290.5,-29.401897516948505,33.45580642733732,3.8377362372721744,"Jose Alvarado","17780",621237
"Erik Miller ","SFG","RP",999,42,269.8,-29.422254968678363,33.45580642733732,3.823486021061273,"Erik Miller","26252",669062
"Erik Sabrowski ","CLE","RP",999,49,298.6,-29.423973454863354,33.45580642733732,3.8222830807317796,"Erik Sabrowski","24978",681870
"Fernando Cruz ","NYY","RP",999,49,297.6,-29.591856336012274,33.45580642733732,3.704765063927536,"Fernando Cruz","7048",518585
"Phil Maton ","CHC","RP",743.3800048828125,49,297.5,-29.608644624127173,33.45580642733732,3.6930132622471086,"Phil Maton","18064",664208
"Matt Brash ","SEA","RP",733.280029296875,42,267.2,-29.858750459665554,33.45580642733732,3.51793917737024,"Matt Brash","25756",666374
"Cole Sands ","MIN","RP",735.4400024414062,43,270.7,-29.962124013254876,33.45580642733732,3.4455776898577137,"Cole Sands","21461",663485
"Caleb Kilian ","SFG","RP",999,49,295,-30.028351826999458,33.45580642733732,3.399218220236507,"Caleb Kilian","26213",668873
"Reynaldo López ","ATL","SP",302.9100036621094,90,382.19999999999993,53.01643553262946,-51.03832574246225,3.363456740620933,"Reynaldo Lopez","16400",625643
"Victor Vodnik ","COL","RP",496.760009765625,49,294.3,-30.1458698438037,33.45580642733732,3.3169556084735405,"Victor Vodnik","24614",680767
"Sandy Alcantara ","MIA","SP",144.57000732421875,143,600,52.96025425350477,-51.03832574246225,3.2963310312675036,"Sandy Alcantara","18684",645261
"Braxton Garrett ","MIA","SP",604.1099853515625,74,315.50000000000006,52.87406556176542,-51.03832574246225,3.19335229597726,"Braxton Garrett","21844",666129
"Emerson Hancock ","SEA","SP",733.4199829101562,99,417.9,52.791181651150914,-51.03832574246225,3.0943221318252827,"Emerson Hancock","27470",676106
"Brooks Raley ","NYM","RP",999,48,288.00000000000006,-30.51256835743132,33.45580642733732,3.0602666489342014,"Brooks Raley","10061",548384
"Camilo Doval ","NYY","RP",663.6500244140625,47,283.8,-30.526712820646246,33.45580642733732,3.0503655246837567,"Camilo Doval","21992",666808
"Luke Weaver ","NYM","RP",733.510009765625,52,295.69999999999993,-30.601797447805776,33.45580642733732,2.9978062856720857,"Luke Weaver","16918",596133
"Blake Treinen ","LAD","RP",999,46,279.2,-30.608010436320722,33.45580642733732,2.9934571937116257,"Blake Treinen","12572",595014
"Robert Gasser ","MIL","SP",748.5800170898438,37,161.89999999999998,52.65290960888187,-51.03832574246225,2.929113915393291,"Robert Gasser","29812",688107
"Bryan King ","HOU","RP",748.469970703125,51,295.00000000000006,-30.719315464609995,33.45580642733732,2.9155436739091316,"Bryan King","25890",687911
"Emilio Pagán ","CIN","RP",111.94000244140625,37,241.40000000000003,-30.735310605254877,33.45580642733732,2.9043470754577143,"Emilio Pagan","14771",641941
"Keaton Winn ","SFG","RP",999,54,294.6,-30.786468617069566,33.45580642733732,2.8685364671874325,"Keaton Winn","23499",676775
"Yennier Cano ","BAL","RP",999,48,286.20000000000005,-30.81475754349937,33.45580642733732,2.848734218686568,"Yennier Cano","25911",666974
"Cade Cavalli ","WSN","SP",305.2200012207031,105,440.79999999999995,52.48991780379785,-51.03832574246225,2.73437038684565,"Cade Cavalli","27473",676917
"Mason Montgomery ","PIT","RP",748.4400024414062,46,276.1,-31.128447367882355,33.45580642733732,2.6291513416184795,"Mason Montgomery","29770",682254
"Kirby Yates ","LAA","RP",269.42999267578125,44,267.8,-31.13994800619727,33.45580642733732,2.6211008947980377,"Kirby Yates","9073",489446
"Sean Newcomb ","CHW","RP",999,51,292.30000000000007,-31.17259924371206,33.45580642733732,2.5982450285376855,"Sean Newcomb","16943",656794
"Robby Snelling ","MIA","SP",999,98,411.20000000000005,52.35732998506373,-51.03832574246225,2.5759537127717067,"Robby Snelling","sa3020707",702281
"Tony Santillan ","CIN","RP",718.1199951171875,54,292,-31.22296410805675,33.45580642733732,2.5629896234964042,"Tony Santillan","19926",663574
"Dennis Santana ","PIT","RP",150.50999450683594,50,291.59999999999997,-31.29011726051632,33.45580642733732,2.5159824167747047,"Dennis Santana","17878",642701
"Brandon Woodruff ","MIL","SP",143.82000732421875,82,343.1,51.979923980591174,-51.03832574246225,2.125026888762573,"Brandon Woodruff","16162",605540
"Brandon Pfaadt ","ARI","SP",588.5999755859375,98,408.9000000000001,51.97119935842123,-51.03832574246225,2.114602660957103,"Brandon Pfaadt","27782",694297
"Will Vest ","DET","RP",485.7300109863281,43,258.8,-31.959930298926977,33.45580642733732,2.0471132898872444,"Will Vest","19769",676684
"Hagen Smith ","CHW","SP",999,27,115.70000000000002,51.80635687590736,-51.03832574246225,1.9176479325721107,"Hagen Smith","sa3025544",696146
"Kevin Kelly ","TBR","RP",999,43,257.59999999999997,-32.16138975630568,33.45580642733732,1.9060916697221506,"Kevin Kelly","25679",687330
"Shane Baz ","BAL","SP",186.92999267578125,121,502.4000000000001,51.77608508080247,-51.03832574246225,1.8814790209439531,"Shane Baz","22264",669358
"Brock Stewart ","LAD","RP",999,42,253.10000000000002,-32.225899083865265,33.45580642733732,1.860935140430442,"Brock Stewart","16727",592779
"Bryan Hudson ","CHW","RP",999,49,281.90000000000003,-32.227617570050256,33.45580642733732,1.8597322001009484,"Bryan Hudson","19924",663542
"JoJo Romero ","STL","RP",479.0799865722656,49,281.1,-32.36192387496939,33.45580642733732,1.7657177866575544,"JoJo Romero","19574",668941
"Gage Jump ","ATH","SP",999,37,155.89999999999998,51.645612321988374,-51.03832574246225,1.7255894323986531,"Gage Jump","sa3034986",695611
"Brad Lord ","WSN","SP/RP",999,64,284.6,-32.46529742855872,33.45580642733732,1.693356299145019,"Brad Lord","31972",695418
"Carson Whisenhunt ","SFG","SP",999,34,142,51.384931186850075,-51.03832574246225,1.414126140999015,"Carson Whisenhunt","31676",687931
"Ben Joyce ","LAA","RP",738.6500244140625,38,232.40000000000003,-32.93722017320567,33.45580642733732,1.3630103778921603,"Ben Joyce","31461",690829
"Quinn Priester ","MIL","SP/RP",592.1400146484375,65,281.70000000000005,-32.95215778389058,33.45580642733732,1.352554050412723,"Quinn Priester","25977",682990
"Orion Kerkering ","PHI","RP",999,45,260.7,-33.02288009996512,33.45580642733732,1.3030484291605406,"Orion Kerkering","31776",689147
"Grant Holmes ","ATL","SP",369.45001220703125,108,445.79999999999995,51.256441296710804,-51.03832574246225,1.260605695136591,"Grant Holmes","16944",656550
"Andrew Kittredge ","BAL","RP",745.8499755859375,47,267.8,-33.2128389190289,33.45580642733732,1.1700772558158974,"Andrew Kittredge","12828",552640
"Calvin Faucher ","MIA","RP",999,48,271.90000000000003,-33.21548274392888,33.45580642733732,1.1682265783859156,"Calvin Faucher","20116",676534
"J.T. Ginn ","ATH","SP",748.3499755859375,89,367.1000000000001,51.172367664891404,-51.03832574246225,1.1601540453749029,"J.T. Ginn","27889",669372
"Anthony Bender ","MIA","RP",999,47,267.70000000000005,-33.22962720714378,33.45580642733732,1.158325454135479,"Anthony Bender","19742",669622
"Rico Garcia ","BAL","RP",999,51,279.9,-33.25434696995864,33.45580642733732,1.1410216201650807,"Rico Garcia","20023",670329
"Ryne Nelson ","ARI","SP",251.42999267578125,113,465.30000000000007,51.075339291061994,-51.03832574246225,1.0442239967504432,"Ryne Nelson","26253",669194
"A.J. Puk ","ARI","RP",748.5,34,213.00000000000006,-33.43029351705247,33.45580642733732,1.0178590371994034,"A.J. Puk","19343",640462
"Shota Imanaga ","CHC","SP",157.92999267578125,127,522.7000000000003,51.03832574246225,-51.03832574246225,1,"Shota Imanaga","33829",684007
"Brad Keller ","PHI","RP",745.9099731445312,51,278.70000000000005,-33.45580642733732,33.45580642733732,1,"Brad Keller","15734",641745
"Burch Smith ","DET","RP",999,47,266.1,-33.49823981698206,33.45580642733732,0.9702966272486904,"Burch Smith","12784",572143
"Jason Adam ","SDP","RP",999,49,274.2,-33.52031575489691,33.45580642733732,0.9548434707082869,"Jason Adam","11861",592094
"Justin Slaten ","BOS","RP",999,46,260.70000000000005,-33.71384373757566,33.45580642733732,0.819373882833169,"Justin Slaten","25648",686580
"Brandon Sproat ","MIL","SP",528.2000122070312,98,402.20000000000005,50.846384054723494,-51.03832574246225,0.7706669882797605,"Brandon Sproat","33850",687075
"Kyle Finnegan ","DET","RP",639.030029296875,49,272.3,-33.83929322907986,33.45580642733732,0.7315592387802303,"Kyle Finnegan","15009",640448
"Matt Strahm ","KCR","RP",720.1400146484375,51,276.30000000000007,-33.858725342094715,33.45580642733732,0.7179567596698258,"Matt Strahm","13799",621381
"Eric Orze ","MIN","RP",999,48,268.00000000000006,-33.870225980409636,33.45580642733732,0.7099063128493797,"Eric Orze","27626",679358
"Kevin Ginkel ","ARI","RP",556.52001953125,47,262.1,-34.16977134157772,33.45580642733732,0.5002245600317234,"Kevin Ginkel","19876",656464
"Tommy Nance ","TOR","RP",999,42,241.40000000000003,-34.19012879330758,33.45580642733732,0.48597434382082194,"Tommy Nance","19178",667297
"Braydon Fisher ","TOR","RP",999,48,265.8,-34.239568318937266,33.45580642733732,0.4513666758800423,"Braydon Fisher","24609",680755
"Juan Morillo ","ARI","RP",999,50,273.9,-34.261644256852136,33.45580642733732,0.4359135193396346,"Juan Morillo","21924",666661
"Aaron Bummer ","ATL","RP",999,46,256.40000000000003,-34.435740126515995,33.45580642733732,0.31404641057492977,"Aaron Bummer","16258",607481
"Grant Anderson ","MIL","RP",999,49,268.6,-34.46045988933084,33.45580642733732,0.29674257660453995,"Grant Anderson","20546",681982
"Spencer Arrighetti ","HOU","SP",728.3099975585938,108,440.9000000000001,50.43381517908114,-51.03832574246225,0.2777273673576671,"Spencer Arrighetti","29921",681293
"Yohan Ramírez ","PIT","RP",999,44,247.40000000000003,-34.56475878163516,33.45580642733732,0.22373335199151634,"Yohan Ramirez","19444",670990
"Jordan Hicks ","CHW","RP",999,48,263.80000000000007,-34.57533408123509,33.45580642733732,0.2163306422715675,"Jordan Hicks","19618",663855
"Jimmy Herget ","COL","RP",999,59,271.90000000000003,-34.59741001914995,33.45580642733732,0.2008774857311595,"Jimmy Herget","17556",623474
"Ryne Stanek ","STL","RP",745.9000244140625,47,258,-34.85809115428828,33.45580642733732,0.018400691134333957,"Ryne Stanek","15947",592773
"Edgardo Henriquez ","LAD","RP",999,39,224.8,-34.904093707547965,33.45580642733732,-0.013801096147445957,"Edgardo Henriquez","26944",683618
"Gabe Speier ","SEA","RP",999,38,220,-35.01896789945223,33.45580642733732,-0.09421303048043139,"Gabe Speier","17170",642100
"Tyler Mahle ","SFG","SP",322.7200012207031,105,426.6,50.10598089148324,-51.03832574246225,-0.11397088957498802,"Tyler Mahle","16358",641816
"Brandon Young ","BAL","SP",999,48,191.90000000000006,50.08879602963343,-51.03832574246225,-0.13450345949475317,"Brandon Young","27819",687064
"Justin Topa ","MIN","RP",999,47,256.5,-35.10991547601166,33.45580642733732,-0.15787633407202772,"Justin Topa","15145",623437
"Tim Hill ","NYY","RP",999,50,268.40000000000003,-35.18500010317116,33.45580642733732,-0.21043557308368555,"Tim Hill","16814",657612
"Shawn Armstrong ","CLE","RP",748.469970703125,44,243.3,-35.253078594345716,33.45580642733732,-0.25809051690587337,"Shawn Armstrong","12857",542888
"Will Klein ","LAD","RP",999,46,251.5,-35.25836624414569,33.45580642733732,-0.26179187176585406,"Will Klein","27787",694361
"Andrew Nardi ","MIA","RP",999,43,239.10000000000002,-35.267223057560635,33.45580642733732,-0.26799164115631435,"Andrew Nardi","25942",677053
"Quinn Mathews ","STL","SP",999,44,174.5,49.931488448084444,-51.03832574246225,-0.3224554456842066,"Quinn Mathews","sa3023407",687273
"Mitch Keller ","PIT","SP",518.6300048828125,133,540.7,49.914435777479454,-51.03832574246225,-0.34283007275863,"Mitch Keller","17594",656605
"Hogan Harris ","ATH","RP",618.1699829101562,51,266.40000000000003,-35.520765865468995,33.45580642733732,-0.4454716066921689,"Hogan Harris","21520",663687
"Zack Kelly ","BOS","RP",999,48,257.70000000000005,-35.59941965624348,33.45580642733732,-0.5005292602343057,"Zack Kelly","20349",677161
"Jack Dreyer ","LAD","RP",999,43,236.2,-35.754083412892484,33.45580642733732,-0.6087938898886103,"Jack Dreyer","30249",676263
"Kody Funderburk ","MIN","RP",748.510009765625,46,248.40000000000003,-35.778803175707324,33.45580642733732,-0.6260977238589998,"Kody Funderburk","24993",681892
"Zac Gallen ","ARI","SP",222.69000244140625,141,572.2000000000002,49.67503743278602,-51.03832574246225,-0.6288645660267631,"Zac Gallen","19291",668678
"Tyler Holton ","DET","RP",999,52,264.59999999999997,-35.82295505153705,33.45580642733732,-0.6570040369398114,"Tyler Holton","26231",663947
"Hunter Gaddis ","CLE","RP",999,50,264.29999999999995,-35.87331991588174,33.45580642733732,-0.6922594419810839,"Hunter Gaddis","25636",683769
"Shane Smith ","CHW","SP",245.5399932861328,69,275.50000000000006,49.61356850386147,-51.03832574246225,-0.7023079892015629,"Shane Smith","31687",681343
"Tyler Phillips ","MIA","RP",999,52,264.2,-35.890108203996625,33.45580642733732,-0.7040112436615065,"Tyler Phillips","20629",663969
"Huascar Brazobán ","NYM","RP",999,46,247.30000000000007,-35.963474344971125,33.45580642733732,-0.7553675423436623,"Huascar Brazoban","6107",623211
"Tim Herrin ","CLE","RP",999,46,247.30000000000007,-35.963474344971125,33.45580642733732,-0.7553675423436623,"Tim Herrin","25139",682120
"Casey Mize ","DET","SP",289.6499938964844,103,414.8,49.50689016914712,-51.03832574246225,-0.8297678655502563,"Casey Mize","20492",663554
"Joel Peguero ","SFG","RP",999,42,230.2,-36.070417062175444,33.45580642733732,-0.8302274443866848,"Joel Peguero","21951",666711
"Jonathan Loáisiga ","ARI","RP",999,47,250.70000000000005,-36.08363618667536,33.45580642733732,-0.8394808315366242,"Jonathan Loaisiga","19753",642528
"Cole Sulser ","TBR","RP",999,50,263,-36.09156766137532,33.45580642733732,-0.8450328638265914,"Cole Sulser","15256",642121
"Janson Junk ","MIA","SP",999,101,406.10000000000014,49.42823637837266,-51.03832574246225,-0.9237438586449394,"Janson Junk","23301",676083
"Steven Matz ","TBR","SP",712.989990234375,95,381.30000000000007,49.410522751542764,-51.03832574246225,-0.9449081999469586,"Steven Matz","13361",571927
"Brock Burke ","CIN","RP",999,47,249.8,-36.234730779709395,33.45580642733732,-0.9452470466604455,"Brock Burke","17968",656271
"Brent Headrick ","NYY","RP",999,47,249.70000000000002,-36.251519067824276,33.45580642733732,-0.9569988483408638,"Brent Headrick","27702",687396
"Jakob Junis ","TEX","RP",999,49,257.30000000000007,-36.35753644631359,33.45580642733732,-1.0312110132833805,"Jakob Junis","13619",596001
"Hunter Stratton ","ATL","RP",999,44,236.70000000000005,-36.36110560992856,33.45580642733732,-1.0337094278138639,"Hunter Stratton","23455",676702
"Brant Hurter ","DET","RP",999,43,232,-36.45919151371793,33.45580642733732,-1.102369560466427,"Brant Hurter","30133",676428
"Joel Kuhnel ","ATH","RP",999,49,255.90000000000003,-36.592572479922076,33.45580642733732,-1.1957362368093243,"Joel Kuhnel","19995",669270
"Tim Mayza ","PHI","RP",999,47,246.89999999999998,-36.72159113504125,33.45580642733732,-1.286049295392746,"Tim Mayza","15042",641835
"Jordan Montgomery ","TEX","SP",999,39,148.70000000000002,49.05492830249511,-51.03832574246225,-1.3697744544423913,"Jordan Montgomery","16511",656756
"Tyler Kinley ","ATL","RP",999,47,246,-36.872685728075275,33.45580642733732,-1.391815510516563,"Tyler Kinley","18297",641755
"Matt Festa ","CLE","RP",999,43,228.89999999999998,-36.97962844527959,33.45580642733732,-1.4666754125595816,"Matt Festa","19330",670036
"Mark Leiter Jr. ","ATH","RP",727.989990234375,45,237,-37.00170438319443,33.45580642733732,-1.4821285690999764,"Mark Leiter Jr.","15551",643410
"Luis Gil ","NYY","SP",376.5,34,127.10000000000002,48.88347625773122,-51.03832574246225,-1.5746263251043202,"Luis Gil","21052",661563
"Mason Fluharty ","TOR","RP",999,44,232,-37.15015515132847,33.45580642733732,-1.586044106793803,"Mason Fluharty","31553",689254
"Isaac Mattson ","PIT","RP",999,47,244.2,-37.174874914143324,33.45580642733732,-1.6033479407641966,"Isaac Mattson","20385",676755
"Dietrich Enns ","BAL","RP",999,46,239.8,-37.222595953588005,33.45580642733732,-1.6367526683754785,"Dietrich Enns","13932",608650
"Greg Weissert ","BOS","RP",999,47,243.59999999999997,-37.275604642832675,33.45580642733732,-1.6738587508467413,"Greg Weissert","20375",669711
"Nick Martinez ","TBR","SP",738.3400268554688,129,517.5999999999999,48.80019577338163,-51.03832574246225,-1.6741303177930118,"Nick Martinez","12730",607259
"Grant Wolfram ","BAL","RP",999,44,231.10000000000002,-37.3012497443625,33.45580642733732,-1.6918103219176195,"Grant Wolfram","21623",664991
"Peter Lambert ","HOU","SP",999,58,225.20000000000005,48.76965959578695,-51.03832574246225,-1.7106151151119993,"Peter Lambert","17969",663567
"JP Sears ","SDP","SP",999,28,101.5,48.7314563259822,-51.03832574246225,-1.756260597472286,"JP Sears","23429",676664
"Justin Lawrence ","PIT","RP",999,43,225.59999999999997,-37.533641953071005,33.45580642733732,-1.8544848680135724,"Justin Lawrence","17639",664875
"Drew Pomeranz ","LAA","RP",735.6199951171875,45,232.8,-37.70681248401987,33.45580642733732,-1.9757042396777846,"Drew Pomeranz","11426",519141
"Keegan Akin ","BAL","RP",999,47,240.50000000000003,-37.7960415743943,33.45580642733732,-2.0381646029398826,"Keegan Akin","19362",669211
"DL Hall ","MIL","RP",999,49,248.60000000000002,-37.81811751230916,33.45580642733732,-2.053617759480282,"DL Hall","22207",669084
"Taylor Rogers ","MIN","RP",415.510009765625,47,240.2,-37.84640643873898,33.45580642733732,-2.0734200079811593,"Taylor Rogers","13449",573124
"Jacob Webb ","CHC","RP",999,46,236.00000000000006,-37.86055090195388,33.45580642733732,-2.083321132231587,"Jacob Webb","19274",657097
"Jonathan Bowlan ","PHI","RP",999,42,219.5,-37.866763890468846,33.45580642733732,-2.087670224192065,"Jonathan Bowlan","24607",680742
"Alex Hoppe ","SEA","RP",999,43,223.59999999999997,-37.86940771536884,33.45580642733732,-2.089520901622056,"Alex Hoppe","31880",695380
"Gus Varland ","WSN","RP",999,37,198.70000000000005,-37.90390963031359,33.45580642733732,-2.113672242083385,"Gus Varland","24737",681402
"Robert Garcia ","TEX","RP",232.1199951171875,37,198.60000000000002,-37.92069791842848,33.45580642733732,-2.1254240437638128,"Robert Garcia","23363",676395
"Anthony Nunez ","BAL","RP",999,38,202.40000000000003,-37.97370660767314,33.45580642733732,-2.1625301262350707,"Anthony Nunez","25796",689296
"Craig Kimbrel ","NYM","RP",999,39,206.5,-37.97635043257313,33.45580642733732,-2.164380803665066,"Craig Kimbrel","6655",518886
"Bradgley Rodriguez ","SDP","RP",999,46,235.30000000000007,-37.978068918758126,33.45580642733732,-2.165583743994555,"Bradgley Rodriguez","29107",699134
"Steven Okert ","HOU","RP",999,43,222.8,-38.00371402028796,33.45580642733732,-2.1835353150654413,"Steven Okert","13580",595345
"Jake Bennett ","BOS","SP",999,32,115.80000000000001,48.368326975969566,-51.03832574246225,-2.190129594163367,"Jake Bennett","31959",687562
"Luis Medina ","ATH","RP",999,61,250.60000000000014,-38.17331538762185,33.45580642733732,-2.3022562721991657,"Luis Medina","21649",665622
"Yimi García ","TOR","RP",999,39,205.3,-38.17780988995183,33.45580642733732,-2.305402423830155,"Yimi Garcia","12095",554340
"Hunter Bigge ","TBR","RP",999,42,217.40000000000003,-38.21931794088156,33.45580642733732,-2.3344580594809674,"Hunter Bigge","26259",685801
"Hoby Milner ","CHC","RP",999,47,237.70000000000005,-38.26611364161126,33.45580642733732,-2.3672150499917564,"Hoby Milner","13346",571948
"Ryan Thompson ","ARI","RP",748.4299926757812,46,233.10000000000002,-38.34741125728574,33.45580642733732,-2.4241233809638922,"Ryan Thompson","16647",657044
"Juan Mejia ","COL","RP",748.510009765625,47,236.40000000000003,-38.484361387104855,33.45580642733732,-2.5199884718372725,"Juan Mejia","23237",675848
"Daniel Lynch IV ","KCR","RP",999,47,236.2,-38.517937963334646,33.45580642733732,-2.543492075198123,"Daniel Lynch IV","21537",663738
"Cole Henry ","WSN","RP",736.2100219726562,49,244.30000000000007,-38.540013901249495,33.45580642733732,-2.558945231738517,"Cole Henry","27570",669371
"Drew Anderson ","DET","RP",999,49,244.3,-38.5400139012495,33.45580642733732,-2.5589452317385217,"Drew Anderson","15130",623454
"Hunter Harvey ","CHC","RP",748.530029296875,33,178.10000000000005,-38.5984424315391,33.45580642733732,-2.5998452029412404,"Hunter Harvey","15507",640451
"Sam Bachman ","LAA","RP",999,48,239.8,-38.604523228809086,33.45580642733732,-2.604101761030234,"Sam Bachman","29754",696147
"Wandy Peralta ","SDP","RP",999,43,219,-38.64166896865384,33.45580642733732,-2.630103778921563,"Wandy Peralta","14295",593974
"Evan Sisk ","PIT","RP",999,40,206.2,-38.717678934528344,33.45580642733732,-2.6833107550337134,"Evan Sisk","24995",681895
"Jaden Hill ","COL","RP",999,45,226.5,-38.764474635258054,33.45580642733732,-2.716067745544507,"Jaden Hill","30250",677955
"Colin Holderman ","CLE","RP",999,39,201.8,-38.76539997397304,33.45580642733732,-2.7167154826449993,"Colin Holderman","22361",670059
"Dustin May ","STL","SP",414.6700134277344,128,508,47.879483751962596,-51.03832574246225,-2.774202236960655,"Dustin May","19716",669160
"Kyle Leahy ","STL","SP",733.6699829101562,110,433.9,47.876707735817625,-51.03832574246225,-2.7775190367169236,"Kyle Leahy","24763",681517
"Kyle Hurt ","LAD","RP",999,41,209.5,-38.85462906434747,33.45580642733732,-2.779175845907098,"Kyle Hurt","27514",669165
"Josh Simpson ","SEA","RP",999,41,209.5,-38.85462906434747,33.45580642733732,-2.779175845907098,"Josh Simpson","25957",681006
"George Soriano ","STL","RP",999,46,229.2,-39.002154493766525,33.45580642733732,-2.8824436465004366,"George Soriano","21863",666277
"Jake Bird ","NYY","RP",999,38,195.8,-39.08173362325599,33.45580642733732,-2.9381490371430656,"Jake Bird","21267",656234
"Justin Sterner ","ATH","RP",547.0499877929688,42,212.2,-39.092308922855935,33.45580642733732,-2.945551746863027,"Justin Sterner","27694",686993
"William Kempner ","MIA","RP",999,31,166.69999999999996,-39.13038000141567,33.45580642733732,-2.9722015018548493,"William Kempner","31615",687531
"Chase Dollander ","COL","SP",743.4400024414062,103,403.4000000000001,47.5930253240495,-51.03832574246225,-3.116464383240033,"Chase Dollander","33482",801403
"Bennett Sousa ","HOU","RP",999,38,194.10000000000002,-39.367134521209145,33.45580642733732,-3.137929665710277,"Bennett Sousa","21345",656986
"Mike Burrows ","HOU","SP",237.9499969482422,98,382.5,47.53909129608983,-51.03832574246225,-3.180905064219294,"Mike Burrows","24728",681347
"Josh Ekness ","MIA","RP",999,42,210.10000000000002,-39.44486297326865,33.45580642733732,-3.19233958215193,"Josh Ekness","33785",694795
"Gavin Collyer ","TEX","RP",999,49,238.70000000000005,-39.480158035683424,33.45580642733732,-3.217046125842268,"Gavin Collyer","26349",686560
"Evan Phillips ","LAD","RP",999,29,156.3,-39.494434690143315,33.45580642733732,-3.2270397839641927,"Evan Phillips","17734",623465
"Luis Severino ","ATH","SP",642.52001953125,133,526.1,47.46334571270529,-51.03832574246225,-3.271406314712241,"Luis Severino","15890",622663
"Casey Legumina ","TBR","RP",999,40,200.5,-39.67461135707717,33.45580642733732,-3.3531634508178874,"Casey Legumina","25921",668984
"Caleb Thielbar ","CHC","RP",999,37,186.89999999999998,-39.88492762787081,33.45580642733732,-3.5003848403734406,"Caleb Thielbar","10078",573204
"Chase Silseth ","LAA","RP",999,47,227.8,-39.928154164985536,33.45580642733732,-3.5306434163537466,"Chase Silseth","30074",681217
"Craig Yoho ","MIL","RP",999,33,170.10000000000005,-39.94150548073043,33.45580642733732,-3.53998933737517,"Craig Yoho","33248",684974
"Matt Gage ","SFG","RP",999,44,215.3,-39.953799266515375,33.45580642733732,-3.548594987424634,"Matt Gage","17381",657424
"Scott Barlow ","ATH","RP",999,47,227.59999999999997,-39.96173074121533,33.45580642733732,-3.5541470197146,"Scott Barlow","14993",605130
"Caleb Ferguson ","CIN","RP",999,39,194.40000000000003,-40.00773329447501,33.45580642733732,-3.586348806996381,"Caleb Ferguson","19349",657571
"Connor Phillips ","CIN","RP",999,47,227.29999999999995,-40.012095605560006,33.45580642733732,-3.5894024247558773,"Connor Phillips","27649",683175
"Andre Pallante ","STL","SP",999,111,433.80000000000007,47.16895581009222,-51.03832574246225,-3.6231450317238796,"Andre Pallante","26108",669467
"Tanner Banks ","PHI","RP",999,40,197.89999999999998,-40.11110684806435,33.45580642733732,-3.6587102945089205,"Tanner Banks","16990",621383
"Richard Lovelady ","WSN","RP",999,40,197.60000000000002,-40.161471712409025,33.45580642733732,-3.693965699550188,"Richard Lovelady","19337",663992
"Griffin Canning ","SDP","SP",999,104,404.5999999999999,47.10352114381761,-51.03832574246225,-3.701326740264916,"Griffin Canning","19867",656288
"Nick Mears ","KCR","RP",999,44,213.60000000000002,-40.23920016446853,33.45580642733732,-3.74837561599184,"Nick Mears","25376",683232
"Austin Warren ","NYM","RP",999,42,205.2,-40.267489090898344,33.45580642733732,-3.7681778644927135,"Austin Warren","24937",681810
"Justin Bruihl ","STL","RP",999,45,217.10000000000002,-40.34257371805786,33.45580642733732,-3.8207371035043716,"Justin Bruihl","23779",677865
"José Fermin ","LAA","RP",999,42,203.59999999999997,-40.53610170073662,33.45580642733732,-3.9562066913795064,"Jose Fermin","33908",820862
"Pierce Johnson ","CIN","RP",999,45,215.9,-40.54403317543656,33.45580642733732,-3.9617587236694654,"Pierce Johnson","13435",572955
"Cole Winn ","TEX","RP",999,46,219.2,-40.68098330525569,33.45580642733732,-4.057623814542849,"Cole Winn","22113",668390
"Taylor Clarke ","ARI","RP",999,48,227.40000000000003,-40.68627095505565,33.45580642733732,-4.0613251694028225,"Taylor Clarke","17611",664199
"Brandon Williamson ","CIN","SP",748.4500122070312,31,102.29999999999998,46.792871718069726,-51.03832574246225,-4.072492427277564,"Brandon Williamson","25463",682227
"Luis García ","MIN","RP",999,43,206.10000000000002,-40.80735813547486,33.45580642733732,-4.146086195696272,"Luis Garcia","6984",472610
"Franco Aleman ","CLE","RP",999,29,148.3,-40.837497739334644,33.45580642733732,-4.167183918398122,"Franco Aleman","sa3018178",680916
"Jalen Beeks ","TEX","RP",999,45,214,-40.863010649619504,33.45580642733732,-4.185042955597521,"Jalen Beeks","17192",656222
"Hayden Harris ","ATL","RP",999,38,184.5,-40.97881018023875,33.45580642733732,-4.266102627030996,"Hayden Harris","31913",802686
"Brandyn Garcia ","ARI","RP",999,40,192.60000000000002,-41.0008861181536,33.45580642733732,-4.281555783571394,"Brandyn Garcia","33568",805299
"Alex Lange ","KCR","RP",999,43,204.7,-41.042394169083344,33.45580642733732,-4.310611419222211,"Alex Lange","19883",656638
"Davis Martin ","CHW","SP",999,114,442.69999999999993,46.59022253948591,-51.03832574246225,-4.314618809486473,"Davis Martin","21448",663436
"John Schreiber ","KCR","RP",999,46,217.00000000000006,-41.05032564378329,33.45580642733732,-4.31616345151217,"John Schreiber","20020",670167
"Brusdar Graterol ","LAD","RP",999,32,159.1,-41.097253535757986,33.45580642733732,-4.349012975894456,"Brusdar Graterol","20367",660813
"Jared Koenig ","MIL","RP",748.489990234375,31,154.89999999999998,-41.11139799897288,33.45580642733732,-4.358914100144893,"Jared Koenig","27517",657649
"Kai-Wei Teng ","HOU","RP",999,40,191.89999999999998,-41.11840413495785,33.45580642733732,-4.363818395334366,"Kai-Wei Teng","24282",678906
"Matt Svanson ","STL","RP",528.7999877929688,40,191,-41.269498727991866,33.45580642733732,-4.469584610458183,"Matt Svanson","29629",694335
"Brayan Bello ","BOS","SP",421.4100036621094,108,417.20000000000005,46.45499089585182,-51.03832574246225,-4.476194340471138,"Brayan Bello","23920",678394
"John King ","MIA","RP",999,46,215.5,-41.30214996550667,33.45580642733732,-4.49244047671854,"John King","22051",667463
"Ron Marinaccio ","SDP","RP",999,42,198.89999999999998,-41.32515124213653,33.45580642733732,-4.508541370359436,"Ron Marinaccio","23488",676760
"Brooks Kriske ","ATH","RP",999,39,186.3,-41.367584631781234,33.45580642733732,-4.538244743110737,"Brooks Kriske","21189",621139
"Spencer Miles ","TOR","RP",999,40,190.3,-41.38701674479611,33.45580642733732,-4.55184722222115,"Spencer Miles","31621",693686
"Brendon Little ","TOR","RP",748.52001953125,29,145.00000000000003,-41.39151124712607,33.45580642733732,-4.554993373852117,"Brendon Little","21574",663893
"Edwin Uceta ","TBR","RP",572.6900024414062,28,140.80000000000007,-41.40565571034097,33.45580642733732,-4.56489449810255,"Edwin Uceta","20539",670955
"Jovani Morán ","BOS","RP",999,41,194.10000000000002,-41.44002543404077,33.45580642733732,-4.58895330469241,"Jovani Moran","20422",663558
"Enyel De Los Santos ","HOU","RP",999,46,214.10000000000005,-41.537185999115145,33.45580642733732,-4.656965700244471,"Enyel De Los Santos","18403",660853
"Gunnar Hoglund ","ATH","SP",999,27,82.9,46.299798374222895,-51.03832574246225,-4.661619241131897,"Gunnar Hoglund","31318",680684
"Michael Petersen ","MIA","RP",999,38,180.89999999999998,-41.58318855237484,33.45580642733732,-4.689167487526263,"Michael Petersen","20827",656848
"PJ Poulin ","WSN","RP",999,46,213.60000000000002,-41.62112743968961,33.45580642733732,-4.715724708646597,"PJ Poulin","23394",676571
"Colin Rea ","CHC","SP",748.260009765625,115,444.79999999999995,46.25181295228811,-51.03832574246225,-4.718952494062074,"Colin Rea","12317",607067
"AJ Blubaugh ","HOU","RP",748.5399780273438,51,229.80000000000004,-41.66527931551932,33.45580642733732,-4.746631021727396,"AJ Blubaugh","31764",805123
"Ryan Rolison ","CHC","RP",999,43,200.5,-41.74750226990879,33.45580642733732,-4.804187089800023,"Ryan Rolison","22200",669020
"Andrew Morris ","MIN","RP",999,41,191.90000000000003,-41.80936777256838,33.45580642733732,-4.847492941661738,"Andrew Morris","31891",702193
"Lance McCullers Jr. ","HOU","SP",999,88,333,46.13852505532389,-51.03832574246225,-4.854309512687542,"Lance McCullers Jr.","14120",621121
"Sam Hentges ","SFG","RP",999,32,154.5,-41.86951478904299,33.45580642733732,-4.8895958531939625,"Sam Hentges","18548",656529
"Brenan Hanifee ","DET","RP",999,40,187.40000000000003,-41.87387710012796,33.45580642733732,-4.8926494709534465,"Brenan Hanifee","22304",669724
"Foster Griffin ","WSN","SP",999,117,452.0000000000002,46.07864242133927,-51.03832574246225,-4.925857621715961,"Foster Griffin","16432",656492
"Slade Cecconi ","CLE","SP",584.5599975585938,116,447.70000000000005,46.047709670009446,-51.03832574246225,-4.9628162475717295,"Slade Cecconi","27500",677944
"Sam Moll ","CIN","RP",999,42,194.89999999999998,-41.996682766732185,33.45580642733732,-4.978613437576404,"Sam Moll","14874",594580
"Trevor Richards ","CHW","RP",999,40,186.59999999999997,-42.008183405047106,33.45580642733732,-4.986663884396845,"Trevor Richards","19309",670950
"JR Ritchie ","ATL","SP",999,77,286.6000000000001,45.949359383730126,-51.03832574246225,-5.08032572465147,"JR Ritchie","31760",702275
"A.J. Minter ","NYM","RP",999,31,148.2,-42.23621330267063,33.45580642733732,-5.146284812733305,"A.J. Minter","18655",621345
"Trevor Rogers ","BAL","SP",146.07000732421875,115,442.4000000000001,45.84889403753074,-51.03832574246225,-5.200362287259897,"Trevor Rogers","22286",669432
"Dylan Ross ","NYM","RP",999,28,134.10000000000005,-42.53047101403871,33.45580642733732,-5.352265210690968,"Dylan Ross","sa3025659",697811
"Dylan Dodd ","ATL","RP",999,41,187.2,-42.5984173139683,33.45580642733732,-5.399827620641681,"Dylan Dodd","29928",689266
"Trent Thornton ","CHC","RP",999,38,174.7,-42.62406241549813,33.45580642733732,-5.417779191712559,"Trent Thornton","17948",663423
"Tyler Samaniego ","BOS","RP",999,42,191.10000000000002,-42.63463771509805,33.45580642733732,-5.425181901432511,"Tyler Samaniego","30081",701719
"Joey Gerber ","NYM","RP",999,37,170.5,-42.638206878713035,33.45580642733732,-5.427680315962995,"Joey Gerber","24591",680702
"Gregory Santos ","SFG","RP",999,42,190.00000000000006,-42.81930888436186,33.45580642733732,-5.554451719917174,"Gregory Santos","21894",666619
"Gavin Hollowell ","CHC","RP",999,31,144.2,-42.907744827266285,33.45580642733732,-5.616356879950272,"Gavin Hollowell","25427",668970
"David Morgan ","SDP","RP",999,37,168.40000000000003,-42.99076092912575,33.45580642733732,-5.674468151251897,"David Morgan","31616",688158
"Tyler Anderson ","LAA","SP",999,28,81.90000000000003,45.44095185546346,-51.03832574246225,-5.687773908588061,"Tyler Anderson","12880",542881
"Chris Martin ","TEX","RP",638.3599853515625,31,143.39999999999998,-43.04205113218543,33.45580642733732,-5.710371293393667,"Chris Martin","11847",455119
"Seth Halvorsen ","COL","RP",712.510009765625,38,171.8,-43.11092277082997,33.45580642733732,-5.758581440444854,"Seth Halvorsen","33294",678020
"Ryan Borucki ","SFG","RP",999,39,175.8,-43.13035488384485,33.45580642733732,-5.772183919555268,"Ryan Borucki","16350",621366
"Sean Burke ","CHW","SP",748.5599975585938,115,439.5,45.36203368219887,-51.03832574246225,-5.782065787373985,"Sean Burke","29878",680732
"Brent Suter ","LAA","RP",999,47,208.50000000000003,-43.16829377115961,33.45580642733732,-5.7987411406756015,"Brent Suter","13942",608718
"Ryan Fernandez ","STL","RP",999,34,153.40000000000003,-43.43611323352788,33.45580642733732,-5.986214764333386,"Ryan Fernandez","24862",681676
"Paul Blackburn ","NYY","RP",999,41,182.2,-43.43783171971287,33.45580642733732,-5.9874177046628825,"Paul Blackburn","14739",621112
"Codi Heuer ","CLE","RP",999,27,123.9,-43.551912764147126,33.45580642733732,-6.067274435766859,"Codi Heuer","23293",676051
"Tayler Saucedo ","LAA","RP",999,28,127.90000000000003,-43.571344877162,33.45580642733732,-6.080876914877269,"Tayler Saucedo","17888",642048
"Andrew Alvarez ","WSN","SP",999,84,310.4000000000001,45.108226491800544,-51.03832574246225,-6.085316050805659,"Andrew Alvarez","29914",674841
"Welinton Herrera ","COL","RP",999,31,140.09999999999997,-43.596064639976845,33.45580642733732,-6.098180748847662,"Welinton Herrera","sa3016061",700327
"Anthony Kay ","CHW","SP",717.8599853515625,101,380.30000000000007,45.0968580447306,-51.03832574246225,-6.098899135521895,"Anthony Kay","20387",641743
"Joe Mantiply ","TOR","RP",999,34,152,-43.67114926713635,33.45580642733732,-6.150739987859319,"Joe Mantiply","14857",573009
"Gordon Graceffo ","STL","RP",999,42,184.89999999999998,-43.675511578221354,33.45580642733732,-6.153793605618812,"Gordon Graceffo","29519",700669
"Roki Sasaki ","LAD","SP",289.7200012207031,82,301.80000000000007,45.04636098914094,-51.03832574246225,-6.159233302517136,"Roki Sasaki","35323",808963
"Chris Bassitt ","BAL","SP",359.3599853515625,128,490.9,45.00868648431612,-51.03832574246225,-6.204247013495367,"Chris Bassitt","12304",605135
"Dean Kremer ","BAL","SP",999,88,326.2000000000001,44.99692146351128,-51.03832574246225,-6.2183039267480895,"Dean Kremer","19350",665152
"Jordan Leasure ","CHW","RP",717.510009765625,31,138.59999999999997,-43.847888961700214,33.45580642733732,-6.2744577740540235,"Jordan Leasure","29950",673929
"Keider Montero ","DET","SP",999,83,304.80000000000007,44.85904599497716,-51.03832574246225,-6.3830383146435725,"Keider Montero","22630",672456
"Stephen Kolek ","KCR","SP",999,70,251.20000000000005,44.843050854332276,-51.03832574246225,-6.402149398953568,"Stephen Kolek","21487",663568
"Tyler Davis ","CHW","RP",999,43,186.59999999999997,-44.08107431787873,33.45580642733732,-6.437687523378986,"Tyler Davis","34847",699823
"Yerry De los Santos ","NYY","RP",999,31,137.09999999999997,-44.0997132834236,33.45580642733732,-6.450734799260385,"Yerry De los Santos","21420",660787
"Cam Sanders ","PIT","RP",999,38,165.59999999999997,-44.15179663395326,33.45580642733732,-6.487193144631155,"Cam Sanders","23479",676742
"Chris Devenski ","PIT","RP",999,32,140.60000000000002,-44.203086837012926,33.45580642733732,-6.523096286772915,"Chris Devenski","12763",606965
"Justin Wrobleski ","LAD","SP",650.3499755859375,97,361.6000000000001,44.721302717688026,-51.03832574246225,-6.547614759693516,"Justin Wrobleski","31204",680736
"Ryan Lambert ","NYM","RP",999,35,152.7,-44.24459488794266,33.45580642733732,-6.552151922423733,"Ryan Lambert","sa3025613",822038
"Connor Brogdon ","CLE","RP",999,36,156.50000000000003,-44.29760357718732,33.45580642733732,-6.589258004894991,"Connor Brogdon","21205",641401
"Nate Pearson ","HOU","RP",999,35,152.2,-44.32853632851712,33.45580642733732,-6.610910930825849,"Nate Pearson","20160",663878
"James Karinchak ","ATL","RP",999,31,135,-44.45226733383632,33.45580642733732,-6.697522634549291,"James Karinchak","20151",675916
"Anthony Banda ","MIN","RP",999,38,163.7,-44.470774108136204,33.45580642733732,-6.710477376559212,"Anthony Banda","14706",607455
"Jordan Wicks ","CHC","RP",999,34,146.20000000000005,-44.644869977800056,33.45580642733732,-6.832344485323913,"Jordan Wicks","30094",696136
"Elvis Alvarado ","ATH","RP",748.52001953125,32,137.8,-44.673158904229886,33.45580642733732,-6.852146733824794,"Elvis Alvarado","21662",665660
"Eric Cerantola ","KCR","RP",999,40,170.7,-44.67752121531487,33.45580642733732,-6.855200351584277,"Eric Cerantola","30128",672021
"Yuki Matsui ","SDP","RP",999,39,166.40000000000003,-44.70845396664466,33.45580642733732,-6.876853277515131,"Yuki Matsui","33826",673513
"Easton McGee ","MIL","RP",999,27,116.9,-44.72709293218954,33.45580642733732,-6.889900553396549,"Easton McGee","22176",668834
"Garrett Acton ","MIN","RP",999,28,121.00000000000006,-44.729736757089505,33.45580642733732,-6.891751230826526,"Garrett Acton","27583",670183
"Chase Shugart ","PHI","RP",999,37,157.3,-44.854260909878725,33.45580642733732,-6.978918137778976,"Chase Shugart","21544",663767
"Danny Coulombe ","BOS","RP",999,32,136,-44.975348090297935,33.45580642733732,-7.0636791640724255,"Danny Coulombe","13293",543056
"Lake Bachar ","MIA","RP",999,34,144.10000000000002,-44.997424028212784,33.45580642733732,-7.079132320612823,"Lake Bachar","19222",669199
"Chad Patrick ","MIL","SP",288.6499938964844,110,412.4,44.26722579111593,-51.03832574246225,-7.090148434114358,"Chad Patrick","30113",694477
"Ricky Vanasco ","DET","RP",999,32,135.2,-45.10965439521707,33.45580642733732,-7.15769357751582,"Ricky Vanasco","23391",676568
"Josh White ","MIA","RP",999,29,122.80000000000001,-45.118511208632,33.45580642733732,-7.163893346906272,"Josh White","sa3019953",687985
"Matt Pushard ","STL","RP",999,39,163.90000000000003,-45.12816116951695,33.45580642733732,-7.170648319525734,"Matt Pushard","31870",690155
"Ryan Yarbrough ","NYY","RP",999,40,167.8,-45.164381570646725,33.45580642733732,-7.196002600316579,"Ryan Yarbrough","16502",642232
"Brian Fitzpatrick ","MIL","RP",999,38,159.29999999999995,-45.209458785191444,33.45580642733732,-7.227556650497883,"Brian Fitzpatrick","31624",702153
"Yoendrys Gómez ","MIN","RP",999,35,145.9,-45.386198479755286,33.45580642733732,-7.351274436692572,"Yoendrys Gomez","22872",672782
"Zach Agnos ","COL","RP",743.47998046875,42,174.59999999999997,-45.40470525405519,33.45580642733732,-7.364229178702503,"Zach Agnos","31552",688642
"Brennan Bernardino ","COL","RP",999,40,166.3,-45.4162058923701,33.45580642733732,-7.372279625522941,"Brennan Bernardino","16835",657514
"Matthew Liberatore ","STL","SP",410.2300109863281,114,427.39999999999986,44.0216144579075,-51.03832574246225,-7.383606241122774,"Matthew Liberatore","22294",669461
"Jake Woodford ","MIL","RP",999,41,169.40000000000003,-45.58673259841899,33.45580642733732,-7.491648319757166,"Jake Woodford","18674",663765
"Jacob Lopez ","ATH","SP",409.239990234375,86,311.59999999999997,43.927758673958145,-51.03832574246225,-7.495745661454247,"Jacob Lopez","25098",682052
"Peyton Gray ","TEX","RP",999,34,140.10000000000002,-45.668955552808455,33.45580642733732,-7.549204387829789,"Peyton Gray","25310",682608
"Bryce Elder ","ATL","SP",740.5499877929688,114,426.29999999999995,43.83694328864371,-51.03832574246225,-7.604252396338435,"Bryce Elder","27779",693821
"Zach Pop ","PHI","RP",999,34,139.60000000000002,-45.75289699338291,33.45580642733732,-7.6079633962319075,"Zach Pop","20185",647315
"Brady Basso ","ATH","RP",999,31,127.19999999999999,-45.761753806797856,33.45580642733732,-7.6141631656223705,"Brady Basso","25582",669620
"Tejay Antone ","CIN","RP",999,34,138.60000000000002,-45.920779874531824,33.45580642733732,-7.725481413036151,"Tejay Antone","16233",622088
"Hunter Dobbins ","STL","SP",999,83,298.00000000000006,43.717442403164526,-51.03832574246225,-7.7470327287041485,"Hunter Dobbins","30240",690928
"Carter Baumler ","TEX","RP",999,42,171.2,-45.97550704996149,33.45580642733732,-7.763790435836915,"Carter Baumler","30231",691945
"José Suarez ","SEA","RP",999,34,137.90000000000003,-46.03829789133607,33.45580642733732,-7.807744024799122,"Jose Suarez","19911",660761
"Nick Davila ","SEA","RP",999,32,129.60000000000002,-46.049798529651,33.45580642733732,-7.815794471619569,"Nick Davila","27741",689546
"Kervin Castro ","NYY","RP",999,32,129.60000000000002,-46.049798529651,33.45580642733732,-7.815794471619569,"Kervin Castro","21656",665645
"Sammy Peralta ","COL","RP",999,32,129,-46.15052825834036,33.45580642733732,-7.886305281702118,"Sammy Peralta","25589",671111
"Josh Sborz ","TEX","RP",999,27,108.19999999999999,-46.187673998185105,33.45580642733732,-7.912307299593445,"Josh Sborz","18323",622250
"Germán Márquez ","SDP","SP",743.3200073242188,42,128.29999999999998,43.5572266142256,-51.03832574246225,-7.938459457495382,"German Marquez","15038",608566
"José Urquidy ","PIT","RP",999,32,128.40000000000003,-46.251257987029696,33.45580642733732,-7.956816091784658,"Jose Urquidy","18413",664353
"Logan Allen ","CLE","SP",999,79,280.3,43.509769957270876,-51.03832574246225,-7.995160939043327,"Logan Allen","27589",671106
"Julian Fernández ","WSN","RP",999,29,115.60000000000002,-46.3272679529042,33.45580642733732,-8.010023067896814,"Julian Fernandez","18341",642759
"Tyler Wells ","BAL","RP",748.469970703125,31,123.49999999999997,-46.382920467048855,33.45580642733732,-8.048979827798071,"Tyler Wells","20000",669330
"Adrian Houser ","SFG","SP",743.219970703125,105,386.79999999999995,43.42424222175638,-51.03832574246225,-8.097349960106047,"Adrian Houser","12718",605288
"Chris Murphy ","CHW","RP",999,28,110.70000000000005,-46.45893043292335,33.45580642733732,-8.102186803910216,"Chris Murphy","26214",669684
"Kyle Nicolas ","CIN","RP",999,28,110.60000000000002,-46.47571872103824,33.45580642733732,-8.113938605590644,"Kyle Nicolas","27775",693312
"Kyle Hart ","SDP","RP",999,32,126.60000000000002,-46.553447173097744,33.45580642733732,-8.168348522032293,"Kyle Hart","19646",606996
"Kendry Rojas ","MIN","RP",999,37,146.3,-46.700972602516806,33.45580642733732,-8.271616322625631,"Kendry Rojas","29423",696070
"Seth Johnson ","PHI","RP",999,28,109.00000000000006,-46.7443313308765,33.45580642733732,-8.301967432477424,"Seth Johnson","26020",686751
"Logan VanWey ","HOU","RP",999,28,108.40000000000003,-46.84506105956586,33.45580642733732,-8.372478242559973,"Logan VanWey","31884",701121
"Andrew Hoffmann ","ARI","RP",999,33,128.20000000000005,-46.975798200870024,33.45580642733732,-8.463994241472884,"Andrew Hoffmann","29633",694851
"Eli Morgan ","KCR","RP",999,31,119.59999999999997,-47.03766370352963,33.45580642733732,-8.507300093334612,"Eli Morgan","20203",669212
"Patrick Corbin ","TOR","SP",999,74,257.1,43.06970530266871,-51.03832574246225,-8.520952671837184,"Patrick Corbin","9323",571578
"Chris Roycroft ","STL","RP",999,31,119.29999999999998,-47.088028567874304,33.45580642733732,-8.542555498375883,"Chris Roycroft","31261",688297
"Hunter Barco ","PIT","RP",999,49,192.60000000000002,-47.21955885664846,33.45580642733732,-8.634626700517794,"Hunter Barco","33174",682995
"Merrill Kelly ","ARI","SP",284.17999267578125,125,466.29999999999995,42.95165852088441,-51.03832574246225,-8.661995632902112,"Merrill Kelly","11156",518876
"Brady Singer ","CIN","SP",388.25,130,486.70000000000005,42.92165110826962,-51.03832574246225,-8.697848658839076,"Brady Singer","25377",663903
"Zak Kent ","WSN","RP",999,32,122,-47.32570842638276,33.45580642733732,-8.708931399331805,"Zak Kent","25703",687849
"Orlando Ribalta ","WSN","RP",999,35,134.3,-47.333639901082705,33.45580642733732,-8.714483431621767,"Orlando Ribalta","26247",687377
"Philip Abner ","ARI","RP",999,32,121.80000000000001,-47.359285002612545,33.45580642733732,-8.732435002692654,"Philip Abner","33821",691769
"Dax Fulton ","MIA","RP",999,27,101.1,-47.3796424543424,33.45580642733732,-8.746685218903554,"Dax Fulton","27757",690978
"JT Brubaker ","SFG","RP",999,40,154.5,-47.397223889927304,33.45580642733732,-8.758992223812985,"JT Brubaker","17578",664141
"Ryan Watson ","BOS","RP",999,35,133.7,-47.434369629772064,33.45580642733732,-8.784994241704316,"Ryan Watson","27853",670245
"Walker Buehler ","SDP","SP",740.9299926757812,78,272.1,42.8240939694603,-51.03832574246225,-8.814410478845584,"Walker Buehler","19374",621111
"Osvaldo Bido ","CHW","RP",999,35,133.39999999999998,-47.48473449411673,33.45580642733732,-8.820249646745587,"Osvaldo Bido","23150",674370
"Luis Mey ","CIN","RP",999,32,120.60000000000002,-47.560744459991234,33.45580642733732,-8.87345662285774,"Luis Mey","25620",682825
"Max Scherzer ","TOR","SP",546.9299926757812,89,316.8,42.7278587431009,-51.03832574246225,-8.929392870396805,"Max Scherzer","3137",453286
"Paxton Schultz ","WSN","RP",999,37,140.40000000000003,-47.69148160129541,33.45580642733732,-8.964972621770652,"Paxton Schultz","25501",687606
"Ryan Feltner ","COL","SP",999,58,189,42.692299298196176,-51.03832574246225,-8.971879495846295,"Ryan Feltner","21446",663372
"Lou Trivino ","BAL","RP",999,35,132.1,-47.702982239610336,33.45580642733732,-8.973023068591104,"Lou Trivino","15043",642152
"Trevor Martin ","TBR","RP",999,34,127.90000000000003,-47.71712670282524,33.45580642733732,-8.982924192841535,"Trevor Martin","31878",694680
"Patrick Sandoval ","BOS","RP",999,41,156.30000000000007,-47.78599834146979,33.45580642733732,-9.031134339892724,"Patrick Sandoval","19447",663776
"Cody Bradford ","TEX","RP",999,37,138.8,-47.96009421113367,33.45580642733732,-9.153001448657443,"Cody Bradford","27597",674003
"Ty Madden ","DET","RP",999,33,121.50000000000006,-48.100613504567754,33.45580642733732,-9.251364954061296,"Ty Madden","30140",680744
"Mitch Farris ","LAA","RP",999,34,122.50000000000003,-48.62369426102938,33.45580642733732,-9.617521483584436,"Mitch Farris","33628",815083
"Austin Peterson ","CLE","RP",999,28,96.00000000000001,-48.926808785812426,33.45580642733732,-9.829701650932568,"Austin Peterson","sa3020868",804926
"Lazaro Estrada ","TOR","RP",999,29,99.70000000000002,-48.99660576317197,33.45580642733732,-9.878559535084248,"Lazaro Estrada","24914",681751
"Peyton Pallette ","CLE","RP",999,33,115.50000000000006,-49.10791079146125,33.45580642733732,-9.956473054886748,"Peyton Pallette","31865",688883
"Michael McGreevy ","STL","SP",715.3800048828125,117,426.9000000000001,41.86478210450146,-51.03832574246225,-9.960601708910199,"Michael McGreevy","29869",700241
"Alan Rangel ","PHI","RP",999,33,114.20000000000005,-49.32615853695484,33.45580642733732,-10.10924647673226,"Alan Rangel","19524",660604
"Bailey Ober ","MIN","SP",494.3399963378906,124,454.5,41.66160416093775,-51.03832574246225,-10.20335986250113,"Bailey Ober","21224",641927
"Rhett Lowder ","CIN","SP",552.219970703125,93,326.70000000000005,41.62604471603301,-51.03832574246225,-10.245846487950645,"Rhett Lowder","33876",695076
"Jake Irvin ","WSN","SP",999,108,388.40000000000003,41.619963918763034,-51.03832574246225,-10.253111858845388,"Jake Irvin","21504",663623
"Andrew Painter ","PHI","SP",999,97,342.6000000000001,41.53152797585862,-51.03832574246225,-10.358775622509848,"Andrew Painter","30091",691725
"Jack Anderson ","BOS","RP",999,31,103.09999999999997,-49.80773124248673,33.45580642733732,-10.446347370604588,"Jack Anderson","30086",681252
"José Berríos ","TOR","SP",715.6500244140625,85,292.30000000000007,41.37858270539462,-51.03832574246225,-10.541515494796556,"Jose Berrios","14168",621244
"Justin Verlander ","DET","SP",658.8499755859375,101,356.8000000000001,41.151610337731086,-51.03832574246225,-10.812703360584187,"Justin Verlander","8700",434378
"Randy Vásquez ","SDP","SP",721.1699829101562,111,397.60000000000014,41.09159551250146,-51.03832574246225,-10.884409412458169,"Randy Vasquez","24719",681190
"Jared Shuster ","STL","RP",999,29,88.60000000000001,-50.86010574392494,33.45580642733732,-11.183009521611329,"Jared Shuster","27472",694363
"Jameson Taillon ","CHC","SP",504.4700012207031,121,435.4000000000001,40.527932043825096,-51.03832574246225,-11.55787770582945,"Jameson Taillon","11674",592791
"Wilber Dotel ","PIT","RP",999,31,92.69999999999999,-51.55371320643546,33.45580642733732,-11.668534745368694,"Wilber Dotel","28901",696062
"Noah Cameron ","KCR","SP",298,108,380.6000000000001,40.31047744580149,-51.03832574246225,-11.817693686738398,"Noah Cameron","30184",702070
"Mason Black ","KCR","RP",999,39,123.60000000000002,-51.89384127981828,33.45580642733732,-11.90662439673667,"Mason Black","30171",696131
"Seth Lugo ","KCR","SP",493.1000061035156,128,460.80000000000007,39.955411761733764,-51.03832574246225,-12.241928169851755,"Seth Lugo","12447",607625
"Alek Manoah ","LAA","RP",748.5599975585938,57,165.10000000000002,-52.5273017258542,33.45580642733732,-12.35004670896181,"Alek Manoah","26410",666201
"Chase Solesky ","TBR","RP",999,39,118.20000000000005,-52.80040883802242,33.45580642733732,-12.541221687479565,"Chase Solesky","sa3009940",686678
"Cristian Javier ","HOU","SP",470.2799987792969,72,227.4000000000001,39.465511007767,-51.03832574246225,-12.827264355413101,"Cristian Javier","17606",664299
"Simeon Woods Richardson ","MIN","SP",664.0399780273438,90,300.59999999999997,39.317192430877924,-51.03832574246225,-13.00447622810605,"Simeon Woods Richardson","24494",680573
"Eduardo Rodriguez ","ARI","SP",738.219970703125,115,402.69999999999993,39.183943655918746,-51.03832574246225,-13.163682616407753,"Eduardo Rodriguez","13164",593958
"Michael Wacha ","KCR","SP",609.2899780273438,126,444.70000000000005,38.63442465045729,-51.03832574246225,-13.820251025306527,"Michael Wacha","14078",608379
"Andrew Abbott ","CIN","SP",221.92999267578125,128,448.20000000000005,37.84008745925742,-51.03832574246225,-14.769329584140486,"Andrew Abbott","29911",671096
"Riley Cornelio ","WSN","RP",999,50,143.6,-56.13678367055589,33.45580642733732,-14.876684070252994,"Riley Cornelio","31953",683000
"Tatsuya Imai ","HOU","SP",999,69,204.60000000000002,37.71067223040332,-51.03832574246225,-14.923955629921474,"Tatsuya Imai","37124",837227
"Aaron Civale ","ATH","SP",748.5800170898438,115,393.09999999999997,37.57226799688917,-51.03832574246225,-15.089321789199147,"Aaron Civale","19479",650644
"Lucas Giolito ","SDP","SP",728.47998046875,109,366.6000000000001,37.26915347210615,-51.03832574246225,-15.451484734016269,"Lucas Giolito","15474",608337
"Jeffrey Springs ","ATH","SP",722.25,126,434.5,36.922019262738345,-51.03832574246225,-15.866242646397406,"Jeffrey Springs","17677",605488
"Miles Mikolas ","WSN","SP",999,93,293.5,36.05233306188899,-51.03832574246225,-16.905348627187617,"Miles Mikolas","9803",571945
"Erick Fedde ","CHW","SP",999,102,329.30000000000007,35.84386746852535,-51.03832574246225,-17.154424494600008,"Erick Fedde","17425",607200
"Jack Kochanowicz ","LAA","SP",999,118,392.4000000000001,35.38185906725331,-51.03832574246225,-17.70643473975309,"Jack Kochanowicz","27688",686799
"Zack Littell ","WSN","SP",709.4099731445312,115,350.79999999999995,30.470822124290002,-51.03832574246225,-23.574169394311323,"Zack Littell","15823",641793
"Kyle Freeland ","COL","SP",999,116,351.3000000000001,29.86379992725396,-51.03832574246225,-24.2994429410188,"Kyle Freeland","16256",607536
"Michael Lorenzen ","COL","SP",999,118,335.1000000000001,25.762169977420427,-51.03832574246225,-29.20009355235182,"Michael Lorenzen","14843",547179
"Tomoyuki Sugano ","COL","SP",999,110,276.50000000000006,21.45194224297826,-51.03832574246225,-34.34997797394277,"Tomoyuki Sugano","35321",608372
"Jose Quintana ","COL","SP",999,110,265.6,19.62201883845506,-51.03832574246225,-36.536380784716364,"Jose Quintana","11423",500779
"Cooper Criswell ","SEA","SP/RP",999,51,254.2,-37.56893701548578,-51.03832574246225,-104.86845759230596,"Cooper Criswell","24975",681867
"Antonio Senzatela ","COL","SP/RP",999,66,250.4000000000001,-38.20689196385164,-51.03832574246225,-105.6306897648692,"Antonio Senzatela","15488",622608
"Tyler Alexander ","TEX","SP/RP",999,58,250.40000000000003,-38.20689196385165,-51.03832574246225,-105.6306897648692,"Tyler Alexander","17735",641302
"Mick Abel ","MIN","SP/RP",298.7799987792969,57,238.5,-40.20469824952376,-51.03832574246225,-108.01767998947524,"Mick Abel","27756",690953
"Shane Drohan ","MIL","SP/RP",999,51,234.70000000000005,-40.84265319788963,-51.03832574246225,-108.77991216203849,"Shane Drohan","27814",675660
"Mason Englert ","TBR","SP/RP",999,52,233.89999999999998,-40.976959502808775,-51.03832574246225,-108.94038209310447,"Mason Englert","22288",669438
"Mitchell Parker ","WSN","SP/RP",999,58,231.90000000000003,-41.3127252651066,-51.03832574246225,-109.34155692076932,"Mitchell Parker","27636",680730
"David Festa ","MIN","SP/RP",999,33,153.40000000000003,-42.745149595917326,-51.03832574246225,-111.05302559501207,"David Festa","30056",701581
"Luis Morales ","ATH","SP/RP",735.3200073242188,65,221.2,-43.10907209340001,-51.03832574246225,-111.48784224877643,"Luis Morales","32227",806960
"Hurston Waldrep ","ATL","SP/RP",999,54,217.60000000000002,-43.7134504655361,-51.03832574246225,-112.20995693857321,"Hurston Waldrep","33527",694462
"Cade Povich ","BAL","SP/RP",999,49,207.50000000000003,-44.718103927529604,-51.03832574246225,-113.4103225646571,"Cade Povich","30055",700249
"Trevor McDonald ","SFG","SP/RP",748.5800170898438,50,209.5,-45.07330180284232,-51.03832574246225,-113.83471499061598,"Trevor McDonald","26448",686790
"Walbert Urena ","LAA","SP/RP",999,62,208.29999999999995,-45.27476126022103,-51.03832574246225,-114.07541988721489,"Walbert Urena","29357",700712
"Didier Fuentes ","ATL","SP/RP",600.4400024414062,32,129.3,-46.100163393995665,-51.03832574246225,-115.06161501475012,"Didier Fuentes","30661",800311
"Troy Melton ","DET","SP/RP",743.22998046875,48,194.70000000000007,-46.17604116862519,-51.03832574246225,-115.15227420808854,"Troy Melton","31807",675512
"Ryan Gusto ","MIA","SP/RP",999,29,116,-46.26011480044465,-51.03832574246225,-115.25272585785031,"Ryan Gusto","26440",687473
"Javier Assad ","CHC","SP/RP",999,34,135.60000000000002,-46.424428517978576,-51.03832574246225,-115.44904881485323,"Javier Assad","21741",665871
"Blade Tidwell ","SFG","SP/RP",999,43,170.39999999999998,-46.800776992491166,-51.03832574246225,-115.8987120960981,"Blade Tidwell","31701",694918
"Luinder Avila ","KCR","SP/RP",999,52,197.8,-47.03753151228463,-51.03832574246225,-116.18158773245547,"Luinder Avila","24452",679883
"Jesse Scholtens ","TBR","SP/RP",999,50,197.50000000000003,-47.08789637662931,-51.03832574246225,-116.24176395660521,"Jesse Scholtens","19205",669947
"Tanner Gordon ","COL","SP/RP",999,67,197.39999999999995,-47.10468466474422,-51.03832574246225,-116.26182269798849,"Tanner Gordon","27669",685299
"Ryan Johnson ","LAA","SP/RP",999,42,164,-47.184263794233686,-51.03832574246225,-116.35690429100195,"Ryan Johnson","35325",696270
"Mason Barnett ","ATH","SP/RP",999,37,138.70000000000002,-47.97688249924855,-51.03832574246225,-117.30392959284389,"Mason Barnett","31741",686930
"Jason Alexander ","HOU","SP/RP",999,30,106.19999999999999,-48.596330673314554,-51.03832574246225,-118.04404976703192,"Jason Alexander","19666",669920
"Travis Adams ","MIN","SP/RP",999,36,129.70000000000005,-48.79686479197826,-51.03832574246225,-118.28364906371213,"Travis Adams","30180",701519
"Mitch Spence ","KCR","SP/RP",999,29,99.20000000000003,-49.08054720374643,-51.03832574246225,-118.62259441023527,"Mitch Spence","27707",687765
"Cody Bolton ","HOU","SP/RP",999,45,162,-49.59292046936314,-51.03832574246225,-119.23478087953806,"Cody Bolton","23265",675989
"Martín Pérez ","ATL","SP/RP",999,34,113.10000000000002,-50.20179334382919,-51.03832574246225,-119.96226562608311,"Martin Perez","6902",527048
"Eric Lauer ","TOR","SP/RP",720.5399780273438,52,175.90000000000003,-50.7141666094459,-51.03832574246225,-120.57445209538592,"Eric Lauer","19316",641778
"Cal Quantrill ","TEX","SP/RP",999,31,94.09999999999997,-51.31867717282698,-51.03832574246225,-121.2967247280282,"Cal Quantrill","19312",615698
"Chase Petty ","CIN","SP/RP",999,50,170.9,-51.55358101519048,-51.03832574246225,-121.57738916454812,"Chase Petty","30170",695534
"Caden Dana ","LAA","SP/RP",999,46,149.00000000000003,-52.46636156190959,-51.03832574246225,-122.66798451298351,"Caden Dana","31508",702674
"Jonathan Cannon ","CHW","SP/RP",999,44,135.9,-53.28370002973931,-51.03832574246225,-123.64454512694098,"Jonathan Cannon","31730",686563
"Taijuan Walker ",,"SP/RP",748.25,33,83.80000000000005,-54.42979812388188,-51.03832574246225,-125.01390959774982,"Taijuan Walker","11836",592836
"Bailey Falter ","KCR","SP/RP",999,47,134.80000000000004,-55.54126211183472,-51.03832574246225,-126.34189304302788,"Bailey Falter","20070",663559
"Sam Aldegheri ","LAA","SP/RP",999,45,116.4,-57.24837984975371,-51.03832574246225,-128.38156695029727,"Sam Aldegheri","26443",691951