Name,Team,W,L,SV,G,GS,IP,K/9,BB/9,HR/9,BABIP,LOB%,GB%,HR/FB,vFA (pi),ERA,xERA,FIP,xFIP,WAR,NameASCII,PlayerId,MLBAMID
"Mason Miller","SDP",1,0,13,19,0,19.2,18.305085337528467,2.2881356671910584,0,0.2962962962962963,0.84615385,0.666666666,0,101.25148059475806,0.9152542668764233,0.795288171664868,-0.19878669205632749,0.15842660690072297,1.3118972778320312,"Mason Miller",31757,695243
"Louis Varland","TOR",1,1,5,21,0,21.2,13.29231042263832,3.7384623063670275,0,0.3695652173913043,0.80769231,0.565217391,0,98.44970969945355,0.4153847007074475,1.9095428905035792,1.398605502089028,2.176781069579649,0.9436457753181458,"Louis Varland",27691,686973
"Cade Smith","CLE",2,0,13,20,0,20.2,12.629032646580132,1.7419355374593284,0.4354838843648321,0.3673469387755102,0.69444444,0.34,0.047619047,96.683203125,3.0483871905538247,2.586731150220061,1.5095239178819275,2.3081925330965944,0.8351185917854309,"Cade Smith",27867,671922
"Dylan Lee","ATL",1,0,0,21,0,20.2,10.88709811390269,0.8709678491122153,0,0.1590909090909091,0.77777778,0.363636363,0,93.33419639185855,0.8709678491122153,1.4927375561874392,0.9772656405008973,2.4049666648954817,0.8024362325668335,"Dylan Lee",19996,669276
"Antonio Senzatela","COL",3,0,2,12,0,27.1,7.902440494898446,2.3048784776787135,0.3292683539541019,0.19117647058823528,0.81632653,0.426470588,0.034482758,97.05646306818181,1.3170734158164077,2.7567980398805676,2.5941029432910425,3.609205412079108,0.784447193145752,"Antonio Senzatela",15488,622608
"Erik Sabrowski","CLE",1,1,0,22,0,19.1,16.293107734708517,4.655173638488148,0.4655173638488148,0.20689655172413793,0.83333333,0.166666666,0.052631578,94.38451704545454,1.8620694553952593,2.3861564196679548,1.7097460690065343,2.418146583600493,0.771050214767456,"Erik Sabrowski",24978,681870
"Gregory Soto","PIT",3,0,4,21,0,21.1,10.968750653788486,2.9531251760199773,0.421875025145711,0.1590909090909091,0.82191781,0.418604651,0.047619047,96.93055138221153,1.687500100582844,2.0318143983034216,2.40317311864346,3.176883361947213,0.7602240443229675,"Gregory Soto",19677,642397
"Riley O'Brien","STL",3,1,12,20,0,20,10.350000987053011,0.9000000858306967,0.45000004291534834,0.32,0.71428571,0.62,0.111111111,,2.70000025749209,2.4323224622373063,2.056298060417166,2.038565577440135,0.7117093205451965,"Riley O'Brien",20348,676617
"Sean Newcomb","CHW",0,0,0,18,0,23.2,8.74648122289986,3.042254338399951,0,0.3283582089552239,0.75,0.56060606,0,94.43596540178571,3.042254338399951,3.168335683692551,2.430241640908545,3.4988630863736856,0.6631520986557007,"Sean Newcomb",16943,656794
"Jack Perkins","ATH",2,1,3,11,0,16.1,12.122451338953162,2.7551025770348097,0,0.35714285714285715,0.60869565,0.38095238,0,96.57430978548729,3.8571436078487333,3.1293142673360568,1.8818081263152855,3.2581730607820822,0.652715265750885,"Jack Perkins",31468,678022
"Grant Taylor","CHW",1,0,0,12,0,16.1,14.877553915987972,4.408164123255696,0,0.47619047619047616,0.71428571,0.476190476,0,98.48118889664805,2.7551025770348097,2.596749885743338,1.269563109196439,2.2158140016423618,0.6487426161766052,"Grant Taylor",33927,691799
"Robert Suarez","ATL",4,0,4,18,0,18,9.000000953674418,2.0000002119276483,0,0.2708333333333333,0.94117647,0.425531914,0,99.05160701976104,0.5000000529819121,2.9553402276642906,1.7729646859345465,3.0218883120314444,0.6162438988685608,"Robert Suarez",30115,663158
"Ryan Zeferjahn","LAA",2,1,1,15,0,21.2,12.04615526007494,4.569231305545666,0,0.25,0.57692308,0.44680851,0,97.23956620065789,4.153846641405152,1.987748863494235,2.3678365354142845,3.6647957003920673,0.5861325263977051,"Ryan Zeferjahn",25420,666171
"Rico Garcia","BAL",3,0,3,20,0,19,10.421053677714868,3.3157898065456397,0.4736842580779485,0,1,0.542857142,0.083333333,95.56556619623656,0.4736842580779485,1.8414327776426105,2.579982318244147,2.783164821046695,0.5853295922279358,"Rico Garcia",20023,670329
"Ben Brown","CHC",1,1,1,12,0,25.2,8.415585249426234,2.8051950831420784,0.3506493853927598,0.25,0.73170732,0.507246376,0.047619047,96.62733843537416,2.1038963123565586,2.776395968979034,2.6777266895173835,3.32081055349544,0.5687317848205566,"Ben Brown",23590,676962
"Aaron Ashby","MIL",7,0,0,19,0,24.2,14.22973229712734,5.472973960433592,0.3648649306955728,0.3125,0.87837838,0.571428571,0.076923076,97.20369466145833,1.4594597227822912,2.1792940898472484,2.2954872034517058,2.508953705325193,0.5636125206947327,"Aaron Ashby",23550,676879
"Aroldis Chapman","BOS",0,1,9,14,0,13.2,12.512195704027302,3.2926830800071847,0,0.25925925925925924,0.92307692,0.307692307,0,97.16404186839789,0.658536616001437,3.7633530807073763,1.6428834583275633,2.77376850375904,0.5612089037895203,"Aroldis Chapman",10233,547973
"Adrian Morejon","SDP",3,1,1,18,0,21,11.14286017904559,2.1428577267395363,0.8571430906958146,0.3508771929824561,0.55555556,0.627118644,0.222222222,98.96832985101744,5.571430089522795,3.156307572173541,2.725345675799283,2.08940980605772,0.5516796112060547,"Adrian Morejon",20039,670970
"Jose A. Ferrer","SEA",0,1,2,21,0,20,7.200001373291277,1.3500002574921146,0,0.36764705882352944,0.83870968,0.454545454,0,,1.8000003433228193,2.507978580918252,2.406298027038549,3.9518411453507873,0.5507932901382446,"Jose A. Ferrer",24017,678606
"David Bednar","NYY",1,3,10,18,0,18,11.000001165602066,2.5000002649095605,0.5000000529819121,0.35294117647058826,0.63559322,0.56,0.071428571,95.9985975681391,3.5000003708733844,2.392389020435606,2.384075861801328,2.7546617358844627,0.5388281941413879,"David Bednar",19569,670280
"Jacob Latz","TEX",0,1,5,17,0,17.2,7.1320764983665175,2.0377361423904334,0.5094340355976084,0.15217391304347827,0.66037736,0.425531914,0.045454545,94.50544289981617,2.547170177988042,2.5167599686282194,2.936486815353776,3.9503090256603155,0.5357680320739746,"Jacob Latz",21306,656641
"Sean Burke","CHW",0,0,0,2,0,13.1,7.425000177025799,0,0,0.2,0.85714286,0.285714285,0,94.69460533405173,0.6750000160932544,1.9938577625575997,1.4562981212139121,3.2477228002813376,0.5347110033035278,"Sean Burke",29878,680732
"Juan Morillo","ARI",1,1,1,20,0,18.2,10.125002413988689,2.4107148604734974,0.4821429720946995,0.2,0.82191781,0.52173913,0.058823529,98.89575031459732,1.928571888378798,1.9443213845716338,2.5170123057705682,3.100172899347269,0.5199669599533081,"Juan Morillo",21924,666661
"Will Klein","LAD",1,2,0,12,0,16.1,9.367348761918352,3.3061230924417715,0,0.3617021276595745,0.7826087,0.44680851,0,97.96164772727273,2.7551025770348097,2.832318580154794,2.1267061331628243,3.4170482592254463,0.4808388650417328,"Will Klein",27787,694361
"Jack Dreyer","LAD",2,1,0,19,0,20.2,9.580646340234368,2.1774196227805382,0.4354839245561076,0.27450980392156865,0.81632653,0.411764705,0.04347826,93.41538962339743,2.1774196227805382,2.8214392379285975,2.477265825083046,3.4119060401405146,0.47818803787231445,"Jack Dreyer",30249,676263
"Bryan Hudson","CHW",1,0,2,19,0,18,10.000002119276708,4.000000847710683,0,0.3333333333333333,0.88,0.555555555,0,92.08479817708333,1.0000002119276707,2.8574976049927376,2.3840757852718832,3.3207686041001097,0.4614304006099701,"Bryan Hudson",19924,663542
"Trevor Megill","MIL",0,2,4,16,0,15,11.4,3.6,0,0.34146341463414637,0.47619048,0.405405405,0,97.55063250206953,6,3.6900991575192266,1.9729648272196454,3.4716730197270715,0.4521785080432892,"Trevor Megill",17722,656730
"Kevin Kelly","TBR",2,1,2,19,0,19.2,6.8644083330464225,1.8305088888123795,0.4576272222030949,0.17307692307692307,0.51470588,0.603773584,0.083333333,93.1007792154948,2.745763333218569,3.23812631799395,3.0046032222856245,3.200898207335564,0.45056524872779846,"Kevin Kelly",25679,687330
"Gus Varland","WSN",1,1,4,17,0,16,9.562502279878206,2.8125006705524136,0.5625001341104827,0.3673469387755102,0.7079646,0.354166666,0.047619047,95.62700973731884,4.500001072883862,4.589193338868549,2.73129807114599,3.7629119133512683,0.4487113654613495,"Gus Varland",24737,681402
"Bryan Baker","TBR",1,0,11,19,0,17.1,10.384616146426286,4.153846458570514,0.5192308073213142,0.21951219512195122,0.78313253,0.452380952,0.0625,97.15059895833333,2.5961540366065714,2.287480419564459,2.9332212247792073,3.480180277650695,0.442955881357193,"Bryan Baker",19804,641329
"Brock Burke","CIN",1,2,1,20,0,19.2,10.525426110671182,5.033899444234043,0,0.3269230769230769,0.65517241,0.372549019,0,96.40340750558036,2.745763333218569,4.133033141690733,2.5978234692162068,4.098119615844757,0.4409031867980957,"Brock Burke",17968,656271
"Daniel Lynch IV","KCR",1,0,1,17,0,17.1,11.942309882514271,2.5961543222857113,0.5192308644571423,0.1891891891891892,0.58823529,0.47368421,0.055555555,94.51122479106105,2.076923457828569,2.3131008664133836,2.413990341276789,3.1230693606612685,0.43605250120162964,"Daniel Lynch IV",21537,663738
"Alex Vesia","LAD",1,1,2,17,0,13.1,11.475001915097556,4.725000788569582,0,0.23333333333333334,0.64285714,0.2,0,91.44973127216312,3.375000563263987,2.964585018187156,2.131297997832271,3.8173449957925762,0.4182097911834717,"Alex Vesia",25007,681911
"Bradgley Rodriguez","SDP",0,2,0,16,0,18.2,6.750001609325793,2.4107148604734974,0,0.26785714285714285,0.8,0.563636363,0,98.44374545784883,1.928571888378798,1.8944347157754033,2.4098694230828572,3.8399986754293054,0.41467905044555664,"Bradgley Rodriguez",29107,699134
"Brennan Bernardino","COL",2,0,0,17,0,14.2,7.3636385980723205,1.22727309967872,0,0.275,0.71428571,0.5,0,90.5577392578125,1.8409096495180801,2.8544607963420003,2.0835705774873787,2.9457538191744788,0.41157299280166626,"Brennan Bernardino",16835,657514
"Kevin Ginkel","ARI",1,2,0,18,0,17,10.588237670054193,2.1176475340108385,0.5294118835027096,0.32608695652173914,0.64516129,0.478260869,0.055555555,94.70858272429436,3.7058831845189677,2.556412343323435,2.223945021381796,2.946927580588996,0.3985438346862793,"Kevin Ginkel",19876,656464
"Brayan Bello","BOS",1,0,0,2,0,13.1,8.100000193119053,1.3500000321865089,0,0.22857142857142856,0.8,0.514285714,0,94.75520833333333,1.3500000321865089,3.106483844134533,1.7562981283664698,2.8100773513473083,0.39276552200317383,"Brayan Bello",23920,678394
"Huascar Brazobán","NYM",2,0,0,16,0,19,7.578949650899882,2.3684217659062132,0.47368435318124263,0.22,0.8974359,0.529411764,0.0625,96.70239935980902,1.4210530595437278,2.487554285320219,2.895771781361315,3.3947520836139247,0.39065492153167725,"Huascar Brazoban",6107,623211
"Shane Drohan","MIL",1,0,1,6,0,14,8.357143426428074,1.285714373296627,0,0.2682926829268293,0.61538462,0.487804878,0,95.14783135775862,1.9285715599449402,2.1134067575325894,1.6777266346678377,3.0827656608542378,0.3845106065273285,"Shane Drohan",27814,675660
"Keaton Winn","SFG",0,1,0,19,0,18.1,7.363636874364463,2.9454547497457853,0,0.19148936170212766,0.66666667,0.456521739,0,96.78565253586065,2.454545624788154,1.6684809114123655,2.451752660609471,3.8312455243919454,0.3784729242324829,"Keaton Winn",23499,676775
"Devin Williams","NYM",2,1,5,16,0,13.2,14.487806563005979,4.609756633683721,0.6585366619548172,0.4375,0.67961165,0.375,0.076923076,93.78941902281746,5.2682932956385375,3.0092078090220165,2.3745907583809602,2.759871737056951,0.37603074312210083,"Devin Williams",15816,642207
"Tyler Rogers","TOR",1,2,0,20,0,19.1,5.5862078150729175,2.7931039075364588,0,0.25806451612903225,0.77272727,0.704918032,0,,1.8620692716909724,2.4416158964363355,2.7959532819378166,3.377348797041899,0.3718314468860626,"Tyler Rogers",15541,643511
"Graham Ashcraft","CIN",1,0,1,21,0,21.2,10.384616603512878,5.400000633826697,0.41538466414051517,0.2608695652173913,0.85365854,0.553191489,0.071428571,,1.6615386565620607,3.3081247710871957,3.198605863695315,3.5064772087545744,0.3641347587108612,"Graham Ashcraft",27552,668933
"Brooks Raley","NYM",1,1,0,18,0,17,10.588237670054193,3.176471301016258,0.5294118835027096,0.23076923076923078,0.95890411,0.315789473,0.0625,,1.0588237670054192,3.2712248128475707,2.576886277050269,3.134570101462407,0.3626691699028015,"Brooks Raley",10061,548384
"Mason Fluharty","TOR",2,0,0,21,0,14,12.21429153851378,3.857144696372773,0.6428574493954622,0.3333333333333333,0.60240964,0.393939393,0.066666666,92.4697036743164,5.1428595951636975,1.5877946245633376,2.6062979221342863,3.183125622696859,0.3496023416519165,"Mason Fluharty",31553,689254
"Evan Sisk","PIT",0,0,0,13,0,16.1,11.020410308139239,2.204082061627848,0,0.3333333333333333,0.85,0.41025641,0,91.16461378528226,1.6530615462208857,1.9464613980564063,1.9430326280271701,3.2333747540897924,0.34932515025138855,"Evan Sisk",24995,681895
"José Alvarado","PHI",0,1,0,19,0,14,12.214289874448053,4.500001532691388,0,0.4634146341463415,0.68965517,0.421052631,0,97.43251546223958,5.142858894504443,3.0380682292007535,2.5348693944969294,3.638828930162794,0.3461167812347412,"Jose Alvarado",17780,621237
"Eric Orze","MIN",1,1,1,17,0,19,7.578948890073453,5.210527361925499,0,0.30357142857142855,0.67857143,0.410714285,0,92.73667783994932,4.263158750666317,3.5122248538933873,3.1589297500673776,4.78581725935943,0.34534016251564026,"Eric Orze",27626,679358
"Bryan King","HOU",0,1,3,15,0,17.2,7.641510533964126,4.075472284780867,0,0.3333333333333333,0.68965517,0.518518518,0,91.88796164772727,3.5660382491832587,3.337320229746794,3.2761095057521814,4.38953674301172,0.33713996410369873,"Bryan King",25890,687911
"Brent Headrick","NYY",3,1,0,22,0,21.2,9.553848957310883,3.32307789819509,0.8307694745487725,0.3050847457627119,0.87301587,0.310344827,0.074074074,94.19972467996988,2.076923686371931,3.702224492068109,3.2909135993415948,3.8418084282034046,0.33216598629951477,"Brent Headrick",27702,687396
"Colin Holderman","CLE",0,0,0,10,0,14.2,10.431819312336154,2.454545720549683,0.6136364301374208,0.17647058823529413,0.72916667,0.457142857,0.083333333,97.07784016927083,1.8409092904122624,3.061312519521199,2.492661730415558,2.755875429329793,0.3178638219833374,"Colin Holderman",22361,670059
"Taylor Rogers","MIN",0,1,0,17,0,16.1,7.163267536791599,3.3061234785191993,0,0.37735849056603776,0.7037037,0.196078431,0,,4.4081646380256,5.107689834546672,2.8001756162456455,5.036768895935658,0.3162773549556732,"Taylor Rogers",13449,573124
"Enyel De Los Santos","HOU",0,1,3,16,0,17.1,8.307693831314277,2.076923457828569,0.5192308644571423,0.28,0.625,0.31372549,0.04347826,94.85044524629237,4.153846915657138,2.8740280426376907,2.702451932641868,3.8168307178412597,0.3086719214916229,"Enyel De Los Santos",18403,660853
"Mason Montgomery","PIT",1,0,0,14,0,13.2,13.829271831093536,5.2682940308927755,0.6585367538615969,0.3333333333333333,0.79545455,0.451612903,0.09090909,98.7217803030303,3.2926837693079847,3.6053148262798986,2.740444408407647,2.9201099350043513,0.30538204312324524,"Mason Montgomery",29770,682254
"Tyler Phillips","MIA",0,0,2,13,0,25,9.00000068664556,4.680000357055691,0.3600000274658224,0.25757575757575757,0.91503268,0.402985074,0.04,97.03914969308036,1.0800000823974671,3.7897352114131837,3.306298175811769,4.191337173810598,0.305168479681015,"Tyler Phillips",20629,663969
"Garrett Whitlock","BOS",2,1,0,16,0,16.1,11.020409021214778,3.306122706364434,1.1020409021214779,0.275,0.74074074,0.4,0.125,,3.306122706364434,3.9268186426482328,3.351196138802196,3.135724053922061,0.3001711368560791,"Garrett Whitlock",20191,676477
"Eduard Bazardo","SEA",2,2,0,22,0,20.1,7.524592046166603,3.098361430774484,0.442623061539212,0.29310344827586204,0.81300813,0.315789473,0.04,94.89769744873047,2.21311530769606,4.220672836594145,3.2538391810660494,4.342002072700908,0.2944858968257904,"Eduard Bazardo",20997,660825
"Juan Mejia","COL",0,3,2,15,0,18.2,11.089287225081202,4.339286305466557,0.9642858456592349,0.3617021276595745,0.79365079,0.346938775,0.105263157,97.48571928047839,3.8571433826369397,3.24429289737982,3.481298211642681,3.5185699852404784,0.29345646500587463,"Juan Mejia",23237,675848
"Tyler Alexander","TEX",1,0,2,20,0,21,6.857144102758517,2.571429038534444,0.4285715064224073,0.3333333333333333,0.83916084,0.5,0.04347826,91.456259765625,2.1428575321120364,2.8405267302174377,3.2015362730912913,4.121340983077857,0.2918984591960907,"Tyler Alexander",17735,641302
"Brant Hurter","DET",4,1,0,17,0,21.2,6.230771059115794,2.4923084236463176,0.41538473727438624,0.1864406779661017,0.79545455,0.583333333,0.076923076,92.38069661458333,1.661538949097545,3.3251360276914763,3.2909135993415948,3.533937028939392,0.29176032543182373,"Brant Hurter",30133,676428
"Cole Sulser","TBR",1,0,2,17,0,20,6.750000643730225,3.6000003433227867,0.45000004291534834,0.27419354838709675,0.6097561,0.419354838,0.035714285,92.35344495271382,3.6000003433227867,3.7972364032531964,3.456298193931583,4.773352822201697,0.2866900563240051,"Cole Sulser",15256,642121
"Tanner Banks","PHI",0,3,0,17,0,17.1,11.42307901805713,4.67307778011428,0.5192308644571423,0.4642857142857143,0.66473988,0.321428571,0.047619047,92.02840401785714,6.230770373485707,3.756229887477691,2.8755288874609155,3.8277877663343425,0.2804126739501953,"Tanner Banks",16990,621383
"Tyler Wells","BAL",0,1,0,15,0,19.1,8.844829040532119,2.7931039075364588,0.9310346358454862,0.32075471698113206,0.77586207,0.226415094,0.071428571,93.46150645380435,3.2586212254592017,3.6784073161188156,3.5718154784757217,4.261871974007642,0.2771361470222473,"Tyler Wells",20000,669330
"Tanner Scott","LAD",0,1,3,19,0,17.1,8.307692917141027,1.0384616146426284,1.0384616146426284,0.16666666666666666,0.97560976,0.318181818,0.1,96.6462890625,1.5576924219639428,3.554517010819854,3.1062981605529787,3.2274969353775815,0.27605730295181274,"Tanner Scott",17586,656945
"Tommy Nance","TOR",0,2,0,19,0,20,10.800003089905669,3.6000010299685563,0.45000012874606954,0.30612244897959184,0.66371681,0.489795918,0.083333333,,4.050001158714626,3.5759875443016185,2.5562980031966713,2.74932141670654,0.27413448691368103,"Tommy Nance",19178,667297
"Jeff Hoffman","TOR",2,2,3,20,0,18.2,15.428573530547759,3.3750004598073224,1.4464287684888524,0.48936170212765956,0.64935065,0.469387755,0.214285714,96.954638671875,5.7857150739554095,3.2891891884941784,3.2134410322928937,2.177934374787377,0.27324819564819336,"Jeff Hoffman",17432,656546
"Isaac Mattson","PIT",0,0,0,19,0,17.1,6.75000123794285,4.67307778011428,0,0.32727272727272727,0.66666667,0.185185185,0,94.02991561307252,4.67307778011428,6.698575213909663,3.1639904788259945,5.190489307900557,0.2680904269218445,"Isaac Mattson",20385,676755
"Jeremiah Estrada","SDP",1,1,0,12,0,12.2,11.36842333511018,4.263158750666317,0.7105264584443862,0.23076923076923078,0.51724138,0.307692307,0.076923076,95.68762969970703,3.552632292221931,3.2179212279550087,3.0273507762813803,3.4430487094412827,0.26646167039871216,"Jeremiah Estrada",22210,669093
"Michael Petersen","MIA",1,1,1,14,0,15,9.60000122070328,3.000000381469775,0.600000076293955,0.2926829268292683,0.54216867,0.357142857,0.045454545,97.22899661847015,4.80000061035164,3.873616775292234,2.8396314599778876,4.0336887098411625,0.26634788513183594,"Michael Petersen",20827,656848
"David Peterson","NYM",1,0,0,4,0,16,6.750000402331376,0.5625000335276147,0.5625000335276147,0.26,0.68493151,0.42,0.052631578,92.65244654605263,1.687500100582844,3.774999872343633,2.7937981419265263,3.649781922887043,0.25801751017570496,"David Peterson",20302,656849
"Jimmy Herget","COL",0,0,1,12,0,13,9.69230911435481,2.0769233816474593,1.3846155877649728,0.38461538461538464,0.69767442,0.219512195,0.083333333,92.56189495584239,5.538462351059891,3.8202313893336446,3.644759778017135,4.238677890649903,0.25571444630622864,"Jimmy Herget",17556,623474
"Anthony Bender","MIA",1,0,1,17,0,14.2,10.43182134726912,4.90909239871488,0,0.2894736842105263,0.66666667,0.447368421,0,96.87584577287946,4.29545584887552,2.8126211710627858,2.8335708050688186,4.174744736582086,0.24564756453037262,"Anthony Bender",19742,669622
"Chase Dollander","COL",2,2,0,7,0,30.1,10.384615819935885,2.967033091410253,1.186813236564101,0.28205128205128205,0.74850299,0.5125,0.133333333,99.27570734797297,4.153846327974354,3.1712022163946907,3.798605881882038,3.4739190962142605,0.24529865384101868,"Chase Dollander",33482,801403
"Ian Seymour","TBR",2,0,1,18,0,19.1,10.706899368522741,3.7241389107905185,0.9310347276976296,0.34,0.63492063,0.326530612,0.086956521,91.85254603794642,5.586208366185778,4.412792949786073,3.468367221324279,3.79505155214551,0.23756182193756104,"Ian Seymour",27932,693855
"Brad Keller","PHI",1,1,3,18,0,17.2,10.698114747549777,3.0566042135856506,1.0188680711952167,0.3181818181818182,0.69306931,0.478260869,0.133333333,,4.075472284780867,3.144739267568901,3.3893170692183165,3.110576498365208,0.23209558427333832,"Brad Keller",15734,641745
"Enmanuel De Jesus","DET",2,0,0,11,0,15.1,9.391305710733247,4.695652855366624,0,0.4117647058823529,0.48275862,0.38,0,94.1836759868421,7.043479283049935,4.3038800920305915,2.584558954401132,4.233952720848517,0.2295316904783249,"Enmanuel De Jesus",18554,646241
"Jake Bird","NYY",1,1,0,16,0,13.1,9.450002253056109,2.7000006437303172,0.6750001609325793,0.34210526315789475,0.68181818,0.487179487,0.083333333,,4.7250011265280545,3.3647417168362415,3.1062981605529787,3.395833267011668,0.22578389942646027,"Jake Bird",21267,656234
"Andrew Morris","MIN",1,1,0,8,0,16.1,8.265307731104429,2.7551025770348097,0.551020515406962,0.36538461538461536,0.6779661,0.307692307,0.041666666,96.0875244140625,4.9591846386626575,3.3153105645845704,2.9838491571292094,4.252478036574904,0.22318239510059357,"Andrew Morris",31891,702193
"Jonathan Loáisiga","ARI",0,1,1,18,0,16.1,6.612246184883543,1.6530615462208857,0.551020515406962,0.2857142857142857,0.73863636,0.489795918,0.0625,97.19317237367021,3.3061230924417715,4.0778291877233235,3.1675226622648633,3.74796907447716,0.22004756331443787,"Jonathan Loaisiga",19753,642528
"Lucas Erceg","KCR",3,1,10,17,0,16.1,7.714286314850345,6.612245412728868,0,0.2682926829268293,0.69565217,0.5,0,97.5595509746287,3.306122706364434,3.7129524651414685,3.5960941170514134,4.628367697356246,0.21973465383052826,"Lucas Erceg",19360,668674
"Braydon Fisher","TOR",2,1,0,20,0,21.2,8.307694745487725,3.7384626354694763,0.41538473727438624,0.2692307692307692,0.6097561,0.452830188,0.055555555,94.85453869047619,3.32307789819509,3.856863381585192,3.383221318735903,3.950484596664777,0.21789231896400452,"Braydon Fisher",24609,680755
"Taylor Clarke","ARI",1,1,0,19,0,19.1,4.189655861304688,0.9310346358454862,0.4655173179227431,0.1896551724137931,0.68493151,0.568965517,0.058823529,94.74525669642857,2.3275865896137153,2.885339987571472,3.4683671856040013,4.031418751533992,0.21050260961055756,"Taylor Clarke",17611,664199
"Yennier Cano","BAL",1,1,0,20,0,16,6.18750147521531,1.1250002682209654,0.5625001341104827,0.14285714285714285,0.92105263,0.627906976,0.09090909,94.74006791548295,1.1250002682209654,3.2896288505489353,2.9187981158494845,3.072262417140277,0.20805707573890686,"Yennier Cano",25911,666974
"Joe Mantiply","TOR",1,0,0,15,0,16,9.000002145767724,1.6875004023314482,0.5625001341104827,0.3023255813953488,0.84337349,0.487804878,0.076923076,,2.250000536441931,4.041375520489605,2.6687980562448255,2.997892265718515,0.2076737880706787,"Joe Mantiply",14857,573009
"Andrés Muñoz","SEA",3,3,8,18,0,17,15.352942899024391,3.7058827687300253,1.588235472312868,0.37142857142857144,0.63829787,0.378378378,0.23076923,98.57122012867647,5.294118241042893,4.67630332382356,3.223945232576154,2.0042689837430028,0.20369014143943787,"Andres Munoz",20373,662253
"Tim Hill","NYY",0,0,0,20,0,18,3.5000011126203896,1.0000003178915398,0.5000001589457699,0.2,0.95238095,0.745454545,0.125,89.58418273925781,1.0000003178915398,3.2274509965500395,3.384076026633962,3.286315520212606,0.19928622245788574,"Tim Hill",16814,657612
"Casey Legumina","- - -",1,1,0,13,0,17,6.352942245641974,2.6470592690174892,0,0.39655172413793105,0.74193548,0.350877192,0,93.54915364583333,4.235294830427983,4.688516628110657,3.1062981605529782,4.924584141295542,0.1980047971010208,"Casey Legumina",25921,668984
"Jakob Junis","TEX",0,0,3,15,0,16.1,3.8571431574251727,2.7551022553036946,0,0.16326530612244897,0.8,0.448979591,0,92.15456973805146,1.653061353182217,4.23258491371562,3.5348696224891087,5.083279992946359,0.19398994743824005,"Jakob Junis",13619,596001
"Ryne Stanek","STL",1,0,1,20,0,18,12.00000254313205,7.000001483493696,0.5000001059638354,0.3617021276595745,0.62091503,0.340425531,0.052631578,98.4121855945122,6.000001271566025,3.9765991882161504,3.495187131858184,4.25606171972178,0.19082336127758026,"Ryne Stanek",15947,592773
"José Suarez","- - -",0,0,1,8,0,14.2,11.045455024262125,6.750000292604632,0,0.4523809523809524,0.70967742,0.45,0,93.42296963050717,5.522727512131063,4.382190036662801,3.1062981605529787,4.351673630187478,0.18892810307443142,"Jose Suarez",19911,660761
"Jaden Hill","COL",0,1,0,18,0,15,9.600003662110772,5.400002059937309,0.6000002288819233,0.3181818181818182,0.79646018,0.431818181,0.058823529,97.10329182942708,3.6000013732915397,3.5967642995898985,3.6396316973369105,4.365342762046185,0.17851807177066803,"Jaden Hill",30250,677955
"Steven Okert","HOU",0,0,0,20,0,18.1,6.381819952342627,2.9454553626196742,0.981818454206558,0.2,0.72368421,0.3,0.071428571,90.94754136029412,3.436364589722953,3.7029466286186214,4.088116614759537,4.815812637736262,0.17827743291854858,"Steven Okert",13580,595345
"Brent Suter","LAA",1,1,0,14,0,20.1,8.85246040038756,3.5409841601550243,0.8852460400387561,0.29411764705882354,0.67567568,0.509803921,0.133333333,,3.983607180174402,3.262654835738693,3.5981015161300656,3.355917082716234,0.17413774132728577,"Brent Suter",13942,608718
"Jake Woodford","MIL",1,0,1,11,0,16.1,7.714286314850345,1.653061353182217,0.5510204510607389,0.36363636363636365,0.7079646,0.392857142,0.058823529,92.98875427246094,4.4081636084859115,5.3327969323469695,2.738951193179153,3.4054203359677104,0.17326654493808746,"Jake Woodford",18674,663765
"Sam Bachman","LAA",0,0,0,15,0,20.1,9.737707353862664,4.42623061539212,0.885246123078424,0.1956521739130435,0.76923077,0.541666666,0.111111111,,3.098361430774484,2.537179393861123,3.6964622426052616,3.661578664136528,0.17176736891269684,"Sam Bachman",29754,696147
"Ron Marinaccio","SDP",1,0,0,15,0,22.2,7.544118493486123,2.382353208469302,0.794117736156434,0.3076923076923077,0.67460317,0.462686567,0.083333333,93.6906970796131,4.367647548860387,3.630003840054312,3.3710040726051234,3.711633566620536,0.17005088925361633,"Ron Marinaccio",23488,676760
"Kyle Hart","SDP",0,1,0,12,0,16.2,5.400000823974735,3.2400004943848413,0,0.24,0.5,0.574468085,0,93.28440856933594,5.400000823974735,3.6108121243532674,3.346298197174078,4.526531078862922,0.16746333241462708,"Kyle Hart",19646,606996
"Cal Quantrill","TEX",2,0,0,6,0,14.1,7.534883888042447,3.7674419440212237,0.627906990670204,0.2926829268292683,0.56818182,0.309523809,0.05,93.91103707107843,3.7674419440212237,4.639627676916357,3.594670264407582,4.64821298146059,0.16509859263896942,"Cal Quantrill",19312,615698
"Lake Bachar","MIA",0,0,0,12,0,20,10.350000987053011,3.1500003004074384,0.9000000858306967,0.17777777777777778,0.85526316,0.4,0.09090909,94.91956350344037,2.2500002145767417,2.1245194741303175,3.306298179626467,3.5518410265665405,0.16305038332939148,"Lake Bachar",19222,669199
"Joel Kuhnel","ATH",0,1,4,15,0,15.1,3.521740079602387,2.347826719734925,0.5869566799337312,0.22448979591836735,0.75342466,0.52,0.083333333,95.14604840959821,2.9347833996686563,3.94887256154407,3.9541244760128125,4.205894141632531,0.16122020781040192,"Joel Kuhnel",19995,669270
"Tyler Samaniego","BOS",0,0,0,13,0,15,7.200002288819087,4.200001335144467,0,0.20512820512820512,1,0.472222222,0,93.8087232940051,0,3.7410034625703905,3.1062981605529787,4.32399895406192,0.16074539721012115,"Tyler Samaniego",30081,701719
"Drew Anderson","DET",1,1,1,14,0,23,11.739132381792878,4.695652952717151,1.1739132381792878,0.3448275862068966,0.66037736,0.466666666,0.15,95.4570068359375,5.47826177817001,4.026076615044553,3.888906986005837,3.4150277165192406,0.15887777507305145,"Drew Anderson",15130,623454
"Mark Leiter Jr.","ATH",0,1,3,19,0,16.2,9.720002595520713,3.2400008651735708,1.0800002883911903,0.41509433962264153,0.56737589,0.327272727,0.111111111,92.65232297207447,8.100002162933928,5.266187435587777,3.7662983367920395,3.723740370341605,0.1514284312725067,"Mark Leiter Jr.",15551,643410
"Jesse Scholtens","TBR",3,0,0,4,0,17,5.823529411764706,3.176470588235294,0.5294117647058824,0.22448979591836735,0.90909091,0.42,0.055555555,93.11761067708333,1.588235294117647,3.9746879376032473,3.8121805134941553,4.535162910468438,0.1470998376607895,"Jesse Scholtens",19205,669947
"Ryan Yarbrough","NYY",0,0,0,9,0,15.2,8.042554007444382,2.8723407169444224,0.5744681433888844,0.23255813953488372,0.72289157,0.372093023,0.05,87.93470703125,3.4468088603333067,2.21706540906336,3.489276922812235,4.453156506316038,0.14454010128974915,"Ryan Yarbrough",16502,642232
"Brad Lord","WSN",2,0,0,13,0,28,6.750000919614645,1.9285716913184698,0.9642858456592349,0.26436781609195403,0.77181208,0.602272727,0.136363636,94.89938151041666,3.2142861521974497,3.594270171413722,3.856298262732384,3.567400240175497,0.13886654376983643,"Brad Lord",31972,695418
"Abner Uribe","MIL",2,2,4,18,0,16.1,9.367348761918352,3.3061230924417715,1.102041030813924,0.2558139534883721,0.61728395,0.4,0.117647058,,4.9591846386626575,3.655520832776078,3.718543177671825,3.589093876033796,0.1378604918718338,"Abner Uribe",25327,682842
"Justin Sterner","ATH",1,3,0,20,0,20.1,10.180330415401876,3.098361430774484,1.3278691846176358,0.3333333333333333,0.68548387,0.472727272,0.157894736,93.53603584884752,4.42623061539212,2.7605713059411703,3.7948229229473083,3.189695214809596,0.1341874897480011,"Justin Sterner",27694,686993
"Spencer Miles","TOR",1,0,0,11,0,18,8.000000847710593,2.5000002649095605,1.0000001059638242,0.2692307692307692,0.65934066,0.490566037,0.125,96.21156141493056,3.5000003708733844,3.5525548190168332,3.606298213534891,3.410777242128487,0.13324648141860962,"Spencer Miles",31621,693686
"Calvin Faucher","MIA",4,2,1,17,0,16,9.000001072883734,7.312500871718034,0,0.24390243902439024,0.56521739,0.525,0,96.66329956054688,3.3750004023314,4.17642733818367,3.543798212707049,4.597577536184117,0.1313278079032898,"Calvin Faucher",20116,676534
"Hunter Bigge","TBR",1,0,0,13,0,15.2,6.893618140300692,4.595745426867128,0.574468178358391,0.1,0.77586207,0.365853658,0.04347826,96.90873943391394,2.297872713433564,2.7388195909966773,3.936085529292877,5.169015223108434,0.12924140691757202,"Hunter Bigge",26259,685801
"Zack Kelly","BOS",0,2,0,15,0,15,7.800001487732217,4.200000801086579,0.6000001144409398,0.24390243902439024,0.6626506,0.43902439,0.083333333,96.78531087239584,3.6000006866456387,5.417328430819454,3.6396315956115917,3.8969961224138823,0.12524931132793427,"Zack Kelly",20349,677161
"Yohan Ramírez","PIT",2,1,1,17,0,24,9.750001549721011,5.250000834465159,0.37500005960465427,0.2786885245901639,0.64606742,0.491803278,0.055555555,96.55259627525253,4.1250006556511964,3.3223385333694453,3.8562982797622873,4.3684108923505125,0.12489374727010727,"Yohan Ramirez",19444,670990
"Luis Medina","ATH",1,1,0,11,0,15.2,8.617022150833266,4.021277003722191,0.5744681433888844,0.20512820512820512,0.83333333,0.358974358,0.052631578,97.43673670977012,1.7234044301666533,4.3189896374679435,3.553106716522111,4.427302954939304,0.12065678089857101,"Luis Medina",21649,665622
"Tobias Myers","NYM",0,1,1,12,0,22.2,7.147059625407906,1.191176604234651,1.588235472312868,0.24615384615384617,0.68965517,0.367647058,0.142857142,92.69840271832192,3.573529812703953,2.6356047423119597,4.209239460770248,3.6507580769332626,0.11088235676288605,"Tobias Myers",22191,668964
"Paxton Schultz","WSN",0,0,1,11,0,15.2,9.19149029422215,1.7234044301666533,1.1489362867777688,0.26666666666666666,0.85526316,0.326086956,0.083333333,94.04435221354167,2.2978725735555376,4.328717630229435,3.489276922812235,3.982102568434087,0.10945237427949905,"Paxton Schultz",25501,687606
"Pierce Johnson","CIN",1,1,1,19,0,17,7.94117914351715,3.17647165740686,1.0588238858022867,0.2857142857142857,0.78125,0.28,0.08,94.96226203304597,3.7058836003080033,6.7695908885940534,3.9298278495103127,4.466649986781707,0.10507513582706451,"Pierce Johnson",13435,572955
"Luke Weaver","NYM",2,1,0,17,0,17.1,8.82692469577142,3.6346160511999956,1.0384617289142846,0.2553191489361702,0.71428571,0.458333333,0.105263157,95.09531901041667,4.153846915657138,3.8565776102194094,3.856298298102184,3.8964371331004406,0.09495767205953598,"Luke Weaver",16918,596133
"Edgardo Henriquez","LAD",1,0,0,14,0,15,7.800000495910676,4.200000267028826,0.6000000381469751,0.275,0.6122449,0.5,0.071428571,100.3609592013889,4.200000267028826,3.4304263702623974,4.039631553226051,4.484334583276839,0.08909571915864944,"Edgardo Henriquez",26944,683618
"Kai-Wei Teng","HOU",1,1,0,13,0,20,9.000001716614097,3.1500006008149337,1.3500002574921146,0.15217391304347827,1,0.4375,0.157894736,94.90155418882979,1.8000003433228193,2.6871172421936538,4.106298351287879,3.491085217897212,0.0857972800731659,"Kai-Wei Teng",24282,678906
"Camilo Doval","NYY",1,0,0,18,0,15.2,9.76595962657433,1.7234046399837055,1.7234046399837055,0.2727272727272727,0.57971014,0.553191489,0.214285714,98.1768918504902,5.744682133279018,2.8478832596253807,3.9999153812852706,2.7661201076034065,0.08207543194293976,"Camilo Doval",21992,666808
"Jalen Beeks","TEX",2,1,0,20,0,18.1,8.345456860755743,3.927273816826232,0.981818454206558,0.26,0.84158416,0.490196078,0.105263157,93.66637944240196,2.9454553626196742,3.6742650374673875,3.9790256754032525,4.016975122970129,0.0808781236410141,"Jalen Beeks",17192,656222
"Fernando Cruz","NYY",3,1,0,20,0,16.2,12.96000642700514,5.940002945710689,1.0800005355837616,0.3142857142857143,0.86206897,0.333333333,0.1,93.37903362771739,2.7000013389594044,3.7728006324487473,4.126298666382087,4.252345445460881,0.07523127645254135,"Fernando Cruz",7048,518585
"Nick Mears","KCR",2,2,0,17,0,14.2,6.750001170418682,4.2954552902664345,0.613636470038062,0.24390243902439024,0.78313253,0.463414634,0.071428571,95.07215134640957,3.0681823501903103,5.70821466326014,3.924480120603728,4.379290087647014,0.07398755103349686,"Nick Mears",25376,683232
"Grant Anderson","MIL",1,1,0,18,0,17,7.94117914351715,3.17647165740686,1.0588238858022867,0.24390243902439024,0.72368421,0.511627906,0.125,93.30303565492021,3.17647165740686,3.460798856335878,3.9298278495103127,3.722805596746816,0.06935160607099533,"Grant Anderson",20546,681982
"DL Hall","MIL",0,0,0,16,0,17,10.058825786551484,6.352942602032516,0.5294118835027096,0.23076923076923078,0.87962963,0.55,0.076923076,94.6969793911638,2.1176475340108385,3.3968778557322445,3.9298277571127493,4.239563479332294,0.06280746310949326,"DL Hall",22207,669084
"Paul Blackburn","NYY",1,1,0,11,0,16.2,5.940000906372209,3.7800005767823146,0.5400000823974735,0.3090909090909091,0.6779661,0.5,0.052631578,94.08546956380208,4.320000659179788,3.702216573196721,3.8262982704162765,4.648042776546849,0.051052264869213104,"Paul Blackburn",14739,621112
"Sean Manaea","NYM",0,0,0,9,0,23.1,10.028572794856043,4.242857720900634,1.157143014791082,0.37681159420289856,0.67010309,0.323943661,0.103448275,90.26035563151042,6.557143750482798,5.292755729982504,4.349155472735992,4.4239895822368585,0.036139555275440216,"Sean Manaea",15873,640455
"JT Brubaker","SFG",0,0,0,14,0,18.2,7.232143842444263,5.303572151125792,0.48214292282961746,0.3392857142857143,0.74324324,0.368421052,0.047619047,93.57301958869485,3.8571433826369397,5.4061136457549175,3.9634411344722986,4.84768148029709,0.03371400013566017,"JT Brubaker",17578,664141
"Jordan Hicks","CHW",0,1,1,17,0,15.2,6.893618559934822,7.4680867732627245,0,0.3541666666666667,0.80645161,0.553191489,0,98.32823689778645,3.446809279967411,3.4942195537444594,4.255234587208783,5.51080157128116,0.029488814994692802,"Jordan Hicks",19618,663855
"Peyton Pallette","CLE",1,2,0,13,0,17.2,9.679245631352753,6.11320776717016,0.5094339805975133,0.2826086956521739,0.67669173,0.340425531,0.058823529,95.58441260026738,4.58490582537762,5.09085990956505,4.068562346126059,4.684731905173446,0.02163681760430336,"Peyton Pallette",31865,688883
"Chase Shugart","PHI",2,0,0,12,0,13.2,9.219513910714854,1.9756101237246115,1.3170734158164077,0.2727272727272727,0.98591549,0.457142857,0.133333333,96.09059244791666,1.9756101237246115,3.787942360254168,4.277030085723119,3.9167068935855394,0.019392138347029686,"Chase Shugart",21544,663767
"Orion Kerkering","PHI",1,0,0,17,0,15.1,6.456522676129108,3.5217396415249675,1.173913213841656,0.2222222222222222,0.92592593,0.369565217,0.076923076,97.25279868521342,2.347826427683312,2.0635322814683037,4.7367331797775005,5.423538422430221,0.008641387335956097,"Orion Kerkering",31776,689147
"Paul Sewald","ARI",0,4,9,18,0,15.1,11.15217622511827,2.9347832171363866,1.760869930281832,0.18181818181818182,0.55555556,0.114285714,0.115384615,91.55678816321942,4.695653147418218,3.9053638241553514,4.345428852232787,4.18440787487387,0.004329969175159931,"Paul Sewald",13892,623149
"John King","MIA",1,0,1,20,0,17.2,8.150946329565347,3.056604873587005,1.0188682911956684,0.05263157894736842,1,0.45,0.125,90.95889282226562,1.0188682911956684,2.76698050882218,4.1251664517486475,3.925956354827951,-0.004575352184474468,"John King",22051,667463
"Jason Adam","SDP",2,0,1,14,0,13,3.4615387154754282,2.076923229285257,0.6923077430950857,0.17073170731707318,0.94339623,0.487804878,0.055555555,93.2012109375,1.3846154861901714,2.3144235584149953,4.260144399044789,5.205582987521966,-0.005694892723113298,"Jason Adam",11861,592094
"Brandon Pfaadt","ARI",0,0,0,5,0,15.2,9.191489734710114,4.595744867355057,1.1489362168387642,0.275,0.71428571,0.476190476,0.142857142,93.71864385190217,4.595744867355057,4.527215916093732,4.2552343773917425,3.8512265967405988,-0.006321051623672247,"Brandon Pfaadt",27782,694297
"Cole Winn","TEX",2,1,1,19,0,17,10.058825786551484,3.7058831845189677,1.588235650508129,0.3125,0.76923077,0.294117647,0.130434782,95.18661121839888,4.764706951524387,4.463257187723236,4.4004160980040465,4.007233386302185,-0.007916636765003204,"Cole Winn",22113,668390
"Tim Mayza","PHI",1,1,0,18,0,20,8.550000815391618,2.70000025749209,1.350000128746045,0.18,0.67567568,0.58490566,0.1875,94.9373779296875,3.6000003433227867,2.7345341817330198,4.206298265457163,3.380329331067197,-0.012602433562278748,"Tim Mayza",15042,641835
"Zach Agnos","COL",0,0,2,12,0,24.2,6.932433147165778,3.6486490248240933,1.094594707447228,0.3076923076923077,0.59171598,0.405063291,0.096774193,94.64382742117117,5.837838439718549,4.728192020764327,4.484676681042081,4.669387788386339,-0.024832846596837044,"Zach Agnos",31552,688642
"Scott Barlow","ATH",0,0,0,19,0,19.1,8.379312549278668,4.189656274639334,0.9310347276976296,0.13333333333333333,0.71428571,0.425531914,0.1,89.46500870988176,3.2586215469417037,3.4289524708555716,4.606298555176938,4.714959546324831,-0.03157692402601242,"Scott Barlow",14993,605130
"Chase Silseth","LAA",0,0,0,18,0,14.1,8.790700208954538,7.534885893389604,0.6279071577824671,0.28205128205128205,0.88495575,0.435897435,0.066666666,96.18137810819893,2.5116286311298683,3.892435472167098,4.571414862045402,5.134827858707485,-0.032366059720516205,"Chase Silseth",30074,681217
"Matt Gage","SFG",3,1,0,21,0,18,6.000002543132588,5.000002119277157,0.5000002119277157,0.16666666666666666,0.90909091,0.458333333,0.05,92.52706776494566,1.0000004238554314,3.446740902358892,4.16185416351149,5.000786664070449,-0.03240400180220604,"Matt Gage",17381,657424
"Hogan Harris","ATH",2,0,2,23,0,21,9.85714643828853,7.285716932648044,0.8571431685468287,0.2857142857142857,0.87349398,0.508771929,0.095238095,95.32250548245614,2.571429505640486,3.685242307151618,4.7253463678081005,4.8922901208399905,-0.04032554849982262,"Hogan Harris",21520,663687
"Tanner Gordon","COL",0,0,0,5,0,17,10.588235294117647,2.1176470588235294,2.6470588235294117,0.3333333333333333,0.70588235,0.29787234,0.208333333,93.77898363797169,6.352941176470588,3.8728598134777394,5.282768748788273,3.442823709459866,-0.059653714299201965,"Tanner Gordon",27669,685299
"Jovani Morán","BOS",0,0,0,11,0,20.2,7.40322671745383,5.225807094673291,0.8709678491122153,0.1568627450980392,0.89108911,0.365384615,0.071428571,92.303515625,2.1774196227805382,3.2836641694126723,4.606298345135127,5.251835040054707,-0.06401462107896805,"Jovani Moran",20422,663558
"Matt Festa","CLE",1,0,1,19,0,20,9.00000257492139,2.2500006437303477,1.8000005149842782,0.26785714285714285,0.68627451,0.266666666,0.114285714,91.7609230324074,4.950001416206765,3.4463462709505714,4.756298632621901,4.615116720561927,-0.06779732555150986,"Matt Festa",19330,670036
"Mitchell Parker","WSN",2,1,0,9,0,20,7.65,2.7,1.35,0.23636363636363636,0.63829787,0.396226415,0.136363636,93.48369140625,4.95,3.7689347641875193,4.4062981605529785,4.001840984076262,-0.07005051523447037,"Mitchell Parker",27636,680730
"Jacob Webb","CHC",0,1,1,18,0,17.1,9.865386424685703,4.153846915657138,1.5576925933714267,0.3191489361702128,0.73394495,0.5,0.214285714,93.71605984669812,3.6346160511999956,5.351976938352146,4.548606117378374,3.433445049012512,-0.07291657477617264,"Jacob Webb",19274,657097
"Richard Lovelady","- - -",2,1,1,15,0,16,7.875001877546758,6.750001609325793,0.5625001341104827,0.32608695652173914,0.83333333,0.511111111,0.083333333,91.86762741376769,2.250000536441931,4.272914347359588,4.606298518180933,4.847577773563174,-0.07332538021728396,"Richard Lovelady",19337,663992
"Tyler Kinley","ATL",3,2,0,20,0,18,9.50000100665633,4.500000476837209,1.5000001589457364,0.2608695652173913,0.81730769,0.354166666,0.15,94.74432995854592,3.5000003708733844,3.462192048046462,4.8285205652684535,4.223008201634624,-0.07768450677394867,"Tyler Kinley",18297,641755
"Mitch Farris","LAA",0,0,0,6,0,15,6.600000419616726,2.4000001525879004,1.8000001144409252,0.375,0.91346154,0.431372549,0.2,91.73796181366822,3.6000002288818505,5.085723804002349,5.039631616804343,3.844670471306471,-0.07827349007129669,"Mitch Farris",33628,815083
"Alex Lange","KCR",0,2,0,17,0,19.2,9.610170734233629,5.949153311668436,0.9152543556412979,0.2765957446808511,0.625,0.408163265,0.1,95.75062144886364,5.491526133847787,5.312944942998884,4.580874622419515,4.687693887563735,-0.08115964382886887,"Alex Lange",19883,656638
"Kyle Finnegan","DET",1,0,1,20,0,20.2,6.0967749437855066,6.532258868341614,0.4354839245561076,0.25925925925925924,0.94405594,0.5,0.047619047,96.68690557065217,1.3064517736683228,3.8152248122266954,4.5579112424066714,5.356579931331322,-0.08272174745798111,"Kyle Finnegan",15009,640448
"George Soriano","STL",1,0,1,19,0,18,7.500001589457531,5.000001059638354,1.0000002119276707,0.20408163265306123,0.74257426,0.509803921,0.095238095,96.94260532041139,3.500000741746848,4.845632631569086,4.717409613103115,4.91217729549032,-0.08466210961341858,"George Soriano",21863,666277
"Sam Moll","CIN",1,2,0,19,0,16.2,8.100003089905965,5.400002059937309,1.0800004119874618,0.22727272727272727,0.72072072,0.555555555,0.166666666,92.08038330078125,3.2400012359623855,4.085211768284457,5.20629896163971,4.657926782394838,-0.09023834019899368,"Sam Moll",14874,594580
"Victor Vodnik","COL",1,2,4,15,0,16.1,7.714286314850345,5.510204510607389,1.1020409021214779,0.38461538461538464,0.66225166,0.471698113,0.105263157,98.98507351345486,6.612245412728868,4.07149258190434,5.004257491984413,5.046853802180486,-0.09057064354419708,"Victor Vodnik",24614,680767
"Tyler Holton","DET",0,1,0,16,0,17,6.882354485535226,4.235295068021677,1.0588237670054192,0.32,0.78512397,0.48076923,0.166666666,91.71573638916016,4.235295068021677,4.557657430046499,4.694533811061108,4.156914111934763,-0.09058094024658203,"Tyler Holton",26231,663947
"Andrew Nardi","MIA",3,2,0,18,0,15.2,9.765959032092647,6.319149961942301,1.148936356716782,0.3170731707317073,0.68965517,0.404761904,0.1,94.715576171875,5.744681783583911,6.110470623490987,4.702043100437399,4.836135373875389,-0.09193641692399979,"Andrew Nardi",25942,677053
"Anthony Nunez","BAL",1,0,2,19,0,20,9.900000944137663,3.1500003004074384,1.8000001716613934,0.25,0.59782609,0.418181818,0.210526315,96.49131216653963,4.050000386238135,4.15399814755146,4.556298298835768,3.2910851621275667,-0.09251563996076584,"Anthony Nunez",25796,689296
"Cooper Criswell","SEA",1,1,1,15,0,18,8.000000847710593,2.0000002119276483,1.5000001589457364,0.21428571428571427,0.9375,0.555555555,0.1875,91.02526245117187,2.0000002119276483,3.548370586762434,4.328520512286541,3.410777242128487,-0.09287097305059433,"Cooper Criswell",24975,681867
"Connor Phillips","CIN",1,0,1,20,0,21.2,9.553848116271292,9.138463415563844,0.4153847007074475,0.2727272727272727,0.70707071,0.285714285,0.037037037,98.29370959051724,5.400001109196817,5.426574771873642,5.0447600971877335,6.19565500079754,-0.10003861039876938,"Connor Phillips",27649,683175
"Ryan Borucki","SFG",1,1,0,15,0,14,6.428573180218609,3.8571439081311656,1.285714636043722,0.3409090909090909,0.74257426,0.478260869,0.125,,5.142858544174888,3.943563927396174,4.820584341944608,4.569200193991534,-0.10281042754650116,"Ryan Borucki",16350,621366
"Caleb Kilian","SFG",1,1,2,18,0,19.1,8.844829040532119,5.5862078150729175,0.9310346358454862,0.15555555555555556,0.9375,0.478260869,0.095238095,96.9350776176948,1.3965519537682294,3.3393484265013287,4.502850114321208,4.684185534137056,-0.10879158973693848,"Caleb Kilian",26213,668873
"Cole Wilcox","SEA",0,0,0,11,0,13.1,10.125001689791961,8.10000135183357,0.6750001126527975,0.4,0.77702703,0.43902439,0.125,96.73032078598484,5.40000090122238,7.248668988961551,4.981298473477416,4.849321809736861,-0.11654820293188095,"Cole Wilcox",27481,677961
"Jose Franco","CIN",0,0,0,8,0,14.2,7.363636682841418,6.750000292604632,1.2272727804735695,0.30952380952380953,0.77586207,0.363636363,0.111111111,95.14239130434783,4.295454731657493,5.010239801153059,5.492661900362697,5.444300585668301,-0.11660739034414291,"Jose Franco",27014,683742
"Wandy Peralta","SDP",0,0,0,18,0,20.1,7.081968984627392,3.540984492313696,1.3278691846176358,0.3103448275862069,0.93023256,0.475409836,0.157894736,95.63914331896552,2.6557383692352716,3.9601870740772296,4.778429726367779,4.173302018230067,-0.12778156995773315,"Wandy Peralta",14295,593974
"Matt Strahm","KCR",1,1,0,16,0,15.2,9.191489734710114,3.4468086505162927,1.7234043252581464,0.24390243902439024,0.82278481,0.34090909,0.125,91.42425661670919,4.0212767589356755,2.693578331792013,4.893532275635501,4.556570623540775,-0.13295800983905792,"Matt Strahm",13799,621381
"Anthony Banda","MIN",1,0,0,20,0,17.2,8.150946329565347,3.566039019184839,1.0188682911956684,0.3018867924528302,0.53191489,0.490566037,0.105263157,94.57503551136364,7.641512183967513,4.018144919137639,4.974223361078371,5.013604866517204,-0.13329124450683594,"Anthony Banda",14706,607455
"Dennis Santana","PIT",2,2,2,18,0,17.1,5.192308073213143,4.673077265891828,1.0384616146426284,0.23076923076923078,0.75471698,0.314814814,0.08,94.15577781593407,3.6346156512491996,5.2947968285263025,5.183221389838236,5.709719885878828,-0.13467909395694733,"Dennis Santana",17878,642701
"JoJo Romero","STL",0,1,0,20,0,20.1,7.967215107705815,3.098361430774484,1.3278691846176358,0.23076923076923078,0.85106383,0.444444444,0.15,94.38138427734376,3.098361430774484,4.595819759529817,4.434167345170614,3.8981399295872285,-0.13661278784275055,"JoJo Romero",19574,668941
"Ryan Thompson","ARI",2,0,0,20,0,14.2,6.136365099387084,3.6818190596322506,1.2272730198774169,0.21951219512195122,0.78947368,0.53488372,0.142857142,91.3339092548077,3.068182549693542,3.4551109000003795,4.947207690369104,4.515653839296373,-0.14651010930538177,"Ryan Thompson",16647,657044
"Shaun Anderson","LAA",1,0,0,9,0,16.2,6.480000247192392,4.320000164794928,1.620000061798098,0.2857142857142857,0.59633028,0.470588235,0.176470588,93.2711038961039,5.9400002265930265,5.6659631547467555,5.626298256683354,4.719437931174603,-0.15278378129005432,"Shaun Anderson",19453,641312
"Albert Suárez","BAL",1,0,1,6,0,15.2,5.170212975774439,5.170212975774439,1.7234043252581464,0.17777777777777778,0.63291139,0.195652173,0.115384615,93.46109903665413,3.4468086505162927,4.738851769277899,6.170128072123017,6.012533099282953,-0.1704871654510498,"Albert Suarez",6175,544150
"Greg Weissert","BOS",0,1,0,18,0,15.1,10.565220238807163,3.521740079602387,2.347826719734925,0.3488372093023256,0.77319588,0.434782608,0.266666666,94.05181283010563,5.282610119403581,4.065714616481362,5.323690062524852,3.3068797770349567,-0.1751614212989807,"Greg Weissert",20375,669711
"Hoby Milner","CHC",0,0,1,19,0,18.1,2.9454553626196742,2.9454553626196742,0.981818454206558,0.1896551724137931,0.87912088,0.457627118,0.09090909,87.51553780691964,2.454546135516395,5.279138776461134,5.17902600832238,5.446890981025872,-0.17702561616897583,"Hoby Milner",13346,571948
"Justin Lawrence","PIT",0,2,0,18,0,16.1,9.367348761918352,3.8571436078487333,1.6530615462208857,0.32653061224489793,0.48387097,0.461538461,0.1875,95.88744656544812,6.061225669476581,6.104683293673195,5.249155720468941,4.237765088172237,-0.18418197333812714,"Justin Lawrence",17639,664875
"David Morgan","SDP",2,0,0,11,0,13.1,10.125002413988689,7.425001770258372,1.3500003218651586,0.39473684210526316,0.73529412,0.552631578,0.181818181,97.5548095703125,6.0750014483932135,3.4940139901875065,5.731298786401898,4.940455715492679,-0.18947593867778778,"David Morgan",31616,688158
"Angel Zerpa","MIL",0,2,2,12,0,12.2,5.68421166755509,4.263158750666317,1.4210529168887724,0.358974358974359,0.57291667,0.575,0.222222222,95.58109907670455,6.394738125999476,7.142115273676772,5.316824920157735,4.262510264343572,-0.19003836810588837,"Angel Zerpa",22717,672582
"Emilio Pagán","CIN",2,1,6,15,0,14,7.071429053131448,3.8571431198898805,1.9285715599449402,0.2682926829268293,0.6547619,0.227272727,0.115384615,94.46833767361112,6.428571866483134,4.704277501983139,5.820584059734747,5.6442277757477495,-0.19354787468910217,"Emilio Pagan",14771,641941
"Ryan Walker","SFG",0,1,3,16,0,15.1,8.217393007981883,5.869566434272773,1.1739132868545545,0.3617021276595745,0.64885496,0.468085106,0.125,95.52030181884766,6.456523077700051,4.259081495063266,4.932385495660064,4.702860853788685,-0.19581344723701477,"Ryan Walker",20423,676254
"Ryan Watson","BOS",0,0,0,15,0,23.2,6.464789427076466,3.422535579040482,1.90140865502249,0.32051282051282054,0.70588235,0.425,0.166666666,94.26044256036931,6.464789427076466,7.192644247848929,5.810523803251631,4.8450800902525195,-0.2062913179397583,"Ryan Watson",27853,670245
"Gordon Graceffo","STL",2,1,1,18,0,22.2,3.970589014898275,3.5735301134084474,0.7941178029796551,0.15873015873015872,0.79207921,0.43076923,0.068965517,95.70304041584646,1.9852945074491375,5.994521918956326,4.826886733675565,5.4774513754014755,-0.21075330674648285,"Gordon Graceffo",29519,700669
"Luis García","- - -",0,1,1,14,0,14,3.214285933241567,3.214285933241567,1.285714373296627,0.34545454545454546,0.49586777,0.375,0.086956521,96.2792236328125,9.000000613076388,7.359516484963182,5.534869754557718,5.986005171070406,-0.2180386483669281,"Luis Garcia",6984,472610
"Kody Funderburk","MIN",1,1,1,19,0,16,5.625002011657481,7.312502615154725,0.5625002011657481,0.18181818181818182,0.84070796,0.5,0.076923076,,2.8125010058287403,5.279424317562745,5.4812990099194705,5.810393258624261,-0.22336405515670776,"Kody Funderburk",24993,681892
"Justin Bruihl","STL",0,0,0,20,0,18.1,5.400001498136069,5.8909107252393484,0.490909227103279,0.2631578947368421,0.62091503,0.48275862,0.058823529,91.96378580729167,5.400001498136069,5.653747873495497,5.2335714780005205,5.8273350146255005,-0.2287379652261734,"Justin Bruihl",23779,677865
"Osvaldo Bido","- - -",2,0,1,11,0,18.2,5.303571880167882,4.8214289819708025,1.4464286945912408,0.22641509433962265,0.64516129,0.303571428,0.115384615,94.58840573489012,6.267857676562043,5.967789236359073,6.267012715400504,6.13474550015776,-0.24555481225252151,"Osvaldo Bido",23150,674370
"AJ Blubaugh","HOU",2,2,0,17,0,26,7.615385174045942,5.884615816308228,1.3846154861901714,0.2465753424657534,0.72674419,0.301369863,0.097560975,95.76747061353211,5.192308073213143,4.875701619178838,5.490913720102719,5.706552049364321,-0.2900564968585968,"AJ Blubaugh",31764,805123
"Cionel Pérez","WSN",2,3,0,16,0,16,5.062500301748532,6.187500368803762,1.1250000670552294,0.27450980392156865,0.61983471,0.622641509,0.142857142,96.48665114182693,6.187500368803762,9.08573773352083,5.668798313289891,5.27320735387708,-0.30425384640693665,"Cionel Perez",19614,672335
"Seranthony Domínguez","CHW",3,3,10,19,0,17.2,10.698114747549777,5.094340355976084,2.0377361423904334,0.2,0.76086957,0.409090909,0.235294117,97.39430519386575,4.075472284780867,5.756985775548171,5.710072120274088,4.1186942582554416,-0.3073238730430603,"Seranthony Dominguez",19249,622554
"Connor Brogdon","CLE",2,2,1,15,0,15.1,8.217393007981883,1.760869930281832,2.9347832171363866,0.2,0.5,0.361702127,0.2,94.68789365310077,5.282609790845496,4.836914623618859,6.106298782514618,4.157992286975047,-0.32117316126823425,"Connor Brogdon",21205,641401
"PJ Poulin","WSN",3,0,2,16,0,13.2,6.585367538615969,7.243904292477566,1.3170735077231939,0.23684210526315788,0.78125,0.5,0.125,90.35170106630068,3.9512205231695816,6.822843026501724,5.959957427286565,5.7024419629302106,-0.3321598470211029,"PJ Poulin",23394,676571
"Jordan Leasure","CHW",2,1,0,15,0,15,10.200001296997236,4.200000534057685,3.000000381469775,0.20588235294117646,0.58333333,0.23076923,0.2,96.01699806156014,6.6000008392335054,6.804362874857856,6.572965268029163,4.581363232243389,-0.33296215534210205,"Jordan Leasure",29950,673929
"Yoendrys Gómez","- - -",0,0,2,12,0,19,6.157895355013331,4.736842580779485,2.3684212903897426,0.2413793103448276,0.73913043,0.245901639,0.142857142,95.4197504679362,5.684211096935383,7.471379282092391,6.895772225176566,6.062949118764246,-0.3340128306299448,"Yoendrys Gomez",22872,672782
"Drew Pomeranz","LAA",0,3,0,17,0,15,7.20000091552746,4.80000061035164,2.40000030517582,0.30434782608695654,0.66964286,0.244897959,0.153846153,92.66161816991018,7.20000091552746,5.318629556059195,6.9729653188918,5.941699333917449,-0.3761879503726959,"Drew Pomeranz",11426,519141
"Justin Topa","MIN",0,1,2,21,0,17.2,6.11320974717401,4.584907310380507,2.0377365823913367,0.3508771929824561,0.65693431,0.540983606,0.210526315,,7.132078038369678,5.944454415560222,6.219506828095298,4.787189690695945,-0.3790759742259979,"Justin Topa",15145,623437
"Matt Svanson","STL",0,1,0,19,0,20.2,8.709679294947811,5.661291541716077,2.177419823736953,0.36507936507936506,0.6,0.426470588,0.208333333,,9.1451632596952,7.8476686401321984,6.34823434256133,4.834730839122611,-0.3881419897079468,"Matt Svanson",29629,694335
"Aaron Bummer","ATL",1,1,0,17,0,13,7.615386850030415,3.461539477286552,2.7692315818292417,0.2682926829268293,0.77922078,0.477272727,0.222222222,90.843505859375,4.846155268201173,5.669760795281407,6.798606936325301,4.744044852558413,-0.4211830198764801,"Aaron Bummer",16258,607481
"Ryan Weiss","HOU",0,3,0,7,0,19,10.894737935792817,5.684211096935383,2.8421055484676914,0.38181818181818183,0.62091503,0.295081967,0.24,95.56882306654676,8.526316645403073,6.010715206038376,6.685245888253034,4.428717938669208,-0.43659287691116333,"Ryan Weiss",24621,680802
"John Schreiber","KCR",0,2,1,18,0,17,3.7058831845189677,5.2941188350270965,1.588235650508129,0.24074074074074073,0.87719298,0.482142857,0.142857142,92.79530012103874,3.7058831845189677,6.008606238182204,6.5180636320148855,5.959582185517962,-0.4586549699306488,"John Schreiber",20020,670167
"Bryan Abreu","HOU",2,2,1,15,0,13.2,13.82926990105116,11.195123253231893,2.6341466478192688,0.3333333333333333,0.66929134,0.5,0.333333333,95.18128047429079,8.560976605412623,6.422255008725089,7.789225534453902,5.218039906082124,-0.5556925535202026,"Bryan Abreu",16609,650556
"Tony Santillan","CIN",1,2,1,19,0,17,9.00000100977292,4.764706416938604,3.7058827687300253,0.24390243902439024,0.86419753,0.3125,0.28,94.32981962316177,5.823530065147183,7.021572822072704,8.047475185526345,4.7607673615848825,-0.882497251033783,"Tony Santillan",19926,663574