Name,Team,POS,ADP,PA,rPTS,PTS,aPOS,Dollars,NameASCII,PlayerId,MLBAMID
"Aaron Judge ","NYY","OF/DH",1.850000023841858,644,1293.2,60.7324272221239,5.373915990293591,67.1063432124175,"Aaron Judge","15640",592450
"Shohei Ohtani ","LAD","DH",1.2699999809265137,679,1254,56.938928172028,1.3502656588244426,59.28919383085248,"Shohei Ohtani","19755",660271
"Juan Soto ","NYM","OF",4.650000095367432,686,1178.5,49.6325715831954,5.373915990293591,56.00648757348907,"Juan Soto","20123",665742
"Bobby Witt Jr. ","KCR","SS",3.0999999046325684,679,1090.2,41.0875214269846,6.84149859559048,48.929020022575145,"Bobby Witt Jr.","25764",677951
"Ronald Acuña Jr. ","ATL","OF",5.260000228881836,651,1051.7,37.3617634313548,5.373915990293591,43.7356794216484,"Ronald Acuna Jr.","18401",660670
"Vladimir Guerrero Jr. ","TOR","1B/DH",18.049999237060547,679,1079.4,40.0423737295093,1.3502656588244426,42.39263938833372,"Vladimir Guerrero Jr.","19611",665489
"Gunnar Henderson ","BAL","SS/DH",12.510000228881836,672,998.2,32.1844114114536,6.84149859559048,40.025910007044054,"Gunnar Henderson","26289",683002
"Yordan Alvarez ","HOU","OF/DH",33.38999938964844,560,956,31.7298791513378,5.373915990293591,38.103795141631345,"Yordan Alvarez","19556",670541
"Kyle Schwarber ","PHI","OF/DH",24.690000534057617,686,981.7,30.5876579847551,5.373915990293591,36.96157397504866,"Kyle Schwarber","16478",656941
"Kyle Tucker ","LAD","OF/DH",13.130000114440918,651,965.9,29.0586456125225,5.373915990293591,35.43256160281615,"Kyle Tucker","18345",663656
"Fernando Tatis Jr. ","SDP","OF",14.010000228881836,672,962.2,28.7005857532023,5.373915990293591,35.07450174349588,"Fernando Tatis Jr.","19709",665487
"Julio Rodríguez ","SEA","OF",9.489999771118164,686,960,28.4876852963091,5.373915990293591,34.861601286602735,"Julio Rodriguez","23697",677594
"Elly De La Cruz ","CIN","SS",8.449999809265137,672,932.3,25.8070749981547,6.84149859559048,33.64857359374516,"Elly De La Cruz","26668",682829
"Brent Rooker ","ATH","OF/DH",42.11000061035156,672,929.1,25.4974016063101,5.373915990293591,31.87131759660371,"Brent Rooker","19627",667670
"Corbin Carroll ","ARI","OF",14.100000381469727,637,911.9,23.8329071251457,5.373915990293591,30.206823115439214,"Corbin Carroll","25878",682998
"Bryce Harper ","PHI","1B",47.900001525878906,665,946.6,27.1909279679601,1.3502656588244426,29.5411936267845,"Bryce Harper","11579",547180
"Pete Alonso ","BAL","1B",24.440000534057617,679,936.2,26.1844894444653,1.3502656588244426,28.53475510328968,"Pete Alonso","19251",624413
"Junior Caminero ","TBR","3B/DH",16.479999542236328,665,919,24.5199949633008,2.1942939554119634,27.714288918712693,"Junior Caminero","28163",691406
"Austin Riley ","ATL","3B",59.36000061035156,672,915.5,24.1812896909708,2.1942939554119634,27.375583646382704,"Austin Riley","18360",663586
"Riley Greene ","DET","OF/DH",78.4800033569336,651,881,20.8426234351466,5.373915990293591,27.216539425440182,"Riley Greene","25976",682985
"Matt Olson ","ATL","1B",48.0099983215332,686,921,24.7135408332036,1.3502656588244426,27.063806492028025,"Matt Olson","14344",621566
"Cal Raleigh ","SEA","C/DH",18.729999542236328,637,868.1,19.5942525742732,6.251303906049135,26.845556480322344,"Cal Raleigh","21534",663728
"Nick Kurtz ","ATH","1B/DH",19.8700008392334,616,909.3,23.5812974942719,1.3502656588244426,25.931563153096356,"Nick Kurtz","35110",701762
"Corey Seager ","TEX","SS/DH",95.08999633789062,567,815.1,17.459447637586,6.84149859559048,25.300946233176468,"Corey Seager","13624",608369
"Zach Neto ","LAA","SS",32.29999923706055,665,845.9,17.4458934183516,6.84149859559048,25.287392013942064,"Zach Neto","31347",687263
"Ketel Marte ","ARI","2B/DH",32.63999938964844,637,845.1,17.3684750703904,6.739887025601009,25.108362095991446,"Ketel Marte","13613",606466
"Wyatt Langford ","TEX","OF",37.75,644,850.2,17.8620170386427,5.373915990293591,24.235933028936294,"Wyatt Langford","33333",694671
"José Ramírez ","CLE","3B/DH",6.28000020980835,679,882.7,21.007137424564,2.1942939554119634,24.201431379975972,"Jose Ramirez","13510",608070
"James Wood ","WSN","OF/DH",37.790000915527344,644,844.1,17.271702135439,5.373915990293591,23.645618125732604,"James Wood","29518",695578
"Rafael Devers ","SFG","1B/DH",61.619998931884766,686,877.6,20.5135954563117,1.3502656588244426,22.86386111513619,"Rafael Devers","17350",646240
"Freddie Freeman ","LAD","1B",67.87999725341797,651,862.1,19.0136149645647,1.3502656588244426,21.3638806233891,"Freddie Freeman","5361",518692
"Byron Buxton ","MIN","OF/DH",73.4800033569336,560,780.4,14.7365517738675,5.373915990293591,21.110467764161143,"Byron Buxton","14161",621439
"Mookie Betts ","LAD","SS",60.58000183105469,651,802.7,13.2653026284501,6.84149859559048,21.106801224040506,"Mookie Betts","13611",605141
"Francisco Lindor ","NYM","SS",25.350000381469727,651,800.8,13.0814340520423,6.84149859559048,20.9229326476328,"Francisco Lindor","12916",596019
"Jackson Chourio ","MIL","OF",19.3799991607666,651,815.2,14.4749643153428,5.373915990293591,20.848880305636428,"Jackson Chourio","28806",694192
"Bo Bichette ","NYM","SS/DH",92.86000061035156,658,799.2,12.9265973561201,6.84149859559048,20.768095951710517,"Bo Bichette","19612",666182
"Roman Anthony ","BOS","OF/DH",50.75,630,805.6,13.5459441398091,5.373915990293591,19.919860130102748,"Roman Anthony","31812",701350
"Geraldo Perdomo ","ARI","SS",76.7699966430664,686,782.2,11.2814574619458,6.84149859559048,19.122956057536292,"Geraldo Perdomo","22799",672695
"Jo Adell ","LAA","OF",120.33000183105469,609,792.1,12.2395095179649,5.373915990293591,18.613425508258512,"Jo Adell","20220",666176
"Willy Adames ","SFG","SS",133.92999267578125,679,776.4,10.7201744392276,6.84149859559048,18.561673034818032,"Willy Adames","15986",642715
"Pete Crow-Armstrong ","CHC","OF",32.939998626708984,644,790.1,12.0459636480621,5.373915990293591,18.419879638355663,"Pete Crow-Armstrong","27769",691718
"Mike Trout ","LAA","OF/DH",178.44000244140625,560,748.1,11.6107859749366,5.373915990293591,17.984701965230116,"Mike Trout","10155",545361
"Jazz Chisholm Jr. ","NYY","2B/3B",19.520000457763672,602,770.1,10.1105049490336,6.739887025601009,17.850391974634583,"Jazz Chisholm Jr.","20454",665862
"Trea Turner ","PHI","SS",26.780000686645508,644,768.6,9.96534554660642,6.84149859559048,17.806844142196915,"Trea Turner","16252",607208
"Randy Arozarena ","SEA","OF",89.37999725341797,679,783.3,11.3879076903924,5.373915990293591,17.761823680685975,"Randy Arozarena","19290",668227
"Taylor Ward ","BAL","OF",148.42999267578125,658,782.1,11.2717801684507,5.373915990293591,17.645696158744265,"Taylor Ward","17548",621493
"Gleyber Torres ","DET","2B/DH",261.510009765625,658,763.2,9.44277169786876,6.739887025601009,17.182658723469757,"Gleyber Torres","16997",650402
"William Contreras ","MIL","C/DH",56.560001373291016,610,767.7,9.87824990515015,6.251303906049135,17.12955381119929,"William Contreras","20503",661388
"Jarren Duran ","BOS","OF",64.04000091552734,602,772.3,10.3234054059267,5.373915990293591,16.697321396220303,"Jarren Duran","24617",680776
"Ben Rice ","NYY","C/1B/DH",53.189998626708984,546,710,9.19398711147927,6.251303906049135,16.445291017528383,"Ben Rice","29576",700250
"Maikel Garcia ","KCR","2B/3B/SS/OF/DH",63.150001525878906,665,751.9,8.34923753291765,6.84149859559048,16.19073612850812,"Maikel Garcia","22715",672580
"Vinnie Pasquantino ","KCR","1B/DH",77.0999984741211,637,806.8,13.6620716617509,1.3502656588244426,16.012337320575313,"Vinnie Pasquantino","27676",686469
"Ian Happ ","CHC","OF",184.86000061035156,658,764,9.52019004582992,5.373915990293591,15.894106036123476,"Ian Happ","17919",664023
"Manny Machado ","SDP","3B/DH",37.52000045776367,644,796.3,12.6459558447609,2.1942939554119634,15.84024980017287,"Manny Machado","11493",592518
"Shea Langeliers ","ATH","C/DH",54.04999923706055,524,681.9,8.47077471650308,6.251303906049135,15.722078622552207,"Shea Langeliers","25816",669127
"Christian Yelich ","MIL","OF/DH",127.22000122070312,637,758.8,9.01697078408248,5.373915990293591,15.390886774376067,"Christian Yelich","11477",592885
"Hunter Goodman ","COL","C/DH",67.36000061035156,583,731.8,7.94654791819858,6.251303906049135,15.197851824247715,"Hunter Goodman","29715",696100
"Teoscar Hernández ","LAD","OF",125.41999816894531,595,751.7,8.78354364528165,5.373915990293591,15.15745963557524,"Teoscar Hernandez","13066",606192
"Jackson Merrill ","SDP","OF",70.79000091552734,630,754.7,8.62020175078164,5.373915990293591,14.994117741075224,"Jackson Merrill","29490",701538
"Seiya Suzuki ","CHC","OF/DH",113.43000030517578,567,723.7,8.61440138302576,5.373915990293591,14.98831737331935,"Seiya Suzuki","30116",673548
"CJ Abrams ","WSN","SS",65,630,739.3,7.12989855252969,6.84149859559048,14.971397148120168,"CJ Abrams","25768",682928
"George Springer ","TOR","OF/DH",94.37999725341797,595,748.2,8.44483837295166,5.373915990293591,14.81875436324525,"George Springer","12856",543807
"Oneil Cruz ","PIT","OF",92.93000030517578,560,715.3,8.43663370852979,5.373915990293591,14.810549698823385,"Oneil Cruz","21711",665833
"Yandy Díaz ","TBR","1B/DH",138.63999938964844,651,792.6,12.2878959854406,1.3502656588244426,14.638161644265079,"Yandy Diaz","16578",650490
"Dansby Swanson ","CHC","SS",152.30999755859375,686,732.7,6.49119718185029,6.84149859559048,14.332695777440765,"Dansby Swanson","18314",621020
"Jeremy Peña ","HOU","SS",122.9800033569336,623,729.7,6.20087837699601,6.84149859559048,14.042376972586492,"Jeremy Pena","21636",665161
"Michael Harris II ","ATL","OF",99.06999969482422,574,720.2,7.64057113159976,5.373915990293591,14.014487121893362,"Michael Harris II","25931",671739
"Jacob Wilson ","ATH","SS",196.44000244140625,616,729.3,6.16216920301544,6.84149859559048,14.003667798605923,"Jacob Wilson","33266",805779
"Will Smith ","LAD","C",95.69000244140625,500,640.3,6.62259197942438,6.251303906049135,13.873895885473514,"Will Smith","19197",669257
"Drake Baldwin ","ATL","C/DH",78.62999725341797,571,702.4,6.19020930907698,6.251303906049135,13.441513215126117,"Drake Baldwin","31539",686948
"Matt Wallner ","MIN","OF/DH",340.5899963378906,476,621.2,6.95180027875275,5.373915990293591,13.325716269046337,"Matt Wallner","26466",670242
"Iván Herrera ","STL","C/DH",178.42999267578125,594,719.6,5.76786457321176,6.251303906049135,13.019168479260903,"Ivan Herrera","20599",671056
"Tyler Soderstrom ","ATH","1B/OF",82.8499984741211,581,716.2,6.61835441269807,5.373915990293591,12.992270402991661,"Tyler Soderstrom","27467",691016
"Bryan Reynolds ","PIT","OF/DH",204.72000122070312,644,728.8,6.11378273553974,5.373915990293591,12.48769872583332,"Bryan Reynolds","19326",668804
"Ezequiel Tovar ","COL","SS",209.22999572753906,651,713.1,4.59444765680236,6.84149859559048,12.43594625239284,"Ezequiel Tovar","24064",678662
"Matt Chapman ","SFG","3B",163.6199951171875,672,760.9,9.22019394748046,2.1942939554119634,12.414487902892432,"Matt Chapman","16505",656305
"Alejandro Kirk ","TOR","C/DH",160.25,495,618.7,4.98595728382789,6.251303906049135,12.237261189877028,"Alejandro Kirk","22581",672386
"Salvador Perez ","KCR","C/1B/DH",91.13999938964844,618,715.3,4.80734811369549,6.251303906049135,12.058652019744631,"Salvador Perez","7304",521692
"Munetaka Murakami ","CHW","1B",999,588,753.3,9.57350532029991,1.3502656588244426,11.923770979124372,"Munetaka Murakami","sa3063258",808959
"Brandon Lowe ","PIT","2B/DH",187.57000732421875,546,655.2,3.89083027614117,6.739887025601009,11.630717301742175,"Brandon Lowe","18882",664040
"Mickey Moniak ","COL","OF/DH",245.8300018310547,483,608.9,5.12636819975422,5.373915990293591,11.50028419004781,"Mickey Moniak","19956",666160
"Jung Hoo Lee ","SFG","OF",339.44000244140625,616,716.1,4.88476646165663,5.373915990293591,11.258682451950229,"Jung Hoo Lee","33824",808982
"Brice Turang ","MIL","2B",48.18000030517578,651,701.1,3.43317243738526,6.739887025601009,11.173059462986272,"Brice Turang","22186",668930
"Brandon Nimmo ","TEX","OF",145.4600067138672,630,714.8,4.75896164621978,5.373915990293591,11.132877636513376,"Brandon Nimmo","12927",607043
"Andy Pages ","LAD","OF",133.4199981689453,609,712.7,4.55573848282179,5.373915990293591,10.929654473115383,"Andy Pages","24816",681624
"Heliot Ramos ","SFG","OF",218.8000030517578,637,712.3,4.51702930884122,5.373915990293591,10.890945299134813,"Heliot Ramos","22515",671218
"Samuel Basallo ","BAL","C/DH",160.94000244140625,445,557.7,3.61941524533385,6.251303906049135,10.870719151382986,"Samuel Basallo","28824",694212
"Kyle Stowers ","MIA","OF/DH",164.42999267578125,483,602.3,4.48766682907482,5.373915990293591,10.861582819368406,"Kyle Stowers","26151",669065
"Steven Kwan ","CLE","OF",169.60000610351562,665,709.1,4.20735591699666,5.373915990293591,10.581271907290255,"Steven Kwan","24610",680757
"Wilyer Abreu ","BOS","OF",199.89999389648438,518,632.1,4.19587539514726,5.373915990293591,10.569791385440855,"Wilyer Abreu","23772",677800
"Trevor Story ","BOS","SS",111.33000183105469,665,691,2.45576579437587,6.84149859559048,10.297264389966351,"Trevor Story","12564",596115
"Adley Rutschman ","BAL","C/DH",148.92999267578125,566,665.1,3.03423953474312,6.251303906049135,10.28554344079226,"Adley Rutschman","26288",668939
"Lawrence Butler ","ATH","OF",157.22000122070312,581,687.3,3.82161659260189,5.373915990293591,10.195532582895481,"Lawrence Butler","22542",671732
"Kerry Carpenter ","DET","OF/DH",236.22000122070312,497,608.5,3.81740906758164,5.373915990293591,10.191325057875234,"Kerry Carpenter","25961",681481
"Michael Busch ","CHC","1B",106.45999908447266,602,745.4,7.72021345573338,1.3502656588244426,10.070479114557825,"Michael Busch","26319",683737
"Spencer Torkelson ","DET","1B/DH",188.35000610351562,637,743.5,7.53634487932567,1.3502656588244426,9.88661053815012,"Spencer Torkelson","27465",679529
"Nico Hoerner ","CHC","2B/SS",101.93000030517578,665,685.2,1.89448277165761,6.739887025601009,9.634369797258616,"Nico Hoerner","21479",663538
"Alex Bregman ","CHC","3B",119.16999816894531,672,729.9,6.2202329639863,2.1942939554119634,9.414526919398261,"Alex Bregman","17678",608324
"Ozzie Albies ","ATL","2B",150.5,630,682,1.58480937981305,6.739887025601009,9.324696405414056,"Ozzie Albies","16556",645277
"Luke Keaschall ","MIN","2B/DH",114.8499984741211,567,650.9,1.56933171856204,6.739887025601009,9.309218744163042,"Luke Keaschall","33321",807712
"Matt McLain ","CIN","2B/SS",144.3000030517578,623,681.1,1.49771373835677,6.739887025601009,9.237600763957776,"Matt McLain","29695",680574
"Luis García Jr. ","WSN","2B",261.8500061035156,490,575.5,1.25902719328063,6.739887025601009,8.998914218881634,"Luis Garcia Jr.","20391",671277
"Kevin McGonigle ","DET","SS",999,546,626.3,1.09409245604499,6.84149859559048,8.93559105163547,"Kevin McGonigle","sa3022895",805808
"Jose Altuve ","HOU","2B/OF/DH",116.5199966430664,623,677.9,1.1880403465122,6.739887025601009,8.927927372113217,"Jose Altuve","5417",514888
"Giancarlo Stanton ","NYY","OF/DH",251.4600067138672,413,515.8,2.46805774673659,5.373915990293591,8.84197373703018,"Giancarlo Stanton","4949",519317
"Luis Robert Jr. ","NYM","OF",105.63999938964844,567,659.7,2.42093354613457,5.373915990293591,8.794849536428163,"Luis Robert Jr.","20043",673357
"Jackson Holliday ","BAL","2B/SS",203.14999389648438,490,573.3,1.04612673638749,6.739887025601009,8.786013761988501,"Jackson Holliday","31781",702616
"Trent Grisham ","NYY","OF",253.82000732421875,546,639.6,2.38117249089894,5.373915990293591,8.755088481192532,"Trent Grisham","18564",663757
"Alec Burleson ","STL","1B/OF/DH",175.19000244140625,602,689.8,2.33963827243416,5.373915990293591,8.713554262727753,"Alec Burleson","27615",676475
"Yainer Diaz ","HOU","C/DH",113.04000091552734,517,602.6,1.43180595395109,6.251303906049135,8.683109860000222,"Yainer Diaz","23003",673237
"Francisco Alvarez ","NYM","C",165.25,438,528.3,1.40941593685796,6.251303906049135,8.660719842907099,"Francisco Alvarez","26121",682626
"Colt Keith ","DET","1B/2B/3B/DH",502.489990234375,497,577.6,0.827125377582616,6.739887025601009,8.567012403183623,"Colt Keith","27899",690993
"Colton Cowser ","BAL","OF",251.72000122070312,504,596.6,2.03068616256369,5.373915990293591,8.404602152857278,"Colton Cowser","29591",681297
"Jordan Westburg ","BAL","2B/3B/DH",646.8400268554688,427,510.1,0.646202059321463,6.739887025601009,8.386089084922473,"Jordan Westburg","27815",676059
"Tyler O'Neill ","BAL","OF/DH",477.6400146484375,434,530.3,1.96589036624424,5.373915990293591,8.339806356537833,"Tyler O'Neill","15711",641933
"Luis Arraez ","SFG","1B/2B/DH",280.04998779296875,623,670.2,0.442888747386235,6.739887025601009,8.182775772987245,"Luis Arraez","18568",650333
"Jorge Polanco ","NYM","2B/3B/DH",209.42999267578125,539,612.4,0.384073639316186,6.739887025601009,8.123960664917195,"Jorge Polanco","13152",593871
"Brandon Marsh ","PHI","OF",609.72998046875,497,587,1.73679096612601,5.373915990293591,8.110706956419598,"Brandon Marsh","20202",669016
"Josh Lowe ","LAA","OF",297.0899963378906,511,600.1,1.73426645579767,5.373915990293591,8.108182446091261,"Josh Lowe","19953",666139
"Masyn Winn ","STL","SS",364.7799987792969,644,667.7,0.200956410007674,6.84149859559048,8.042455005598153,"Masyn Winn","27479",691026
"Ramón Laureano ","SDP","OF/DH",224.47999572753906,553,637.5,1.54282434840494,5.373915990293591,7.916740338698535,"Ramon Laureano","17128",657656
"Adolis García ","PHI","OF/DH",213.99000549316406,609,681.1,1.49771373835677,5.373915990293591,7.871629728650357,"Adolis Garcia","19287",666969
"Gabriel Moreno ","ARI","C/DH",181.22000122070312,443,524.7,0.607372671678546,6.251303906049135,7.85867657772768,"Gabriel Moreno","22664",672515
"Cody Bellinger ","NYY","1B/OF",80.98999786376953,616,680.6,1.44932727088105,5.373915990293591,7.823243261174644,"Cody Bellinger","15998",641355
"Jac Caglianone ","KCR","1B/OF/DH",164.58999633789062,455,544.1,1.3959819312859,5.373915990293591,7.769897921579489,"Jac Caglianone","35041",695506
"Agustín Ramírez ","MIA","C/DH",86.8499984741211,493,568.8,0.338452109493507,6.251303906049135,7.589756015542643,"Agustin Ramirez","26546",682663
"JJ Wetherholt ","STL","SS",999,588,649.2,-0.500557208143396,6.84149859559048,7.340941387447083,"JJ Wetherholt","sa3025154",802139
"Bryson Stott ","PHI","2B/SS",181.44000244140625,609,660.3,-0.51516330863287,6.84149859559048,7.326335286957609,"Bryson Stott","26294",681082
"Willson Contreras ","BOS","1B/DH",168.1999969482422,609,716.4,4.91379834214206,1.3502656588244426,7.2640640009665045,"Willson Contreras","11609",575929
"Josh Naylor ","SEA","1B/DH",67.45999908447266,623,714.5,4.72992976573435,1.3502656588244426,7.080195424558798,"Josh Naylor","18839",647304
"Addison Barger ","TOR","3B/OF",193.08999633789062,518,594,0.508826573497976,5.373915990293591,6.882742563791568,"Addison Barger","24598",680718
"Ryan Jeffers ","MIN","C/DH",298.05999755859375,523,587.9,-0.535149029060003,6.251303906049135,6.7161548769891315,"Ryan Jeffers","24618",680777
"Ceddanne Rafaela ","BOS","2B/OF",125.02999877929688,609,668.6,0.288052051463955,5.373915990293591,6.6619680417575475,"Ceddanne Rafaela","24262",678882
"Eugenio Suárez ","CIN","3B",97.91999816894531,609,701.3,3.45252702437555,2.1942939554119634,6.646820979787511,"Eugenio Suarez","12552",553993
"Jesús Sánchez ","TOR","OF",617.4299926757812,420,499.5,0.255533927932362,5.373915990293591,6.629449918225952,"Jesus Sanchez","19913",660821
"Xander Bogaerts ","SDP","SS/DH",237.1999969482422,609,652,-1.3183786687297,6.84149859559048,6.523119926860782,"Xander Bogaerts","12161",593428
"Ryan O'Hearn ","PIT","1B/OF/DH",285.44000244140625,546,615.9,0.0876539325501708,5.373915990293591,6.461569922843762,"Ryan O'Hearn","16442",656811
"Jake Burger ","TEX","1B/DH",236.72000122070312,595,701,3.87715584324441,1.3502656588244426,6.227421502068851,"Jake Burger","22275",669394
"Kazuma Okamoto ","TOR","3B",999,560,657.2,2.81412618785201,2.1942939554119634,6.008420143263975,"Kazuma Okamoto","sa3063134",672960
"Konnor Griffin ","PIT","SS",999,469,521.7,-2.04198176981802,6.84149859559048,5.799516825772457,"Konnor Griffin","sa3065496",804606
"Royce Lewis ","MIN","3B/DH",193.64999389648438,574,663.4,2.14386842635884,2.1942939554119634,5.338162381770804,"Royce Lewis","20437",668904
"Anthony Volpe ","NYY","SS",641.989990234375,469,516,-2.59358749904114,6.84149859559048,5.247911096549335,"Anthony Volpe","27647",683011
"Brett Baty ","NYM","2B/3B",292.9200134277344,434,482.9,-2.6211467504533,6.739887025601009,5.118740275147715,"Brett Baty","26123",683146
"Jorge Soler ","LAA","OF/DH",634.8099975585938,511,568.6,-1.31408099517221,5.373915990293591,5.0598349951213795,"Jorge Soler","14221",624585
"Marcus Semien ","NYM","2B",266.25,644,637.5,-2.72158622552536,6.739887025601009,5.018300800075652,"Marcus Semien","12533",543760
"Marcelo Mayer ","BOS","2B/3B",589.5399780273438,462,508,-2.73264599955654,6.739887025601009,5.0072410260444675,"Marcelo Mayer","29668",691785
"Austin Wells ","NYY","C",246.13999938964844,461,511.1,-2.34191776133627,6.251303906049135,4.909386144712869,"Austin Wells","27562",669224
"Jonathan India ","KCR","2B/3B/OF/DH",607.719970703125,497,552.7,-1.58252070270786,5.373915990293591,4.791395287585729,"Jonathan India","21523",663697
"Jake McCarthy ","COL","OF",506.760009765625,350,414.5,-1.61891575197873,5.373915990293591,4.7550002383148655,"Jake McCarthy","21622",664983
"Edouard Julien ","COL","1B/2B/DH",746.0499877929688,378,426.6,-2.9884631554505,6.739887025601009,4.751423870150514,"Edouard Julien","27534",666397
"Otto Lopez ","MIA","2B/SS",229.16000366210938,609,633.1,-3.14738713931163,6.84149859559048,4.694111456278854,"Otto Lopez","19608",672640
"Max Muncy ","LAD","3B",234.3699951171875,455,544.6,1.44436839876161,2.1942939554119634,4.638662354173572,"Max Muncy","13301",571970
"Evan Carter ","TEX","OF",280.4800109863281,476,530.1,-1.86421409532206,5.373915990293591,4.509701894971535,"Evan Carter","27790",694497
"Carlos Correa ","HOU","3B/SS",281.2300109863281,567,647.8,1.26933562021262,2.1942939554119634,4.463629575624579,"Carlos Correa","14162",621043
"Lars Nootbaar ","STL","OF",745.989990234375,497,546.6,-2.17283560591156,5.373915990293591,4.2010803843820375,"Lars Nootbaar","21454",663457
"Daulton Varsho ","TOR","OF",192.2100067138672,595,638.2,-2.20018447170507,5.373915990293591,4.17373151858852,"Daulton Varsho","19918",662139
"Willi Castro ","COL","2B/3B/SS/OF",256.3399963378906,553,631.4,0.952509445201256,2.1942939554119634,4.146803400613216,"Willi Castro","17338",650489
"Jordan Lawlar ","ARI","2B/3B/DH",261.6499938964844,518,551.6,-3.59434586844244,6.739887025601009,4.145541157158573,"Jordan Lawlar","29976",691783
"Tyler Stephenson ","CIN","C/DH",294.75,450,492.2,-3.17287269333876,6.251303906049135,4.078431212710372,"Tyler Stephenson","17988",663886
"Jonathan Aranda ","TBR","1B/DH",195.60000610351562,609,682.3,1.61384126029847,1.3502656588244426,3.9641069191229197,"Jonathan Aranda","21837",666018
"Joey Ortiz ","MIL","SS",743.4400024414062,630,625,-3.93124791241816,6.84149859559048,3.9102506831723134,"Joey Ortiz","25493",687401
"Alec Bohm ","PHI","1B/3B",239.8699951171875,609,671.6,0.57837085631823,2.1942939554119634,3.7726648117301935,"Alec Bohm","21618",664761
"Colson Montgomery ","CHW","3B/SS",254.75,602,622.9,-4.13447107581616,6.84149859559048,3.70702751977432,"Colson Montgomery","29712",695657
"Isaac Collins ","KCR","OF",666.1699829101562,448,495.3,-2.69141231524763,5.373915990293591,3.6825036750459597,"Isaac Collins","25477",686555
"Brendan Donovan ","SEA","2B/SS/OF",268.5799865722656,560,600.3,-2.69225381088406,5.373915990293591,3.6816621794095297,"Brendan Donovan","24679",680977
"Jake Cronenworth ","SDP","1B/2B/SS",738.2999877929688,630,622.6,-4.16350295630159,6.84149859559048,3.6779956392888926,"Jake Cronenworth","18036",630105
"Jordan Beck ","COL","OF/DH",232.9199981689453,581,619.9,-2.70087922312414,5.373915990293591,3.6730367671694504,"Jordan Beck","31431",687597
"Carter Jensen ","KCR","C/DH",999,401,441.7,-3.6140310547137,6.251303906049135,3.6372728513354335,"Carter Jensen","29478",695600
"Isaac Paredes ","HOU","3B/DH",243.60000610351562,497,573.5,0.430356344281774,2.1942939554119634,3.6246502996937373,"Isaac Paredes","20036",670623
"Xavier Edwards ","MIA","2B/SS",182.42999267578125,602,621.8,-4.24092130426273,6.84149859559048,3.6005772913277534,"Xavier Edwards","22266",669364
"Daylen Lile ","WSN","OF/DH",206.50999450683594,553,592.6,-2.80228043091403,5.373915990293591,3.5716355593795615,"Daylen Lile","29995",695734
"J.T. Realmuto ","PHI","C",212.27000427246094,500,533.5,-3.71275747338779,6.251303906049135,3.538546432661344,"J.T. Realmuto","11739",592663
"Nolan Schanuel ","LAA","1B",594.6599731445312,616,677.9,1.1880403465122,1.3502656588244426,3.5383060053366493,"Nolan Schanuel","33189",694384
"Caleb Durbin ","BOS","2B/3B",219.8300018310547,560,584.4,-4.23094347661172,6.739887025601009,3.508943548989293,"Caleb Durbin","29646",702332
"TJ Friedl ","CIN","OF",265.1499938964844,623,635.9,-2.87642292144764,5.373915990293591,3.497493068845955,"TJ Friedl","19522",670770
"Owen Caissie ","MIA","OF",528.5,420,467,-2.88958645798894,5.373915990293591,3.484329532304647,"Owen Caissie","27496",683357
"Chase DeLauter ","CLE","OF",999,497,538.9,-2.91798720503752,5.373915990293591,3.4559287852560656,"Chase DeLauter","32127",800050
"Noelvi Marte ","CIN","3B/OF",147.7100067138672,504,544.9,-2.97247457442498,5.373915990293591,3.4014414158686126,"Noelvi Marte","26517",682622
"Andrew Vaughn ","MIL","1B/DH",272.2699890136719,560,638.2,0.975440423774942,1.3502656588244426,3.325706082599383,"Andrew Vaughn","26197",683734
"Jordan Walker ","STL","OF",511.7200012207031,532,570.1,-3.07429653003308,5.373915990293591,3.29961946026051,"Jordan Walker","27475",691023
"Marcell Ozuna ","PIT","DH",377.510009765625,525,605,0.938203878867643,1.3502656588244426,3.2884695376920896,"Marcell Ozuna","10324",542303
"Garrett Mitchell ","MIL","OF",691.1699829101562,378,424.8,-3.16265443836306,5.373915990293591,3.2112615519305328,"Garrett Mitchell","27555",669003
"Jakob Marsee ","MIA","OF",137.0800018310547,581,613.4,-3.3299033003084,5.373915990293591,3.044012689985188,"Jakob Marsee","31370",805300
"Andrés Giménez ","TOR","2B/SS",412.2200012207031,595,610.6,-4.87111747636439,6.84149859559048,2.970381119226083,"Andres Gimenez","19950",665926
"Sean Murphy ","ATL","C/DH",746.0599975585938,383,417.7,-4.30340297587246,6.251303906049135,2.9479009301766714,"Sean Murphy","19352",669221
"Sal Stewart ","CIN","1B/3B",161.8699951171875,504,571.4,-0.40799179821222,2.1942939554119634,2.7863021571997426,"Sal Stewart","31505",701398
"Brenton Doyle ","COL","OF",166.25,595,623.3,-3.6421012024813,5.373915990293591,2.7318147878122896,"Brenton Doyle","25479",686668
"Logan O'Hoppe ","LAA","C/DH",246.50999450683594,452,480.1,-4.52528948599272,6.251303906049135,2.7260144200564165,"Logan O'Hoppe","24729",681351
"Dylan Beavers ","BAL","OF",505.0400085449219,371,413.1,-3.65977279819873,5.373915990293591,2.7141431920948644,"Dylan Beavers","31695",687637
"Trevor Larnach ","MIN","OF/DH",748.52001953125,413,451.5,-3.75444197064003,5.373915990293591,2.619474019653564,"Trevor Larnach","21501",663616
"Miguel Vargas ","CHW","1B/3B",303.0899963378906,602,658.2,-0.718386472030862,2.1942939554119634,2.475907483381101,"Miguel Vargas","20178",678246
"Tyler Freeman ","COL","2B/OF/DH",745.8599853515625,280,309.9,-5.39011495693774,6.739887025601009,2.3497720686632695,"Tyler Freeman","22532",671289
"Christopher Morel ","MIA","OF/DH",999,350,389.4,-4.04791641925949,5.373915990293591,2.3259995710341026,"Christopher Morel","21897",666624
"Carson Benge ","NYM","OF",999,413,447.7,-4.12217912345544,5.373915990293591,2.25173686683815,"Carson Benge","sa3025452",701807
"Will Benson ","CIN","OF",999,315,354.3,-4.26902154057449,5.373915990293591,2.104894449719102,"Will Benson","21853",666181
"Romy Gonzalez ","BOS","1B/2B/DH",999,196,228.6,-5.63625481933655,6.739887025601009,2.103632206264458,"Romy Gonzalez","21562",663853
"Joc Pederson ","TEX","DH",999,420,494.2,-0.25736262731019,1.3502656588244426,2.092903031514253,"Joc Pederson","11899",592626
"Spencer Steer ","CIN","1B/OF/DH",335.70001220703125,371,406.4,-4.30815146237328,5.373915990293591,2.065764527920318,"Spencer Steer","26323",668715
"Dominic Canzone ","SEA","OF/DH",477.1600036621094,420,451.9,-4.35085777575546,5.373915990293591,2.023058214538132,"Dominic Canzone","26438",686527
"Denzel Clarke ","ATH","OF",728.3300170898438,476,503.9,-4.39966499104939,5.373915990293591,1.9742509992442043,"Denzel Clarke","29858",672016
"Ernie Clement ","TOR","1B/2B/3B/SS",337.67999267578125,644,603.8,-5.98283413338837,6.84149859559048,1.858664462202106,"Ernie Clement","20352",676391
"Austin Hays ","CHW","OF/DH",572.469970703125,483,507.7,-4.66705281732998,5.373915990293591,1.7068631729636166,"Austin Hays","19363",669720
"Andrew Benintendi ","CHW","OF/DH",735.8099975585938,518,540.1,-4.70723462038382,5.373915990293591,1.6666813699097696,"Andrew Benintendi","17901",643217
"Josh Smith ","TEX","1B/3B/SS/OF/DH",428.9100036621094,504,511.3,-6.22404518879285,6.84149859559048,1.6174534067976265,"Josh Smith","26396",669701
"Chase Meidroth ","CHW","2B/SS",646.8699951171875,560,562.8,-6.32123887156249,6.84149859559048,1.5202597240279876,"Chase Meidroth","31580",805367
"Dylan Crews ","WSN","OF",282.2200012207031,469,492.3,-4.88710605738992,5.373915990293591,1.4868099329036781,"Dylan Crews","33541",686611
"Lourdes Gurriel Jr. ","ARI","OF/DH",689.0700073242188,476,497.3,-5.03836636172879,5.373915990293591,1.3355496285648008,"Lourdes Gurriel Jr.","19238",666971
"Sal Frelick ","MIL","OF",216.39999389648438,511,529.5,-5.09790275177292,5.373915990293591,1.2760132385206688,"Sal Frelick","29622",686217
"Josh Bell ","MIN","1B/DH",636.3300170898438,574,630.1,-1.0786703075236,1.3502656588244426,1.271595351300837,"Josh Bell","13145",605137
"Kyle Manzardo ","CLE","1B/DH",253.4600067138672,518,577.5,-1.08792685320054,1.3502656588244426,1.262338805623909,"Kyle Manzardo","29794",700932
"Luke Raley ","SEA","1B/OF",748.25,350,378,-5.15112787770573,5.373915990293591,1.2227881125878592,"Luke Raley","19354",670042
"Davis Schneider ","TOR","2B/OF",999,322,351.7,-5.1557561505442,5.373915990293591,1.2181598397493962,"Davis Schneider","23565",676914
"Mike Yastrzemski ","ATL","OF",656.0999755859375,476,495.7,-5.19320305765107,5.373915990293591,1.1807129326425203,"Mike Yastrzemski","14854",573262
"Mark Vientos ","NYM","3B/DH",652.5700073242188,441,495.7,-2.01757816217106,2.1942939554119634,1.1767157932409038,"Mark Vientos","22184",668901
"Lane Thomas ","KCR","OF",726.6699829101562,420,443,-5.21213689682314,5.373915990293591,1.1617790934704508,"Lane Thomas","16939",657041
"Jeff McNeil ","ATH","2B/OF/DH",440.5199890136719,581,592.4,-5.36213493428832,5.373915990293591,1.0117810560052676,"Jeff McNeil","15362",643446
"Spencer Horwitz ","PIT","1B",738.1500244140625,497,555.1,-1.35026565882445,1.3502656588244426,1,"Spencer Horwitz","26477",687462
"Yoán Moncada ","LAA","3B",746.1500244140625,455,507,-2.19429395541196,2.1942939554119634,1,"Yoan Moncada","17232",660162
"Cam Smith ","HOU","OF",341.8699951171875,539,552.9,-5.3739159902936,5.373915990293591,1,"Cam Smith","35108",701358
"Dillon Dingler ","DET","C",254.6199951171875,429,440.7,-6.25130390604914,6.251303906049135,1,"Dillon Dingler","27464",693307
"Kody Clemens ","MIN","1B/2B/OF",700.7000122070312,252,269.7,-6.73988702560101,6.739887025601009,1,"Kody Clemens","20572",665019
"Ha-Seong Kim ","ATL","2B/SS",748.3800048828125,413,419.6,-6.84149859559048,6.84149859559048,1,"Ha-Seong Kim","27506",673490
"Kyle Teel ","CHW","C/DH",266.8800048828125,374,388.1,-6.35129259159692,6.251303906049135,0.9000113144522147,"Kyle Teel","33549",691019
"Bo Naylor ","CLE","C",574.2899780273438,454,463,-6.3615709534038,6.251303906049135,0.8897329526453366,"Bo Naylor","21865",666310
"Griffin Conine ","MIA","OF",999,399,418.2,-5.70673074633047,5.373915990293591,0.6671852439631214,"Griffin Conine","21626",665052
"Ryan Ritter ","COL","2B/SS",999,259,271.5,-7.20082072178445,6.84149859559048,0.6406778738060332,"Ryan Ritter","31500",690022
"Brooks Baldwin ","CHW","2B/3B/SS/OF",748.22998046875,315,323.7,-7.23027335008809,6.84149859559048,0.6112252455023907,"Brooks Baldwin","31394",681460
"Jake Bauers ","MIL","1B/OF/DH",999,294,318.9,-5.78940850056692,5.373915990293591,0.5845074897266709,"Jake Bauers","15194",641343
"Edgar Quero ","CHW","C/DH",475.1000061035156,483,486.5,-6.71863903830018,6.251303906049135,0.5326648677489536,"Edgar Quero","28022",700337
"Parker Meadows ","DET","OF",745.6900024414062,448,462.3,-5.88491916864465,5.373915990293591,0.4889968216489401,"Parker Meadows","23800",678009
"José Caballero ","NYY","2B/3B/SS/OF",200.02999877929688,308,315.6,-7.37900914409863,6.84149859559048,0.46248945149185294,"Jose Caballero","23401",676609
"Nolan Gorman ","STL","1B/2B/3B/DH",653.1400146484375,532,526.6,-7.28391920042006,6.739887025601009,0.45596782518094814,"Nolan Gorman","22263",669357
"Edmundo Sosa ","PHI","2B/3B/SS",999,245,255.6,-7.4692604293201,6.84149859559048,0.3722381662703832,"Edmundo Sosa","17022",624641
"Nick Gonzales ","PIT","2B/SS",999,434,430.9,-7.65333936792738,6.84149859559048,0.18815922766309423,"Nick Gonzales","27490",693304
"Graham Pauley ","MIA","1B/2B/3B",999,329,332.5,-7.64892148070755,6.739887025601009,0.0909655448934551,"Graham Pauley","31363",688363
"Carson Williams ","TBR","SS",724.5499877929688,469,462.6,-7.76126222544723,6.84149859559048,0.08023637014324925,"Carson Williams","30038",700246
"Zach McKinstry ","DET","2B/3B/SS/OF",510.30999755859375,378,377,-7.78840072904117,6.84149859559048,0.053097866549314476,"Zach McKinstry","19392",656716
"Justin Crawford ","PHI","OF",999,532,536.2,-6.35489902488638,5.373915990293591,0.019016965407208097,"Justin Crawford","sa3020240",702222
"Christian Walker ","HOU","1B",212.94000244140625,588,629.7,-2.38762943969618,1.3502656588244426,-0.03736378087173753,"Christian Walker","13419",572233
"CJ Kayfus ","CLE","1B/OF",999,364,376.1,-6.60524641230544,5.373915990293591,-0.23133042201185217,"CJ Kayfus","33704",692216
"Danny Jansen ","TEX","C",999,352,355.1,-7.54869236783507,6.251303906049135,-0.29738846178594014,"Danny Jansen","16535",643376
"Jared Triolo ","PIT","1B/2B/3B/SS",735.5399780273438,504,490.9,-8.19821306180192,6.84149859559048,-0.35671446621143943,"Jared Triolo","25807",669707
"Zack Gelof ","ATH","2B",999,140,150.5,-8.11322120627481,6.739887025601009,-0.37333418067380175,"Zack Gelof","29766",680869
"Brooks Lee ","MIN","2B/3B/SS",542.5700073242188,595,575.6,-8.25817019966427,6.84149859559048,-0.4166716040737857,"Brooks Lee","31595",686797
"Masataka Yoshida ","BOS","OF/DH",748.3300170898438,175,196.7,-6.817936506999,5.373915990293591,-0.4440205167054041,"Masataka Yoshida","31837",807799
"Jake Meyers ","HOU","OF",738.1500244140625,469,472.3,-6.82256475641841,5.373915990293591,-0.44864876612481863,"Jake Meyers","20308",676694
"Starling Marte ","KCR","OF/DH",999,273,288.5,-6.82593078580223,5.373915990293591,-0.4520147955086369,"Starling Marte","9241",516782
"JJ Bleday ","CIN","OF",748.5800170898438,231,249.1,-6.82803454831236,5.373915990293591,-0.45411855801876166,"JJ Bleday","26368",668709
"J.P. Crawford ","SEA","SS",748.5399780273438,588,568.3,-8.32948764571367,6.84149859559048,-0.4879890501231863,"J.P. Crawford","15491",641487
"Ramón Urías ","STL","2B/3B",999,315,312.6,-8.30445292804891,6.739887025601009,-0.5645659024478944,"Ramon Urias","18795",602104
"Kristian Campbell ","BOS","2B/OF",746.1400146484375,84,95.7,-8.33537820884488,6.739887025601009,-0.5954911832438647,"Kristian Campbell","33644",692225
"Carson Kelly ","CHC","C",591.9099731445312,373,371.7,-7.84763658492942,6.251303906049135,-0.5963326788802947,"Carson Kelly","13620",608348
"Oswald Peraza ","LAA","1B/2B/3B/SS",999,273,271.6,-8.46139338648131,6.84149859559048,-0.6198947908908288,"Oswald Peraza","22823",672724
"Gavin Lux ","TBR","2B/3B/OF/DH",745.989990234375,399,390.6,-8.3776637509898,6.739887025601009,-0.6377767253887874,"Gavin Lux","19955",666158
"Everson Pereira ","CHW","OF",999,224,240.5,-7.02515680979861,5.373915990293591,-0.6512408195050132,"Everson Pereira","23695",677592
"Christian Moore ","LAA","2B",748.3499755859375,336,330.5,-8.4775923297064,6.739887025601009,-0.7377053041053969,"Christian Moore","34979",695681
"Jett Williams ","MIL","SS",999,119,125.9,-8.58846046879186,6.84149859559048,-0.7469618732013767,"Jett Williams","sa3020134",702518
"Jahmai Jones ","DET","OF/DH",999,140,160.6,-7.13581456326542,5.373915990293591,-0.7618985729718297,"Jahmai Jones","18872",663330
"Jonny DeLuca ","TBR","OF",999,301,311.5,-7.14065319830347,5.373915990293591,-0.7667372080098749,"Jonny DeLuca","26365",676356
"Heriberto Hernández ","MIA","OF/DH",999,301,311.4,-7.15033049179861,5.373915990293591,-0.7764145015050177,"Heriberto Hernandez","24878",681715
"Luis Rengifo ","MIL","2B/3B/OF",644.9299926757812,441,428.5,-8.52071939090681,6.739887025601009,-0.7808323653057985,"Luis Rengifo","19858",650859
"Rob Refsnyder ","SEA","OF/DH",999,266,278,-7.20692162369619,5.373915990293591,-0.8330056334025957,"Rob Refsnyder","13770",608701
"James Outman ","MIN","OF",999,210,224.4,-7.31295110432454,5.373915990293591,-0.9390351140309474,"James Outman","24770",681546
"Lenyn Sosa ","CHW","1B/2B/DH",487.05999755859375,427,413.6,-8.69238616349104,6.739887025601009,-0.9524991378900247,"Lenyn Sosa","22896",672820
"José Fermín ","STL","2B/3B/OF",999,175,177.3,-8.69533144505664,6.739887025601009,-0.9554444194556286,"Jose Fermin","21746",665877
"Ronny Mauricio ","NYM","2B/3B/SS/DH",999,105,110.5,-8.8085137088518,6.84149859559048,-0.967015113261313,"Ronny Mauricio","23698",677595
"Dalton Rushing ","LAD","C/1B",745.8300170898438,168,175.6,-8.22472045537806,6.251303906049135,-0.9734165493289233,"Dalton Rushing","31382",687221
"Adael Amador ","COL","2B",999,63,71.9,-8.73319912340078,6.739887025601009,-0.9933120977997691,"Adael Amador","27962",691182
"Victor Caratini ","MIN","C/1B/DH",681.02001953125,400,392.9,-8.24581814047238,6.251303906049135,-0.9945142344232392,"Victor Caratini","14968",605170
"Dylan Moore ","PHI","1B/2B/3B/SS/OF/DH",999,84,90.2,-8.86762935107771,6.84149859559048,-1.0261307554872312,"Dylan Moore","18042",664238
"Gavin Sheets ","SDP","1B/OF/DH",684.8099975585938,490,486,-7.4021504848719,5.373915990293591,-1.0282344945783048,"Gavin Sheets","19901",657757
"Henry Davis ","PIT","C",999,256,257.4,-8.29312268498696,6.251303906049135,-1.04181877893783,"Henry Davis","29617",680779
"Sam Antonacci ","CHW","2B/3B",999,42,51.4,-8.81166935261698,6.739887025601009,-1.071782327015971,"Sam Antonacci","sa3025363",803011
"Gabriel Arias ","CLE","2B/3B/SS",748.3800048828125,462,442.9,-9.0325640648943,6.84149859559048,-1.1910654693038172,"Gabriel Arias","22563",672356
"Ezequiel Duran ","TEX","1B/2B/3B/SS/OF",999,245,239.3,-9.04665926902832,6.84149859559048,-1.2051606734378413,"Ezequiel Duran","23733",677649
"Wenceel Pérez ","DET","OF",748.5399780273438,301,306.9,-7.58580869908003,5.373915990293591,-1.2118927087864302,"Wenceel Perez","22857",672761
"Harry Ford ","WSN","C/DH",725.52001953125,224,225.4,-8.48642812756512,6.251303906049135,-1.235124221515985,"Harry Ford","29958",695670
"Vaughn Grissom ","LAA","2B",999,119,121.9,-8.97555220859755,6.739887025601009,-1.2356651829965455,"Vaughn Grissom","26031",687093
"Cole Young ","SEA","2B",704.2899780273438,434,416.6,-9.03719233773276,6.739887025601009,-1.2973053121317526,"Cole Young","31680",702284
"Joey Loperfido ","HOU","OF",746.02001953125,427,424,-7.68594763999622,5.373915990293591,-1.3120316497026239,"Joey Loperfido","29630",694388
"David Hamilton ","MIL","2B/SS",743.3300170898438,203,198.8,-9.15521325998505,6.84149859559048,-1.313714664394534,"David Hamilton","27531",666152
"Alan Roden ","MIN","OF",999,196,207.1,-7.71687292079218,5.373915990293591,-1.3429569304985933,"Alan Roden","31564",702176
"Zach Cole ","HOU","OF",743.5999755859375,322,325,-7.73959351374724,5.373915990293591,-1.3656775234536465,"Zach Cole","31583",805904
"Matt Vierling ","DET","OF",999,322,324.7,-7.76862539423266,5.373915990293591,-1.3947094039390748,"Matt Vierling","21558",663837
"Curtis Mead ","CHW","1B/2B/3B",999,70,74,-9.16510093909881,6.739887025601009,-1.4252139134977786,"Curtis Mead","23986",678554
"Miguel Amaya ","CHC","C",745.969970703125,291,286.2,-8.68168705386594,6.251303906049135,-1.430383147816805,"Miguel Amaya","21693",665804
"Gary Sánchez ","MIL","C/DH",999,150,153.9,-8.69151462614855,6.251303906049135,-1.4402107200994059,"Gary Sanchez","11442",596142
"Nick Yorke ","PIT","1B/2B",999,140,139.4,-9.18740078423567,6.739887025601009,-1.4475137586346185,"Nick Yorke","27504",694377
"Andy Ibáñez ","ATH","2B/3B",999,266,257.2,-9.21979867068583,6.739887025601009,-1.4799116450848135,"Andy Ibanez","18819",628451
"Max Muncy ","ATH","2B/3B/SS",672.719970703125,406,387.3,-9.33213941542552,6.84149859559048,-1.4906408198350207,"Max Muncy","29779",691777
"Luis Urías ","ARI","2B/3B",999,28,33.9,-9.23494575607487,6.739887025601009,-1.4950587304739007,"Luis Urias","16622",649966
"Alex Freeland ","LAD","2B/3B",999,161,158.2,-9.27344454443686,6.739887025601009,-1.5335575188358384,"Alex Freeland","31665",690976
"Braxton Fulford ","COL","C/DH",999,64,71.8,-8.83360855676678,6.251303906049135,-1.582304650717644,"Braxton Fulford","29704",690924
"Esteury Ruiz ","MIA","OF",748.530029296875,84,99.4,-7.9773183495246,5.373915990293591,-1.6034023592310107,"Esteury Ruiz","21780",665923
"Amed Rosario ","NYY","2B/3B/OF",999,224,216.4,-9.35738454212794,6.739887025601009,-1.6174975165269334,"Amed Rosario","15518",642708
"Max Kepler ",,"OF",999,126,138.6,-7.99456917400476,5.373915990293591,-1.6206531837111702,"Max Kepler","12144",596146
"Sam Haggerty ","TEX","2B/OF/DH",999,280,268.8,-9.36748258344133,6.739887025601009,-1.6275955578402912,"Sam Haggerty","18054",664059
"Weston Wilson ","BAL","1B/2B/OF",999,14,19.1,-9.39693523516404,6.739887025601009,-1.6570482095629835,"Weston Wilson","19358",642215
"Troy Johnston ","COL","1B/OF/DH",748.4099731445312,175,184,-8.04695278088209,5.373915990293591,-1.6730367905884989,"Troy Johnston","26143",687859
"Michael Massey ","KCR","2B/OF",999,252,241.4,-9.47856108472629,6.739887025601009,-1.7386740591253225,"Michael Massey","27684",686681
"Thomas Saggese ","STL","2B/3B/SS",999,189,181,-9.60752154392839,6.84149859559048,-1.7660229483378909,"Thomas Saggese","27883",695336
"Adrian Del Castillo ","ARI","C/DH",999,124,125.7,-9.06147575513643,6.251303906049135,-1.810171849087292,"Adrian Del Castillo","29554",680728
"José Tena ","WSN","2B/3B",999,231,220.7,-9.57638590093278,6.739887025601009,-1.836498875331809,"Jose Tena","23691",677588
"Brice Matthews ","HOU","2B",740.969970703125,63,62.6,-9.63318741844899,6.739887025601009,-1.893300392848019,"Brice Matthews","33280",694728
"Leo Jiménez ","TOR","2B",999,77,75.5,-9.65506651576768,6.739887025601009,-1.9151794901666448,"Leo Jimenez","23782",677870
"Denzer Guzman ","LAA","SS",999,21,21.7,-9.78045058338631,6.84149859559048,-1.9389519877958117,"Denzer Guzman","28816",694203
"Josh Jung ","TEX","3B/DH",610.5,553,568.4,-5.14418545673851,2.1942939554119634,-1.9498915013265474,"Josh Jung","26299",673962
"Sung-Mun Song ","SDP","2B/3B",999,287,272,-9.69293417069275,6.739887025601009,-1.9530471450917344,"Sung-Mun Song","sa3012529",823550
"Endy Rodríguez ","PIT","C/1B",999,105,106.4,-9.20528274215262,6.251303906049135,-1.953978836103499,"Endy Rodriguez","25332",682848
"Nathan Lukes ","TOR","OF",999,294,292.6,-8.33453668978939,5.373915990293591,-1.9606206994958018,"Nathan Lukes","18123",664770
"Aidan Miller ","PHI","SS",999,42,40.9,-9.82778516960696,6.84149859559048,-1.9862865740164612,"Aidan Miller","sa3022609",805795
"Andruw Monasterio ","BOS","1B/2B/3B/SS",999,112,106.5,-9.83073042775351,6.84149859559048,-1.989231832163016,"Andruw Monasterio","19455",655316
"Yohel Pozo ","STL","C/1B",999,172,168.8,-9.24570497253115,6.251303906049135,-1.994401066482042,"Yohel Pozo","18848",650968
"Blaze Alexander ","BAL","2B/3B/OF",745.9099731445312,259,245,-9.76530349799718,6.739887025601009,-2.0254164723961936,"Blaze Alexander","23789",677942
"Colby Thomas ","ATH","OF",748.5900268554688,147,154.1,-8.39996361954569,5.373915990293591,-2.0260476292520924,"Colby Thomas","31855",687515
"Alek Thomas ","ARI","OF",746.030029296875,420,410,-8.40564375022016,5.373915990293591,-2.0317277599265675,"Alek Thomas","23792",677950
"Cameron Cauley ","TEX","2B/SS",999,21,20.6,-9.88690081183281,6.84149859559048,-2.0454022162423793,"Cameron Cauley","sa3017167",695508
"Hao-Yu  Lee ","DET","2B/3B",999,7,8.2,-9.81663524703848,6.739887025601009,-2.0767482214375117,"Hao-Yu  Lee","sa3017863",701678
"Trei Cruz ","DET","SS",999,14,13.7,-9.9195090839017,6.84149859559048,-2.078010488311208,"Trei Cruz","sa3014420",669360
"Joey Bart ","PIT","C/DH",999,282,270.6,-9.37475558027047,6.251303906049135,-2.1234516742213154,"Joey Bart","21524",663698
"Jasson Domínguez ","NYY","OF/DH",421.5400085449219,98,107.1,-8.50241670859064,5.373915990293591,-2.128500718297043,"Jasson Dominguez","28080",691176
"Tyler Fitzgerald ","SFG","2B",999,21,20.6,-9.88690081183281,6.739887025601009,-2.1470137862318497,"Tyler Fitzgerald","26208",666149
"Dane Myers ","CIN","OF",999,280,277.4,-8.53523534285905,5.373915990293591,-2.161319352565456,"Dane Myers","22054",667472
"Nick Loftin ","KCR","1B/2B/3B/OF",999,112,105.7,-9.90814877571468,6.739887025601009,-2.1682617501136257,"Nick Loftin","27630",679845
"Leo De Vries ","ATH","SS",999,35,32.4,-10.0152301375981,6.84149859559048,-2.1737315420075696,"Leo De Vries","sa3023363",815888
"Tyler Callihan ","PIT","2B/OF",999,35,33.3,-9.92813449614172,6.739887025601009,-2.188247470540757,"Tyler Callihan","27497",682997
"Jerar Encarnacion ","SFG","OF",999,154,158.6,-8.59961039136027,5.373915990293591,-2.225694401066683,"Jerar Encarnacion","21871",666464
"Paul DeJong ","NYY","2B/3B/SS",999,21,18.7,-10.0707693882406,6.84149859559048,-2.229270792650086,"Paul DeJong","18015",657557
"Harrison Bader ","SFG","OF",554.3099975585938,518,499.6,-8.62653848591653,5.373915990293591,-2.2526224956229353,"Harrison Bader","18030",664056
"Josh Kasevich ","TOR","SS",999,7,5.2,-10.1069540518928,6.84149859559048,-2.265455456302316,"Josh Kasevich","sa3020203",688460
"Kevin Newman ","KCR","2B/3B/SS",999,7,5.2,-10.1069540518928,6.84149859559048,-2.265455456302316,"Kevin Newman","17696",621028
"Paul Goldschmidt ","NYY","1B",748.3599853515625,385,416.2,-4.63002665804131,1.3502656588244426,-2.279760999216872,"Paul Goldschmidt","9218",502671
"Chandler Simpson ","TBR","OF",180.19000244140625,455,440.2,-8.65872601016714,5.373915990293591,-2.2848100198735497,"Chandler Simpson","31912",802415
"Miles Mastrobuoni ","SEA","2B/3B/OF",999,14,12.6,-10.0259593123483,6.739887025601009,-2.286072286747246,"Miles Mastrobuoni","20017",670156
"Tom Murphy ",,"C",999,51,52.2,-9.55084026349359,6.251303906049135,-2.2995363574444223,"Tom Murphy","13499",608596
"Travis Bazzana ","CLE","2B",999,252,235.5,-10.0495214009397,6.739887025601009,-2.309634375338728,"Travis Bazzana","sa3025129",683953
"Connor Wong ","BOS","C",999,211,202.1,-9.56171969361217,6.251303906049135,-2.310415787563037,"Connor Wong","19896",657136
"Tommy Troy ","ARI","2B/SS",999,49,44.1,-10.1532367568584,6.84149859559048,-2.311738161267905,"Tommy Troy","sa3022561",694371
"Trey Lipscomb ","WSN","1B/3B/SS",999,7,4.2,-10.2037269868442,6.84149859559048,-2.362228391253742,"Trey Lipscomb","31567",702358
"James Triantos ","CHC","2B/3B",999,7,5.2,-10.1069540518928,6.739887025601009,-2.367067026291786,"James Triantos","sa3017295",701649
"Will Wagner ","SDP","1B/2B/3B/DH",999,21,17.9,-10.1481877362017,6.739887025601009,-2.4083007106006953,"Will Wagner","29634",695238
"Eli White ","ATL","OF/DH",999,140,143.4,-8.80030904442993,5.373915990293591,-2.4263930541363354,"Eli White","19346",642201
"Zac Veen ","COL","OF",743.6599731445312,119,123.7,-8.80136092568499,5.373915990293591,-2.4274449353913985,"Zac Veen","27770",691728
"Carlos Narváez ","BOS","C",443.010009765625,423,399.5,-9.69395598682267,6.251303906049135,-2.4426520807735588,"Carlos Narvaez","19722",665966
"Maximo Acosta ","MIA","2B/3B/SS",999,56,49.3,-10.2851424742069,6.84149859559048,-2.4436438786164976,"Maximo Acosta","27963",691185
"Riley Adams ","WSN","C",999,19,20.7,-9.695759238596,6.251303906049135,-2.444455332546865,"Riley Adams","19864",656180
"Leo Rivas ","SEA","2B/SS",999,168,154.3,-10.2859839698434,6.84149859559048,-2.4444853742529276,"Leo Rivas","21009",660844
"Hyeseong Kim ","LAD","2B/SS/OF",740.77001953125,77,68.9,-10.293767886447,6.84149859559048,-2.452269290856577,"Hyeseong Kim","35322",808975
"Max Anderson ","DET","2B",999,7,4.2,-10.2037269868442,6.739887025601009,-2.4638399612432123,"Max Anderson","sa3022567",801194
"Trey Sweeney ","DET","SS",999,14,9.7,-10.3066008237074,6.84149859559048,-2.4651022281169066,"Trey Sweeney","29575",700242
"Alika Williams ","PIT","SS",999,14,9.7,-10.3066008237074,6.84149859559048,-2.4651022281169066,"Alika Williams","27604",675961
"Luis Vázquez ","BAL","3B/SS",999,14,9.7,-10.3066008237074,6.84149859559048,-2.4651022281169066,"Luis Vazquez","23442",676679
"Garrett Hampson ","CIN","2B/SS/OF",999,14,9.7,-10.3066008237074,6.84149859559048,-2.4651022281169066,"Garrett Hampson","19262",641658
"Nick Sogard ","BOS","1B/2B/3B",999,14,10.7,-10.209827888756,6.739887025601009,-2.469940863154952,"Nick Sogard","25483",686765
"Josh Rojas ","KCR","2B/3B/OF",999,14,10.7,-10.209827888756,6.739887025601009,-2.469940863154952,"Josh Rojas","19734",668942
"Jesus Rodriguez ","SFG","C/3B",999,33,33.4,-9.73699292290491,6.251303906049135,-2.4856890168557744,"Jesus Rodriguez","sa3008916",683679
"Javier Sanoja ","MIA","2B/3B/SS/OF",999,217,199.7,-10.3383675767208,6.84149859559048,-2.4968689811302553,"Javier Sanoja","28253",691594
"Kahlil Watson ","CLE","SS/OF",999,7,2.6,-10.3585636827665,6.84149859559048,-2.5170650871760194,"Kahlil Watson","sa3017513",696135
"Sergio Alcántara ","WSN","3B/SS",999,7,2.6,-10.3585636827665,6.84149859559048,-2.5170650871760194,"Sergio Alcantara","16417",642727
"Drew Millas ","WSN","C",999,154,146.5,-9.77056290427256,6.251303906049135,-2.5192589982233797,"Drew Millas","25643",686452
"Matt Shaw ","CHC","3B",336.67999267578125,259,286.8,-5.72019481702765,2.1942939554119634,-2.5259008616156837,"Matt Shaw","33322",807713
"Jake Rogers ","DET","C",999,192,182,-9.78294502858951,6.251303906049135,-2.531641122540383,"Jake Rogers","19452",668670
"Emmanuel Rodriguez ","MIN","OF",999,56,63.5,-8.91096679789674,5.373915990293591,-2.537050807603153,"Emmanuel Rodriguez","sa3014693",691181
"Tristan Gray ","MIN","1B/2B/3B/SS",999,154,140.2,-10.3802323944665,6.84149859559048,-2.5387337988760112,"Tristan Gray","19877",656484
"Vidal Bruján ","NYM","3B/SS/OF",999,35,28.6,-10.3829672904134,6.84149859559048,-2.5414686948229845,"Vidal Brujan","20536",660644
"Carlos Cortes ","ATH","OF",999,154,155.1,-8.93831566369026,5.373915990293591,-2.5643996733966694,"Carlos Cortes","21842",666126
"César Prieto ","STL","2B/DH",999,14,9.7,-10.3066008237074,6.739887025601009,-2.5667137981063766,"Cesar Prieto","30163",693409
"Kyren Paris ","LAA","2B/OF",999,14,9.7,-10.3066008237074,6.739887025601009,-2.5667137981063766,"Kyren Paris","26420",677347
"Nick Madrigal ","LAA","2B/3B",999,14,9.7,-10.3066008237074,6.739887025601009,-2.5667137981063766,"Nick Madrigal","20521",663611
"Max Schuemann ","NYY","2B/3B/SS/OF",999,21,15.2,-10.4094746605706,6.84149859559048,-2.5679760649800727,"Max Schuemann","24488",680474
"Edwin Arroyo ","CIN","SS",999,21,14.9,-10.438506541056,6.84149859559048,-2.5970079454654993,"Edwin Arroyo","sa3017626",695490
"Enmanuel Valdez ","PIT","1B/2B",999,7,2.6,-10.3585636827665,6.739887025601009,-2.6186766571654903,"Enmanuel Valdez","21716",665839
"Chris Taylor ",,"2B/OF",999,140,127.2,-10.368030590643,6.739887025601009,-2.628143565042001,"Chris Taylor","13757",621035
"Jorge Mateo ","ATL","2B/SS/OF",999,147,132.7,-10.4709044275062,6.84149859559048,-2.629405831915697,"Jorge Mateo","17273",622761
"Tim Tawa ","ARI","1B/2B/OF",748.489990234375,133,120.2,-10.410316156207,6.739887025601009,-2.670429130605972,"Tim Tawa","29571",694374
"Dom Keegan ","TBR","C",999,64,60.3,-9.94649730870819,6.251303906049135,-2.6951934026590267,"Dom Keegan","sa3020194",681371
"Brayan Rocchio ","CLE","2B/SS",999,504,466.7,-10.5401180876264,6.84149859559048,-2.6986194920359203,"Brayan Rocchio","23690",677587
"Eric Wagaman ","MIN","1B/OF/DH",748.2100219726562,112,114.2,-9.08557882862752,5.373915990293591,-2.711662838333932,"Eric Wagaman","23395",676572
"Michael Conforto ","CHC","OF",999,126,127.1,-9.10745792594614,5.373915990293591,-2.7335419356525565,"Michael Conforto","16376",624424
"Johnathan Rodríguez ","CLE","OF",999,56,61.4,-9.1141899612947,5.373915990293591,-2.7402739710011454,"Johnathan Rodriguez","22530",671286
"Travis d'Arnaud ","LAA","C",999,231,216.3,-10.0021868147191,6.251303906049135,-2.7508829086699524,"Travis d'Arnaud","7739",518595
"Coby Mayo ","BAL","1B/DH",459.1600036621094,189,227.5,-5.10758006868712,1.3502656588244426,-2.7573144098626723,"Coby Mayo","28312",691723
"Liam Hicks ","MIA","C/1B/DH",748.5399780273438,318,297.7,-10.0185660784377,6.251303906049135,-2.7672621723885724,"Liam Hicks","29844",689414
"César Salazar ","HOU","C",999,19,17.3,-10.0247872174309,6.251303906049135,-2.77348331138171,"Cesar Salazar","21587",663967
"Ben Cowles ","CHC","2B/SS",999,7,-0.4,-10.6488824876208,6.84149859559048,-2.807383892030294,"Ben Cowles","sa3016976",701496
"Juan Brito ","CLE","2B",999,98,85.8,-10.563680223056,6.739887025601009,-2.823793197454974,"Juan Brito","sa3009808",682877
"Thairo Estrada ",,"2B",999,98,85.6,-10.5830348100463,6.739887025601009,-2.843147784445261,"Thairo Estrada","16426",642731
"Scott Kingery ","CHC","2B/OF",999,14,6.8,-10.5872423350665,6.739887025601009,-2.847355309465509,"Scott Kingery","17975",664068
"Korey Lee ","CHW","C",999,13,10.7,-10.1190957488851,6.251303906049135,-2.8677918428359686,"Korey Lee","25543",686676
"Elias Díaz ","KCR","C",999,13,10.7,-10.1190957488851,6.251303906049135,-2.8677918428359686,"Elias Diaz","11680",553869
"Alex Jackson ","MIN","C",999,32,28.5,-10.120448164296,6.251303906049135,-2.869144258246898,"Alex Jackson","17276",656577
"LaMonte Wade Jr. ",,"1B/OF",999,70,73,-9.2618738740502,5.373915990293591,-2.8879578837566218,"LaMonte Wade Jr.","18126",664774
"Keibert Ruiz ","WSN","C",720.3499755859375,320,298.3,-10.1419665972086,6.251303906049135,-2.8906626911594318,"Keibert Ruiz","19610",660688
"Anthony Santander ","TOR","OF/DH",748.4199829101562,56,59.8,-9.26902665721703,5.373915990293591,-2.895110666923425,"Anthony Santander","14551",623993
"Ryan Bliss ","SEA","2B",999,84,71.9,-10.6385740606888,6.739887025601009,-2.898687035087776,"Ryan Bliss","29547",669208
"Shay Whitcomb ","HOU","2B/3B",999,7,-0.4,-10.6488824876208,6.739887025601009,-2.9089954620197647,"Shay Whitcomb","27789",694376
"Ethan Murray ","MIL","2B/SS",999,14,5.1,-10.7517563244839,6.84149859559048,-2.910257728893461,"Ethan Murray","sa3017051",696140
"Walker Jenkins ","MIN","OF",999,35,39.9,-9.28943312546235,5.373915990293591,-2.9155171351687708,"Walker Jenkins","sa3022894",805805
"Tanner Murray ","CHW","2B/3B",999,56,45.3,-10.6722342140127,6.739887025601009,-2.9323471884116667,"Tanner Murray","sa3016805",695020
"Kyle Farmer ","ATL","1B/2B/3B/SS/DH",999,63,50.8,-10.7751080508758,6.84149859559048,-2.9336094552853624,"Kyle Farmer","14813",571657
"Drew Gilbert ","SFG","OF",999,70,72.4,-9.31993763502105,5.373915990293591,-2.9460216447274776,"Drew Gilbert","31545",687551
"Nick Castellanos ","SDP","OF",631.0399780273438,371,354.6,-9.32098949285704,5.373915990293591,-2.947073502563487,"Nick Castellanos","11737",592206
"Brett Wisely ","ATL","2B",999,21,12.3,-10.6901161719297,6.739887025601009,-2.950229146328675,"Brett Wisely","27735",689172
"Richie Palacios ","TBR","2B/OF",999,224,202.5,-10.7025283379527,6.739887025601009,-2.9626413123517388,"Richie Palacios","24589",680700
"Pavin Smith ","ARI","1B/DH",999,455,474.7,-5.32005975434298,1.3502656588244426,-2.9697940955185427,"Pavin Smith","19892",656976
"Darell Hernaiz ","ATH","2B/3B/SS",999,161,142.1,-10.8314887971547,6.84149859559048,-2.989990201564307,"Darell Hernaiz","26224",687231
"Maverick Handley ","BAL","C",999,6,2.6,-10.2678315428957,6.251303906049135,-3.016527636846507,"Maverick Handley","26106",668974
"Mickey Gasper ","BOS","C/1B/DH",999,6,2.6,-10.2678315428957,6.251303906049135,-3.016527636846507,"Mickey Gasper","24759",681508
"Matt Thaiss ","BOS","C",999,6,2.6,-10.2678315428957,6.251303906049135,-3.016527636846507,"Matt Thaiss","19318",642136
"Seby Zavala ","LAD","C",999,6,2.6,-10.2678315428957,6.251303906049135,-3.016527636846507,"Seby Zavala","18887",664874
"Garrett Stubbs ","PHI","C/DH",999,6,2.6,-10.2678315428957,6.251303906049135,-3.016527636846507,"Garrett Stubbs","18067",596117
"Jose Herrera ","TEX","C",999,6,2.6,-10.2678315428957,6.251303906049135,-3.016527636846507,"Jose Herrera","17040",645444
"Dom Nuñez ","CLE","C",999,6,2.6,-10.2678315428957,6.251303906049135,-3.016527636846507,"Dom Nunez","15055",624513
"Jhonkensy Noel ","BAL","1B/OF",999,14,19.1,-9.39693523516404,5.373915990293591,-3.023019244870401,"Jhonkensy Noel","24257",678877
"Jonah Heim ","ATL","C/DH",999,70,62.5,-10.2779896910402,6.251303906049135,-3.02668578499104,"Jonah Heim","16930",641680
"Dylan Carlson ","CHC","OF",999,84,84.5,-9.41923508030081,5.373915990293591,-3.0453190900072418,"Dylan Carlson","20126",666185
"Stuart Fairchild ","CLE","OF/DH",999,28,31.8,-9.43816891947294,5.373915990293591,-3.06425292917931,"Stuart Fairchild","20321",656413
"Alex Call ","LAD","OF/DH",999,154,149.9,-9.44153492543767,5.373915990293591,-3.067618935144079,"Alex Call","19296",669743
"Taylor Trammell ","HOU","OF",999,35,38.3,-9.44426982138468,5.373915990293591,-3.07035383109105,"Taylor Trammell","19960",666211
"Casey Schmitt ","SFG","1B/2B/3B",999,217,194.8,-10.8125549579827,6.739887025601009,-3.0726679323817088,"Casey Schmitt","27577",669477
"Zach Dezenzo ","HOU","OF/DH",999,98,97.3,-9.4507914711146,5.373915990293591,-3.0768754808210064,"Zach Dezenzo","31562",701305
"J.C. Escarra ","NYY","C/1B",999,130,118.2,-10.3316656064973,6.251303906049135,-3.0803617004481225,"J.C. Escarra","20084",641555
"Austin Martin ","MIN","OF",748.5599975585938,329,313.7,-9.46825265779436,5.373915990293591,-3.09433666750075,"Austin Martin","27462",668885
"Cedric Mullins ","TBR","OF",321.5,476,451.5,-9.47056678250408,5.373915990293591,-3.0966507922104576,"Cedric Mullins","17929",656775
"Daniel Schneemann ","CLE","2B/3B/SS/OF",999,196,173.8,-10.9394116546746,6.84149859559048,-3.097913059084152,"Daniel Schneemann","25180",682177
"Moisés Ballesteros ","CHC","DH",594.3599853515625,389,411.4,-5.45746530529158,1.3502656588244426,-3.1071996464671408,"Moises Ballesteros","28820",694208
"Randal Grichuk ","NYY","OF/DH",999,140,136.3,-9.48739688258504,5.373915990293591,-3.113480892291454,"Randal Grichuk","10243",545341
"Jared Serna ","MIA","2B/SS",999,21,9.3,-10.980434976784,6.84149859559048,-3.1389363811934787,"Jared Serna","sa3015579",691858
"Eric Haase ","SFG","C",999,13,7.8,-10.3997372602442,6.251303906049135,-3.1484333541951006,"Eric Haase","14111",606992
"Tomás Nido ","DET","C",999,13,7.8,-10.3997372602442,6.251303906049135,-3.1484333541951006,"Tomas Nido","13755",621512
"Connor Norby ","MIA","3B",728.1400146484375,497,503.5,-6.34374910231796,2.1942939554119634,-3.149455146905999,"Connor Norby","29592",681393
"Mitch Garver ","SEA","C/DH",999,109,97.7,-10.4101358357135,6.251303906049135,-3.158831929664326,"Mitch Garver","15161",641598
"Kameron Misner ","KCR","OF",999,35,37.3,-9.54104275633607,5.373915990293591,-3.167126766042477,"Kameron Misner","26374",670224
"George Valera ","CLE","OF/DH",748.3099975585938,392,372,-9.54251536199034,5.373915990293591,-3.168599371696704,"George Valera","22541",671655
"Jhostynxon Garcia ","PIT","OF/DH",999,182,175.1,-9.5433568810458,5.373915990293591,-3.169440890752183,"Jhostynxon Garcia","28142",691373
"Nelson Velázquez ","STL","DH/OF",748.5599975585938,105,102.8,-9.55366530797773,5.373915990293591,-3.1797493176841733,"Nelson Velazquez","23359",676369
"Christian Koss ","SFG","2B/3B/SS",999,91,74.4,-11.0317667024062,6.84149859559048,-3.1902681068157444,"Christian Koss","27653",683766
"Justyn-Henry Malloy ","TBR","OF/DH",999,84,83,-9.56439448272794,5.373915990293591,-3.1904784924343774,"Justyn-Henry Malloy","29606",669234
"Jake Fraley ","TBR","OF",999,406,384.6,-9.59342633979435,5.373915990293591,-3.219510349500754,"Jake Fraley","19260",641584
"Luisangel Acuña ","CHW","2B/3B/SS",395.510009765625,427,389.1,-11.063323069801,6.84149859559048,-3.221824474210462,"Luisangel Acuna","26548",682668
"Spencer Jones ","NYY","OF",999,21,23.6,-9.59658200697856,5.373915990293591,-3.222666016684993,"Spencer Jones","sa3019969",682987
"Chas McCormick ","CHC","OF",999,21,23.6,-9.59658200697856,5.373915990293591,-3.222666016684993,"Chas McCormick","19599",676801
"Rafael Marchán ","PHI","C",999,141,126.9,-10.4877946109993,6.251303906049135,-3.2364907049501603,"Rafael Marchan","21646",665561
"Johan Rojas ","PHI","OF",999,70,69.2,-9.62961102686562,5.373915990293591,-3.2556950365720354,"Johan Rojas","24336",679032
"Heston Kjerstad ","BAL","OF",999,56,55.8,-9.65611839702268,5.373915990293591,-3.282202406729123,"Heston Kjerstad","31166",677008
"Rodolfo Durán ","SDP","C",999,6,-0.4,-10.5581503477499,6.251303906049135,-3.306846441700782,"Rodolfo Duran","sa877500",660710
"Jeferson Quero ","MIL","C",999,6,-0.4,-10.5581503477499,6.251303906049135,-3.306846441700782,"Jeferson Quero","sa3015407",691620
"Eduardo Valencia ","DET","C/1B",999,6,-0.4,-10.5581503477499,6.251303906049135,-3.306846441700782,"Eduardo Valencia","sa3006622",680664
"Willie MacIver ","TEX","C",999,6,-0.4,-10.5581503477499,6.251303906049135,-3.306846441700782,"Willie MacIver","24641",680862
"Will Banfield ","CIN","C",999,6,-0.4,-10.5581503477499,6.251303906049135,-3.306846441700782,"Will Banfield","23790",677943
"Sebastián Rivero ","LAA","C",999,6,-0.4,-10.5581503477499,6.251303906049135,-3.306846441700782,"Sebastian Rivero","21735",665861
"Hayden Senger ","NYM","C",999,6,-0.4,-10.5581503477499,6.251303906049135,-3.306846441700782,"Hayden Senger","21489",663584
"Gabriel Gonzalez ","MIN","OF",999,42,42.2,-9.70198035417006,5.373915990293591,-3.3280643638764973,"Gabriel Gonzalez","sa3015723",694224
"Tyler Tolbert ","KCR","2B/SS/OF",999,119,99.2,-11.1722978319949,6.84149859559048,-3.3307992364044186,"Tyler Tolbert","25779",686475
"Mason McCoy ","SDP","SS",999,28,13.8,-11.1800817485986,6.84149859559048,-3.338583153008069,"Mason McCoy","22232",669200
"Luis Torrens ","NYM","C",999,218,198,-10.593613706009,6.251303906049135,-3.34230979995988,"Luis Torrens","15905",620443
"Grant McCray ","SFG","OF",999,28,28.8,-9.7284877243272,5.373915990293591,-3.354571734033585,"Grant McCray","25690",687529
"MJ Melendez ","NYM","OF",999,28,28.8,-9.7284877243272,5.373915990293591,-3.354571734033585,"MJ Melendez","22197",669004
"Bryan Torres ","STL","OF",999,14,15.6,-9.73564050749394,5.373915990293591,-3.361724517200389,"Bryan Torres","sa885119",663494
"Akil Baddoo ","MIL","OF",999,14,15.6,-9.73564050749394,5.373915990293591,-3.361724517200389,"Akil Baddoo","22168",668731
"Joe Mack ","MIA","C",999,250,227.8,-10.613208720324,6.251303906049135,-3.361904814274858,"Joe Mack","sa3017374",691788
"Jimmy Crooks ","STL","C",999,97,84,-10.6471393660977,6.251303906049135,-3.3958354600485574,"Jimmy Crooks","31354",699625
"John Rave ","KCR","OF",999,91,87.4,-9.77371854803766,5.373915990293591,-3.3998025577441116,"John Rave","26284",670231
"Michael Helman ","TEX","OF",999,63,61.1,-9.77834682087612,5.373915990293591,-3.404430830582575,"Michael Helman","24605",680737
"Kevin Alcántara ","CHC","OF",999,21,21.7,-9.78045058338631,5.373915990293591,-3.406534593092699,"Kevin Alcantara","25971",682634
"Brandon Valenzuela ","TOR","C",999,13,5.1,-10.661024184613,6.251303906049135,-3.409720278563948,"Brandon Valenzuela","sa3005729",678218
"Andrew McCutchen ","TEX","OF/DH",999,203,192.2,-9.79391463066443,5.373915990293591,-3.4199986403708262,"Andrew McCutchen","9847",457705
"Tommy Edman ","LAD","2B/3B/OF",730.1199951171875,406,368.2,-11.1805024729977,6.739887025601009,-3.440615447396704,"Tommy Edman","19470",669242
"Orlando Arcia ","MIN","1B/2B/3B/SS",999,91,71.8,-11.2833763332799,6.84149859559048,-3.4418777376894507,"Orlando Arcia","13185",606115
"Colt Emerson ","SEA","SS",999,294,262.1,-11.2861112058078,6.84149859559048,-3.444612610217372,"Colt Emerson","sa3022923",806068
"Luis Matos ","SFG","OF",999,28,27.8,-9.82526065927859,5.373915990293591,-3.4513446689850102,"Luis Matos","26467",682641
"Gabriel Rincones Jr. ","PHI","OF",999,35,34.3,-9.83136156119033,5.373915990293591,-3.45744557089675,"Gabriel Rincones Jr.","sa3020758",687282
"Leody Taveras ","BAL","OF",999,77,73.6,-9.83893509217534,5.373915990293591,-3.4650191018817686,"Leody Taveras","18900",665750
"Will Brennan ","SFG","OF",999,112,106.4,-9.84040772124862,5.373915990293591,-3.4664917309550463,"Will Brennan","25660",686823
"Victor Robles ","SEA","OF",727.5399780273438,294,276.7,-9.87322635551705,5.373915990293591,-3.499310365223457,"Victor Robles","18363",645302
"Pedro León ","PHI","OF",999,21,20.6,-9.88690081183281,5.373915990293591,-3.512984821539268,"Pedro Leon","27781",694175
"Ryan Waldschmidt ","ARI","OF",999,112,105.5,-9.9275033627049,5.373915990293591,-3.553587372411328,"Ryan Waldschmidt","sa3025261",814439
"Austin Slater ","MIA","OF",999,119,112,-9.93360426461664,5.373915990293591,-3.5596882743230687,"Austin Slater","16153",596103
"Austin Wynns ","ATH","C",999,166,146.8,-10.8303167022373,6.251303906049135,-3.579012796188243,"Austin Wynns","15271",642851
"Shane McGuire ","ATH","C/1B",999,13,3.2,-10.8448927610208,6.251303906049135,-3.593588854971654,"Shane McGuire","sa3017284",676063
"Ben Rortvedt ","NYM","C",999,13,3.2,-10.8448927610208,6.251303906049135,-3.593588854971654,"Ben Rortvedt","20287",666163
"Andrew Knizner ","SEA","C",999,13,3.2,-10.8448927610208,6.251303906049135,-3.593588854971654,"Andrew Knizner","19514",668800
"Junior Perez ","ATH","OF",999,28,26.2,-9.98009735520092,5.373915990293591,-3.6061813649072905,"Junior Perez","sa3005744",678577
"Christian Franklin ","WSN","OF",999,63,59,-9.9815699842742,5.373915990293591,-3.607653993980567,"Christian Franklin","sa3017510",681047
"Daniel Susac ","SFG","C",999,77,63,-10.8647282026605,6.251303906049135,-3.6134242966113286,"Daniel Susac","sa3019997",691740
"Ben Gamel ","ATL","OF",999,35,32.5,-10.0055528441029,5.373915990293591,-3.631636853809316,"Ben Gamel","12160",592325
"Isiah Kiner-Falefa ","BOS","2B/3B/SS",746.1500244140625,154,128.8,-11.4834438529127,6.84149859559048,-3.641945257322254,"Isiah Kiner-Falefa","16512",643396
"Tyler Black ","MIL","1B/OF",999,14,12.7,-10.0162820188531,5.373915990293591,-3.64236602855952,"Tyler Black","29949",672012
"Mike Tauchman ","NYM","OF/DH",999,84,78.1,-10.03858186399,5.373915990293591,-3.664665873696359,"Mike Tauchman","15274",643565
"Charlie Condon ","COL","1B/OF",999,126,117.3,-10.0558326884701,5.373915990293591,-3.6819166981765186,"Charlie Condon","sa3025257",809707
"Jarred Kelenic ","CHW","OF",999,42,38.5,-10.0600402134904,5.373915990293591,-3.686124223196768,"Jarred Kelenic","22558",672284
"Tyler Wade ","TEX","2B/OF",999,49,30.8,-11.4403167917123,6.739887025601009,-3.7004297661113252,"Tyler Wade","15730",642180
"Kyle Higashioka ","TEX","C/DH",999,282,254.3,-10.9521544199787,6.251303906049135,-3.7008505139295407,"Kyle Higashioka","5517",543309
"Alejandro Osuna ","TEX","OF/DH",999,56,51.4,-10.081919310809,5.373915990293591,-3.7080033205153926,"Alejandro Osuna","27915",696030
"Blake Perkins ","MIL","OF",999,147,136.5,-10.1031672746907,5.373915990293591,-3.7292512843971704,"Blake Perkins","19921",663368
"Sterlin Thompson ","COL","OF",999,7,5.2,-10.1069540518928,5.373915990293591,-3.7330380615992036,"Sterlin Thompson","sa3019999",694514
"Matt Koperniak ","STL","OF",999,7,5.2,-10.1069540518928,5.373915990293591,-3.7330380615992036,"Matt Koperniak","sa3014834",689288
"Rece Hinds ","CIN","OF",999,7,5.2,-10.1069540518928,5.373915990293591,-3.7330380615992036,"Rece Hinds","27493",677956
"Victor Mesa Jr. ","TBR","OF",999,7,5.2,-10.1069540518928,5.373915990293591,-3.7330380615992036,"Victor Mesa Jr.","25999",683748
"José Azocar ","ATL","OF",999,7,5.2,-10.1069540518928,5.373915990293591,-3.7330380615992036,"Jose Azocar","18821",640492
"Trey Mancini ","LAA","1B/DH/OF",999,7,5.2,-10.1069540518928,5.373915990293591,-3.7330380615992036,"Trey Mancini","15149",641820
"Joshua Báez ","STL","OF",999,14,11.6,-10.1227322472997,5.373915990293591,-3.7488162570060872,"Joshua Baez","sa3017022",695491
"Jonatan Clase ","TOR","OF",999,14,11.6,-10.1227322472997,5.373915990293591,-3.7488162570060872,"Jonatan Clase","26599",682729
"Jared Oliva ","SFG","OF",999,112,103.3,-10.1404038195981,5.373915990293591,-3.7664878293044612,"Jared Oliva","19968",666931
"Derek Hill ","CHW","OF",999,105,96.6,-10.1536575046766,5.373915990293591,-3.779741514383007,"Derek Hill","16947",656537
"Billy Cook ","PIT","1B/OF",999,70,63.7,-10.1618621690985,5.373915990293591,-3.787946178804871,"Billy Cook","29573",695257
"Steward Berroa ","MIL","OF",999,7,4.5,-10.1746951063588,5.373915990293591,-3.8007791160652014,"Steward Berroa","22766",672642
"Ildemaro Vargas ","ARI","1B/2B/3B/DH",999,91,68.9,-11.564017844639,6.739887025601009,-3.824130819038052,"Ildemaro Vargas","13324",545121
"Kemp Alderman ","MIA","OF",999,7,4.2,-10.2037269868442,5.373915990293591,-3.829810996550629,"Kemp Alderman","sa3022562",694580
"Héctor Rodríguez ","CIN","OF",999,7,4.2,-10.2037269868442,5.373915990293591,-3.829810996550629,"Hector Rodriguez","sa3015828",699302
"Rhylan Thomas ","SEA","OF",999,7,4.2,-10.2037269868442,5.373915990293591,-3.829810996550629,"Rhylan Thomas","31793",689041
"Cody Freeman ","TEX","2B/3B/OF",999,189,160.7,-11.5720121234423,6.739887025601009,-3.8321250978412857,"Cody Freeman","25629",683227
"Jose Siri ","LAA","OF",999,35,30.4,-10.2087760075009,5.373915990293591,-3.8348600172073075,"Jose Siri","17452",642350
"Angel Martínez ","CLE","2B/OF",748.5800170898438,280,245.8,-11.5932600873241,6.739887025601009,-3.8533730617230617,"Angel Martinez","26540",682657
"Andrew Pintar ","MIA","OF",999,14,9.7,-10.3066008237074,5.373915990293591,-3.932684833413794,"Andrew Pintar","sa3020715",801464
"Victor Bericoto ","SFG","1B/OF",999,14,9.7,-10.3066008237074,5.373915990293591,-3.932684833413794,"Victor Bericoto","sa3008767",682674
"Blake Dunn ","CIN","OF",999,14,9.7,-10.3066008237074,5.373915990293591,-3.932684833413794,"Blake Dunn","29487",694362
"Justin Dean ","CHC","OF",999,14,9.7,-10.3066008237074,5.373915990293591,-3.932684833413794,"Justin Dean","25005",681909
"Drew Waters ","KCR","OF",999,14,9.7,-10.3066008237074,5.373915990293591,-3.932684833413794,"Drew Waters","20505",671221
"Bryan De La Cruz ","PHI","OF",999,14,9.7,-10.3066008237074,5.373915990293591,-3.932684833413794,"Bryan De La Cruz","19600",650559
"Eloy Jiménez ","TOR","DH/OF",999,14,9.7,-10.3066008237074,5.373915990293591,-3.932684833413794,"Eloy Jimenez","17484",650391
"Triston Casas ","BOS","1B",746.0599975585938,133,162.8,-6.28778912727628,1.3502656588244426,-3.9375234684518396,"Triston Casas","22514",671213
"RJ Schreck ","TOR","OF",999,7,2.6,-10.3585636827665,5.373915990293591,-3.984647692472908,"RJ Schreck","sa3022602",702302
"Ryan Clifford ","NYM","1B/OF",999,7,2.6,-10.3585636827665,5.373915990293591,-3.984647692472908,"Ryan Clifford","sa3020126",691775
"Brennen Davis ","SEA","OF",999,7,2.6,-10.3585636827665,5.373915990293591,-3.984647692472908,"Brennen Davis","sa3007876",680695
"Kristian Robinson ","ARI","OF",999,7,2.6,-10.3585636827665,5.373915990293591,-3.984647692472908,"Kristian Robinson","sa3006884",677565
"Ryan Ward ","LAD","OF",999,7,2.6,-10.3585636827665,5.373915990293591,-3.984647692472908,"Ryan Ward","sa1169792",669899
"Michael Siani ","LAD","OF",999,7,2.6,-10.3585636827665,5.373915990293591,-3.984647692472908,"Michael Siani","22557",672279
"Samad Taylor ","SDP","OF",999,7,2.6,-10.3585636827665,5.373915990293591,-3.984647692472908,"Samad Taylor","22274",669392
"Cristian Pache ","NYM","OF",999,7,2.6,-10.3585636827665,5.373915990293591,-3.984647692472908,"Cristian Pache","19948",665506
"Cavan Biggio ","HOU","1B/OF/DH",999,7,2.6,-10.3585636827665,5.373915990293591,-3.984647692472908,"Cavan Biggio","19252",624415
"Nelson Rada ","LAA","OF",999,70,61.4,-10.3844399194867,5.373915990293591,-4.010523929193149,"Nelson Rada","sa3018421",703185
"TJ Rumfield ","COL","1B",999,420,431.1,-6.3637348227451,1.3502656588244426,-4.013469163920654,"TJ Rumfield","sa3017330",681198
"Ryan Kreidler ","MIN","OF",999,49,41.6,-10.3951690942369,5.373915990293591,-4.021253103943354,"Ryan Kreidler","25867",668952
"Manuel Margot ",,"OF",999,21,14.9,-10.438506541056,5.373915990293591,-4.064590550762388,"Manuel Margot","14712",622534
"Jacob Melton ","TBR","OF",727.5700073242188,140,126.4,-10.4454489386042,5.373915990293591,-4.071532948310559,"Jacob Melton","31661",689200
"Matthew Lugo ","LAA","OF",999,42,34.5,-10.447131953296,5.373915990293591,-4.073215963002468,"Matthew Lugo","25980",683090
"Dairon Blanco ","TEX","OF",999,7,1.5,-10.4650139112131,5.373915990293591,-4.091097920919474,"Dairon Blanco","19779",680118
"Jorbit Vivas ","WSN","2B/3B",999,196,164.4,-11.849077243218,6.739887025601009,-4.109190217617017,"Jorbit Vivas","23917",678391
"Jon Berti ",,"2B/3B",999,133,105.2,-11.8619101804783,6.739887025601009,-4.122023154877344,"Jon Berti","12037",542932
"Austin Barnes ",,"C",999,64,45.3,-11.3980913329796,6.251303906049135,-4.146787426930401,"Austin Barnes","12158",605131
"Mark Canha ","TEX","OF/DH",999,63,53.3,-10.5331757134973,5.373915990293591,-4.159259723203688,"Mark Canha","11445",592192
"Petey Halpin ","CLE","OF",999,49,40.1,-10.5403284966641,5.373915990293591,-4.166412506370491,"Petey Halpin","27931",690984
"Jose Iglesias ",,"2B/3B/SS/DH",999,105,76.7,-12.07943891021,6.84149859559048,-4.237940314619474,"Jose Iglesias","10231",578428
"Nick Allen ","HOU","2B/SS",999,119,89.8,-12.0819634205383,6.84149859559048,-4.240464824947812,"Nick Allen","22277",669397
"Jase Bowen ","SDP","OF",999,7,-0.4,-10.6488824876208,5.373915990293591,-4.274966497327182,"Jase Bowen","sa3011267",687749
"Dominic Fletcher ","PIT","OF",999,7,-0.4,-10.6488824876208,5.373915990293591,-4.274966497327182,"Dominic Fletcher","26149",666150
"Gustavo Campero ","LAA","OF",999,7,-0.4,-10.6488824876208,5.373915990293591,-4.274966497327182,"Gustavo Campero","22707",672569
"Otto Kemp ","PHI","1B/3B/OF",999,231,242.3,-7.48609050598204,2.1942939554119634,-4.291796550570079,"Otto Kemp","31792",805249
"Reese McGuire ","CHW","C",999,134,109.4,-11.5461959935533,6.251303906049135,-4.294892087504093,"Reese McGuire","15674",624512
"Joey Wiemer ","WSN","OF",999,147,130.6,-10.6741275909041,5.373915990293591,-4.300211600610576,"Joey Wiemer","27690",686894
"Kyle Isbel ","KCR","OF",999,490,452.1,-10.6827529797252,5.373915990293591,-4.308836989431606,"Kyle Isbel","21614",664728
"Andrés Chaparro ","WSN","1B",999,259,276.4,-6.72663334052246,1.3502656588244426,-4.376367681698022,"Andres Chaparro","21797",665953
"Nasim Nuñez ","WSN","2B/SS",583.0999755859375,378,330.9,-12.2496330303019,6.84149859559048,-4.408134434711371,"Nasim Nunez","25979",683083
"Rhys Hoskins ","CLE","1B",737.989990234375,399,407.3,-6.761555737301,1.3502656588244426,-4.411290078476558,"Rhys Hoskins","16472",656555
"Santiago Espinal ","LAD","2B/3B/OF",999,133,102.2,-12.1522289853326,6.739887025601009,-4.412341959731618,"Santiago Espinal","19997",669289
"Tommy Pham ",,"OF",999,154,135.7,-10.8157106017479,5.373915990293591,-4.441794611454312,"Tommy Pham","2967",502054
"Tristan Peters ","CHW","OF",999,28,17.5,-10.8220218892783,5.373915990293591,-4.448105898984684,"Tristan Peters","30063",671976
"Enrique Hernández ","LAD","1B/2B/3B/OF",999,168,134.6,-12.1924107883865,6.739887025601009,-4.452523762785467,"Enrique Hernandez","10472",571771
"Bryce Johnson ","SDP","OF",999,140,122.4,-10.8325406784098,5.373915990293591,-4.458624688116258,"Bryce Johnson","20002",669369
"Mauricio Dubón ","ATL","2B/3B/SS/OF",743.3800048828125,448,395.7,-12.3299966364096,6.84149859559048,-4.488498040819067,"Mauricio Dubon","16530",643289
"Ryan Vilade ","TBR","OF",999,203,181.1,-10.8680942086252,5.373915990293591,-4.4941782183316406,"Ryan Vilade","22165",668723
"Brett Sullivan ","COL","C",999,154,125.4,-11.8124718317476,6.251303906049135,-4.561167925698445,"Brett Sullivan","18217",664954
"Tyrone Taylor ","NYM","OF",999,259,232.9,-10.9362560109094,5.373915990293591,-4.562340020615854,"Tyrone Taylor","13675",621438
"Jorge Barrosa ","ARI","OF",999,77,61.7,-10.9905330180973,5.373915990293591,-4.616617027803724,"Jorge Barrosa","23968",678489
"Hunter Feduccia ","TBR","C",999,262,224.6,-12.0116677906188,6.251303906049135,-4.760363884569706,"Hunter Feduccia","23372",676439
"Taylor Walls ","TBR","2B/SS",999,224,182.7,-12.6186324499909,6.84149859559048,-4.777133854400479,"Taylor Walls","22458",670764
"Ryan Mountcastle ","BAL","1B/DH",748.0900268554688,147,167,-7.15159275867231,1.3502656588244426,-4.801327099847862,"Ryan Mountcastle","18373",663624
"Jake Mangum ","PIT","OF",672.4199829101562,371,334.9,-11.2274163114001,5.373915990293591,-4.853500321106557,"Jake Mangum","26202",663968
"Miguel Rojas ","LAD","2B/3B/SS",999,161,121.4,-12.8346885506493,6.84149859559048,-4.993189955058802,"Miguel Rojas","7802",500743
"Brandon Lockridge ","MIL","OF",999,161,136.2,-11.4024491133682,5.373915990293591,-5.028533123074602,"Brandon Lockridge","21496",663604
"Robert Hassell III ","WSN","OF",999,238,208.3,-11.4114952734264,5.373915990293591,-5.037579283132898,"Robert Hassell III","27482",690987
"Nathan Church ","STL","OF",999,217,188.3,-11.441579035167,5.373915990293591,-5.067663044873387,"Nathan Church","31357",701675
"Tyler Austin ","CHC","1B",999,133,150.3,-7.4974508141691,1.3502656588244426,-5.147185155344651,"Tyler Austin","11850",592122
"Miguel Andujar ","SDP","3B/OF/DH",722.9099731445312,357,350.5,-8.44750856796591,2.1942939554119634,-5.253214612553952,"Miguel Andujar","15878",609280
"Tyler Heineman ","TOR","C",999,154,118.2,-12.5092369633978,6.251303906049135,-5.257933057348702,"Tyler Heineman","13897",623168
"Pedro Pagés ","STL","C",748.2899780273438,358,309.2,-12.5349629213306,6.251303906049135,-5.2836590152814855,"Pedro Pages","25782",686780
"James McCann ","ARI","C",999,213,173,-12.5592763804404,6.251303906049135,-5.307972474391214,"James McCann","12859",543510
"Jose Trevino ","CIN","C",999,282,236.7,-12.6553580751238,6.251303906049135,-5.404054169074615,"Jose Trevino","16725",624431
"Abimelec Ortiz ","WSN","1B",999,203,212.1,-7.86813322513106,1.3502656588244426,-5.51786756630662,"Abimelec Ortiz","sa3016926",694673
"Nathaniel Lowe ","CIN","1B/DH",999,161,172.7,-7.87023698764119,1.3502656588244426,-5.5199713288167445,"Nathaniel Lowe","19566",663993
"Ryan McMahon ","NYY","3B",732.8599853515625,490,471.7,-8.78600345467727,2.1942939554119634,-5.591709499265307,"Ryan McMahon","15112",641857
"Kyle Karros ","COL","3B",999,238,233.9,-8.93410813867001,2.1942939554119634,-5.739814183258049,"Kyle Karros","33252",691720
"Braden Montgomery ","CHW","OF",999,140,108.5,-12.1776844742346,5.373915990293591,-5.803768483941063,"Braden Montgomery","sa3038253",695731
"Jesse Winker ",,"DH",999,203,208.1,-8.25522496493676,1.3502656588244426,-5.9049593061123185,"Jesse Winker","13590",608385
"Jacob Young ","WSN","OF",746.0700073242188,385,336.2,-12.3718614541553,5.373915990293591,-5.997945463861709,"Jacob Young","29931",696285
"Javier Báez ","DET","2B/3B/SS/OF",740.6500244140625,448,380.1,-13.8396544216517,6.84149859559048,-5.998155826061292,"Javier Baez","12979",595879
"Nick Fortes ","TBR","C",999,314,258.8,-13.4201046885647,6.251303906049135,-6.168800782515568,"Nick Fortes","21538",663743
"Freddy Fermin ","SDP","C/DH",735.3099975585938,480,413.3,-13.5302214571319,6.251303906049135,-6.278917551082772,"Freddy Fermin","21840",666023
"Myles Straw ","TOR","OF",999,182,142.7,-12.678799973472,5.373915990293591,-6.304883983178348,"Myles Straw","17620",664702
"Tyler Locklear ","ARI","1B",999,154,157.8,-8.67702873932141,1.3502656588244426,-6.3267630804969714,"Tyler Locklear","31396",682988
"Ty France ","SDP","1B/DH",999,112,116.7,-8.84364649124896,1.3502656588244426,-6.493380832424519,"Ty France","17982",664034
"Brett Harris ","ATH","1B/3B",999,77,75,-9.70345298324333,2.1942939554119634,-6.509159027831402,"Brett Harris","29788",695391
"Nicky Lopez ","COL","3B",999,7,8.2,-9.81663524703848,2.1942939554119634,-6.622341291626557,"Nicky Lopez","19339",670032
"Oswaldo Cabrera ","NYY","3B",999,105,100,-9.82462952584177,2.1942939554119634,-6.630335570429788,"Oswaldo Cabrera","21707",665828
"Jeremiah Jackson ","BAL","3B/OF",999,203,191.8,-9.83262380464496,2.1942939554119634,-6.638329849233024,"Jeremiah Jackson","22239",669236
"Deyvison De Los Santos ","MIA","1B/3B",999,91,86.5,-9.86081418949403,2.1942939554119634,-6.666520234082021,"Deyvison De Los Santos","sa3015168",691277
"Jace Jung ","DET","3B",999,35,33.5,-9.9087799091515,2.1942939554119634,-6.714485953739517,"Jace Jung","31437",690291
"Jonah Bride ","TEX","1B/3B/DH",999,14,13.7,-9.9195090839017,2.1942939554119634,-6.725215128489724,"Jonah Bride","24703",681146
"Gio Urshela ",,"3B",999,56,51.9,-10.0335328433333,2.1942939554119634,-6.839238887921308,"Gio Urshela","10681",570482
"Christian Encarnacion-Strand ","CIN","1B/3B",999,7,5.2,-10.1069540518928,2.1942939554119634,-6.912660096480831,"Christian Encarnacion-Strand","30011",687952
"Vimael Machín ","COL","3B",999,7,5.2,-10.1069540518928,2.1942939554119634,-6.912660096480831,"Vimael Machin","17684",605353
"Luis Campusano ","SDP","DH",999,182,177.7,-9.29174725017208,1.3502656588244426,-6.941481591347627,"Luis Campusano","22217",669134
"Nate Eaton ","BOS","3B/OF",999,63,56.4,-10.2331796151478,2.1942939554119634,-7.038885659735898,"Nate Eaton","25055",681987
"Adam Frazier ","LAA","2B/3B/OF/DH",999,259,192.6,-14.8362052894519,6.739887025601009,-7.096318263850858,"Adam Frazier","15223",624428
"A.J. Vukovich ","ARI","3B/OF",999,14,9.7,-10.3066008237074,2.1942939554119634,-7.112306868295422,"A.J. Vukovich","sa3014525",691021
"Bryan Ramos ","BAL","3B",999,14,9.7,-10.3066008237074,2.1942939554119634,-7.112306868295422,"Bryan Ramos","25621",682868
"Jose Miranda ","SDP","3B",999,14,9.7,-10.3066008237074,2.1942939554119634,-7.112306868295422,"Jose Miranda","20538",669304
"Christian Vázquez ","HOU","C",999,160,104.5,-14.3794190114575,6.251303906049135,-7.128115105408366,"Christian Vazquez","9774",543877
"Nacho Alvarez Jr. ","ATL","3B",999,7,2.6,-10.3585636827665,2.1942939554119634,-7.164269727354535,"Nacho Alvarez Jr.","31765",805373
"Anthony Seigler ","BOS","3B",999,7,2.6,-10.3585636827665,2.1942939554119634,-7.164269727354535,"Anthony Seigler","23802",678011
"Patrick Wisdom ","SEA","3B",999,7,2.6,-10.3585636827665,2.1942939554119634,-7.164269727354535,"Patrick Wisdom","13602",621550
"Brady House ","WSN","3B",710.1199951171875,546,506.7,-10.4799505641454,2.1942939554119634,-7.285656608733456,"Brady House","29993",691781
"Blaine Crim ","COL","1B",999,133,126.8,-9.77161478552756,1.3502656588244426,-7.421349126703134,"Blaine Crim","25714",688760
"Matt Mervis ","WSN","1B/DH",999,21,21.7,-9.78045058338631,1.3502656588244426,-7.43018492456185,"Matt Mervis","27845",670223
"Jonathon Long ","CHC","1B",999,7,8.2,-9.81663524703848,1.3502656588244426,-7.466369588214079,"Jonathon Long","sa3022864",675085
"Rowdy Tellez ","ATL","1B/DH",999,35,34.1,-9.85071614818064,1.3502656588244426,-7.500450489356183,"Rowdy Tellez","15679",642133
"Brock Wilken ","MIL","3B",999,42,30.5,-10.8342236931018,2.1942939554119634,-7.639929737689796,"Brock Wilken","sa3022499",694385
"Yohandy Morales ","WSN","1B/3B",999,56,43.4,-10.8561027904204,2.1942939554119634,-7.661808835008419,"Yohandy Morales","sa3022672",691002
"Austin Hedges ","CLE","C",999,141,80.7,-14.9587042057551,6.251303906049135,-7.707400299705988,"Austin Hedges","12976",595978
"Tim Elko ","CHW","1B",999,7,4.2,-10.2037269868442,1.3502656588244426,-7.85346132801978,"Tim Elko","31522",671284
"Justin Foscue ","TEX","1B/DH",999,14,10.7,-10.209827888756,1.3502656588244426,-7.8595622299315195,"Justin Foscue","27501",679822
"Kris Bryant ","COL","DH",999,14,10.7,-10.209827888756,1.3502656588244426,-7.8595622299315195,"Kris Bryant","15429",592178
"Rafael Flores Jr. ","PIT","1B",999,47,41.2,-10.2524139884758,1.3502656588244426,-7.902148329651357,"Rafael Flores Jr.","31991",804668
"Jared Young ","NYM","DH",999,7,2.6,-10.3585636827665,1.3502656588244426,-8.008298023942057,"Jared Young","20404",676724
"Ben Williamson ","TBR","3B",999,266,235.6,-11.3100940656366,2.1942939554119634,-8.115800110224635,"Ben Williamson","33197",810938
"Nolan Arenado ","ARI","3B",638.0599975585938,609,548.3,-11.3537320231924,2.1942939554119634,-8.159438067780487,"Nolan Arenado","9777",571448
"Bryce Eldridge ","SFG","DH",999,315,289.4,-10.549585018922,1.3502656588244426,-8.199319360097515,"Bryce Eldridge","33390",805811
"Jeimer Candelario ","LAA","1B/3B",999,168,142.5,-11.4279046022702,2.1942939554119634,-8.233610646858255,"Jeimer Candelario","13621",600869
"Tre' Morgan ","TBR","1B",999,21,13.3,-10.5933432369782,1.3502656588244426,-8.243077578153814,"Tre' Morgan","sa3022919",691003
"Dominic Smith ","ATL","1B/DH",999,210,189.3,-10.7096811211196,1.3502656588244426,-8.35941546229511,"Dominic Smith","15653",642086
"David Fry ","CLE","DH",999,192,171.8,-10.7700289650941,1.3502656588244426,-8.419763306269607,"David Fry","24934",681807
"Ke'Bryan Hayes ","CIN","3B",999,539,486,-11.8480253385439,2.1942939554119634,-8.653731383131948,"Ke'Bryan Hayes","18577",663647
"Wilmer Flores ",,"1B/DH",999,161,139.8,-11.054066547543,1.3502656588244426,-8.703800888718622,"Wilmer Flores","5827",527038
"Patrick Bailey ","SFG","C",747.8900146484375,525,429.5,-16.0454462051074,6.251303906049135,-8.794142299058276,"Patrick Bailey","27478",672275
"Victor Scott II ","STL","OF",391.1300048828125,574,482.4,-15.372032799849,5.373915990293591,-8.998116809555462,"Victor Scott II","31349",687363
"Bryce Teodosio ","LAA","OF",999,259,186.5,-15.4265201926555,5.373915990293591,-9.052604202361968,"Bryce Teodosio","29524",669326
"Carlos Santana ","ARI","1B/DH",999,357,301.7,-13.1700277935955,1.3502656588244426,-10.819762134771006,"Carlos Santana","2396",467793